EnglishDayNameOfWeek,EnglishMonthName,FrenchDayNameOfWeek,FrenchMonthName,SpanishDayNameOfWeek,SpanishMonthName,Sum of CalendarQuarter,Sum of CalendarSemester,Sum of CalendarYear,DateKey,Sum of DayNumberOfMonth,Sum of DayNumberOfWeek,Sum of DayNumberOfYear,Sum of FiscalQuarter,Sum of FiscalYear,Năm,Quý,Tháng,Ngày,Sum of MonthNumberOfYear,Sum of FiscalSemester,Sum of WeekNumberOfYear
Friday,April,Vendredi,Avril,Viernes,Abril,2,1,2005,20050401,1,6,91,4,2005,2005,Qtr 2,Tháng Tư,1,4,2,14
Friday,April,Vendredi,Avril,Viernes,Abril,2,1,2005,20050408,8,6,98,4,2005,2005,Qtr 2,Tháng Tư,8,4,2,15
Friday,April,Vendredi,Avril,Viernes,Abril,2,1,2005,20050415,15,6,105,4,2005,2005,Qtr 2,Tháng Tư,15,4,2,16
Friday,April,Vendredi,Avril,Viernes,Abril,2,1,2005,20050422,22,6,112,4,2005,2005,Qtr 2,Tháng Tư,22,4,2,17
Friday,April,Vendredi,Avril,Viernes,Abril,2,1,2005,20050429,29,6,119,4,2005,2005,Qtr 2,Tháng Tư,29,4,2,18
Friday,April,Vendredi,Avril,Viernes,Abril,2,1,2006,20060407,7,6,97,4,2006,2006,Qtr 2,Tháng Tư,7,4,2,14
Friday,April,Vendredi,Avril,Viernes,Abril,2,1,2006,20060414,14,6,104,4,2006,2006,Qtr 2,Tháng Tư,14,4,2,15
Friday,April,Vendredi,Avril,Viernes,Abril,2,1,2006,20060421,21,6,111,4,2006,2006,Qtr 2,Tháng Tư,21,4,2,16
Friday,April,Vendredi,Avril,Viernes,Abril,2,1,2006,20060428,28,6,118,4,2006,2006,Qtr 2,Tháng Tư,28,4,2,17
Friday,April,Vendredi,Avril,Viernes,Abril,2,1,2007,20070406,6,6,96,4,2007,2007,Qtr 2,Tháng Tư,6,4,2,14
Friday,April,Vendredi,Avril,Viernes,Abril,2,1,2007,20070413,13,6,103,4,2007,2007,Qtr 2,Tháng Tư,13,4,2,15
Friday,April,Vendredi,Avril,Viernes,Abril,2,1,2007,20070420,20,6,110,4,2007,2007,Qtr 2,Tháng Tư,20,4,2,16
Friday,April,Vendredi,Avril,Viernes,Abril,2,1,2007,20070427,27,6,117,4,2007,2007,Qtr 2,Tháng Tư,27,4,2,17
Friday,April,Vendredi,Avril,Viernes,Abril,2,1,2008,20080404,4,6,95,4,2008,2008,Qtr 2,Tháng Tư,4,4,2,14
Friday,April,Vendredi,Avril,Viernes,Abril,2,1,2008,20080411,11,6,102,4,2008,2008,Qtr 2,Tháng Tư,11,4,2,15
Friday,April,Vendredi,Avril,Viernes,Abril,2,1,2008,20080418,18,6,109,4,2008,2008,Qtr 2,Tháng Tư,18,4,2,16
Friday,April,Vendredi,Avril,Viernes,Abril,2,1,2008,20080425,25,6,116,4,2008,2008,Qtr 2,Tháng Tư,25,4,2,17
Friday,April,Vendredi,Avril,Viernes,Abril,2,1,2009,20090403,3,6,93,4,2009,2009,Qtr 2,Tháng Tư,3,4,2,14
Friday,April,Vendredi,Avril,Viernes,Abril,2,1,2009,20090410,10,6,100,4,2009,2009,Qtr 2,Tháng Tư,10,4,2,15
Friday,April,Vendredi,Avril,Viernes,Abril,2,1,2009,20090417,17,6,107,4,2009,2009,Qtr 2,Tháng Tư,17,4,2,16
Friday,April,Vendredi,Avril,Viernes,Abril,2,1,2009,20090424,24,6,114,4,2009,2009,Qtr 2,Tháng Tư,24,4,2,17
Friday,April,Vendredi,Avril,Viernes,Abril,2,1,2010,20100402,2,6,92,4,2010,2010,Qtr 2,Tháng Tư,2,4,2,14
Friday,April,Vendredi,Avril,Viernes,Abril,2,1,2010,20100409,9,6,99,4,2010,2010,Qtr 2,Tháng Tư,9,4,2,15
Friday,April,Vendredi,Avril,Viernes,Abril,2,1,2010,20100416,16,6,106,4,2010,2010,Qtr 2,Tháng Tư,16,4,2,16
Friday,April,Vendredi,Avril,Viernes,Abril,2,1,2010,20100423,23,6,113,4,2010,2010,Qtr 2,Tháng Tư,23,4,2,17
Friday,April,Vendredi,Avril,Viernes,Abril,2,1,2010,20100430,30,6,120,4,2010,2010,Qtr 2,Tháng Tư,30,4,2,18
Friday,April,Vendredi,Avril,Viernes,Abril,2,1,2011,20110401,1,6,91,4,2010,2011,Qtr 2,Tháng Tư,1,4,2,14
Friday,April,Vendredi,Avril,Viernes,Abril,2,1,2011,20110408,8,6,98,4,2010,2011,Qtr 2,Tháng Tư,8,4,2,15
Friday,April,Vendredi,Avril,Viernes,Abril,2,1,2011,20110415,15,6,105,4,2010,2011,Qtr 2,Tháng Tư,15,4,2,16
Friday,April,Vendredi,Avril,Viernes,Abril,2,1,2011,20110422,22,6,112,4,2010,2011,Qtr 2,Tháng Tư,22,4,2,17
Friday,April,Vendredi,Avril,Viernes,Abril,2,1,2011,20110429,29,6,119,4,2010,2011,Qtr 2,Tháng Tư,29,4,2,18
Friday,April,Vendredi,Avril,Viernes,Abril,2,1,2012,20120406,6,6,97,4,2011,2012,Qtr 2,Tháng Tư,6,4,2,14
Friday,April,Vendredi,Avril,Viernes,Abril,2,1,2012,20120413,13,6,104,4,2011,2012,Qtr 2,Tháng Tư,13,4,2,15
Friday,April,Vendredi,Avril,Viernes,Abril,2,1,2012,20120420,20,6,111,4,2011,2012,Qtr 2,Tháng Tư,20,4,2,16
Friday,April,Vendredi,Avril,Viernes,Abril,2,1,2012,20120427,27,6,118,4,2011,2012,Qtr 2,Tháng Tư,27,4,2,17
Friday,April,Vendredi,Avril,Viernes,Abril,2,1,2013,20130405,5,6,95,4,2012,2013,Qtr 2,Tháng Tư,5,4,2,14
Friday,April,Vendredi,Avril,Viernes,Abril,2,1,2013,20130412,12,6,102,4,2012,2013,Qtr 2,Tháng Tư,12,4,2,15
Friday,April,Vendredi,Avril,Viernes,Abril,2,1,2013,20130419,19,6,109,4,2012,2013,Qtr 2,Tháng Tư,19,4,2,16
Friday,April,Vendredi,Avril,Viernes,Abril,2,1,2013,20130426,26,6,116,4,2012,2013,Qtr 2,Tháng Tư,26,4,2,17
Friday,April,Vendredi,Avril,Viernes,Abril,2,1,2014,20140404,4,6,94,4,2013,2014,Qtr 2,Tháng Tư,4,4,2,14
Friday,April,Vendredi,Avril,Viernes,Abril,2,1,2014,20140411,11,6,101,4,2013,2014,Qtr 2,Tháng Tư,11,4,2,15
Friday,April,Vendredi,Avril,Viernes,Abril,2,1,2014,20140418,18,6,108,4,2013,2014,Qtr 2,Tháng Tư,18,4,2,16
Friday,April,Vendredi,Avril,Viernes,Abril,2,1,2014,20140425,25,6,115,4,2013,2014,Qtr 2,Tháng Tư,25,4,2,17
Friday,August,Vendredi,Août,Viernes,Agosto,3,2,2005,20050805,5,6,217,1,2006,2005,Qtr 3,Tháng Tám,5,8,1,32
Friday,August,Vendredi,Août,Viernes,Agosto,3,2,2005,20050812,12,6,224,1,2006,2005,Qtr 3,Tháng Tám,12,8,1,33
Friday,August,Vendredi,Août,Viernes,Agosto,3,2,2005,20050819,19,6,231,1,2006,2005,Qtr 3,Tháng Tám,19,8,1,34
Friday,August,Vendredi,Août,Viernes,Agosto,3,2,2005,20050826,26,6,238,1,2006,2005,Qtr 3,Tháng Tám,26,8,1,35
Friday,August,Vendredi,Août,Viernes,Agosto,3,2,2006,20060804,4,6,216,1,2007,2006,Qtr 3,Tháng Tám,4,8,1,31
Friday,August,Vendredi,Août,Viernes,Agosto,3,2,2006,20060811,11,6,223,1,2007,2006,Qtr 3,Tháng Tám,11,8,1,32
Friday,August,Vendredi,Août,Viernes,Agosto,3,2,2006,20060818,18,6,230,1,2007,2006,Qtr 3,Tháng Tám,18,8,1,33
Friday,August,Vendredi,Août,Viernes,Agosto,3,2,2006,20060825,25,6,237,1,2007,2006,Qtr 3,Tháng Tám,25,8,1,34
Friday,August,Vendredi,Août,Viernes,Agosto,3,2,2007,20070803,3,6,215,1,2008,2007,Qtr 3,Tháng Tám,3,8,1,31
Friday,August,Vendredi,Août,Viernes,Agosto,3,2,2007,20070810,10,6,222,1,2008,2007,Qtr 3,Tháng Tám,10,8,1,32
Friday,August,Vendredi,Août,Viernes,Agosto,3,2,2007,20070817,17,6,229,1,2008,2007,Qtr 3,Tháng Tám,17,8,1,33
Friday,August,Vendredi,Août,Viernes,Agosto,3,2,2007,20070824,24,6,236,1,2008,2007,Qtr 3,Tháng Tám,24,8,1,34
Friday,August,Vendredi,Août,Viernes,Agosto,3,2,2007,20070831,31,6,243,1,2008,2007,Qtr 3,Tháng Tám,31,8,1,35
Friday,August,Vendredi,Août,Viernes,Agosto,3,2,2008,20080801,1,6,214,1,2009,2008,Qtr 3,Tháng Tám,1,8,1,31
Friday,August,Vendredi,Août,Viernes,Agosto,3,2,2008,20080808,8,6,221,1,2009,2008,Qtr 3,Tháng Tám,8,8,1,32
Friday,August,Vendredi,Août,Viernes,Agosto,3,2,2008,20080815,15,6,228,1,2009,2008,Qtr 3,Tháng Tám,15,8,1,33
Friday,August,Vendredi,Août,Viernes,Agosto,3,2,2008,20080822,22,6,235,1,2009,2008,Qtr 3,Tháng Tám,22,8,1,34
Friday,August,Vendredi,Août,Viernes,Agosto,3,2,2008,20080829,29,6,242,1,2009,2008,Qtr 3,Tháng Tám,29,8,1,35
Friday,August,Vendredi,Août,Viernes,Agosto,3,2,2009,20090807,7,6,219,1,2010,2009,Qtr 3,Tháng Tám,7,8,1,32
Friday,August,Vendredi,Août,Viernes,Agosto,3,2,2009,20090814,14,6,226,1,2010,2009,Qtr 3,Tháng Tám,14,8,1,33
Friday,August,Vendredi,Août,Viernes,Agosto,3,2,2009,20090821,21,6,233,1,2010,2009,Qtr 3,Tháng Tám,21,8,1,34
Friday,August,Vendredi,Août,Viernes,Agosto,3,2,2009,20090828,28,6,240,1,2010,2009,Qtr 3,Tháng Tám,28,8,1,35
Friday,August,Vendredi,Août,Viernes,Agosto,3,2,2010,20100806,6,6,218,1,2011,2010,Qtr 3,Tháng Tám,6,8,1,32
Friday,August,Vendredi,Août,Viernes,Agosto,3,2,2010,20100813,13,6,225,1,2011,2010,Qtr 3,Tháng Tám,13,8,1,33
Friday,August,Vendredi,Août,Viernes,Agosto,3,2,2010,20100820,20,6,232,1,2011,2010,Qtr 3,Tháng Tám,20,8,1,34
Friday,August,Vendredi,Août,Viernes,Agosto,3,2,2010,20100827,27,6,239,1,2011,2010,Qtr 3,Tháng Tám,27,8,1,35
Friday,August,Vendredi,Août,Viernes,Agosto,3,2,2011,20110805,5,6,217,1,2011,2011,Qtr 3,Tháng Tám,5,8,1,32
Friday,August,Vendredi,Août,Viernes,Agosto,3,2,2011,20110812,12,6,224,1,2011,2011,Qtr 3,Tháng Tám,12,8,1,33
Friday,August,Vendredi,Août,Viernes,Agosto,3,2,2011,20110819,19,6,231,1,2011,2011,Qtr 3,Tháng Tám,19,8,1,34
Friday,August,Vendredi,Août,Viernes,Agosto,3,2,2011,20110826,26,6,238,1,2011,2011,Qtr 3,Tháng Tám,26,8,1,35
Friday,August,Vendredi,Août,Viernes,Agosto,3,2,2012,20120803,3,6,216,1,2012,2012,Qtr 3,Tháng Tám,3,8,1,31
Friday,August,Vendredi,Août,Viernes,Agosto,3,2,2012,20120810,10,6,223,1,2012,2012,Qtr 3,Tháng Tám,10,8,1,32
Friday,August,Vendredi,Août,Viernes,Agosto,3,2,2012,20120817,17,6,230,1,2012,2012,Qtr 3,Tháng Tám,17,8,1,33
Friday,August,Vendredi,Août,Viernes,Agosto,3,2,2012,20120824,24,6,237,1,2012,2012,Qtr 3,Tháng Tám,24,8,1,34
Friday,August,Vendredi,Août,Viernes,Agosto,3,2,2012,20120831,31,6,244,1,2012,2012,Qtr 3,Tháng Tám,31,8,1,35
Friday,August,Vendredi,Août,Viernes,Agosto,3,2,2013,20130802,2,6,214,1,2013,2013,Qtr 3,Tháng Tám,2,8,1,31
Friday,August,Vendredi,Août,Viernes,Agosto,3,2,2013,20130809,9,6,221,1,2013,2013,Qtr 3,Tháng Tám,9,8,1,32
Friday,August,Vendredi,Août,Viernes,Agosto,3,2,2013,20130816,16,6,228,1,2013,2013,Qtr 3,Tháng Tám,16,8,1,33
Friday,August,Vendredi,Août,Viernes,Agosto,3,2,2013,20130823,23,6,235,1,2013,2013,Qtr 3,Tháng Tám,23,8,1,34
Friday,August,Vendredi,Août,Viernes,Agosto,3,2,2013,20130830,30,6,242,1,2013,2013,Qtr 3,Tháng Tám,30,8,1,35
Friday,August,Vendredi,Août,Viernes,Agosto,3,2,2014,20140801,1,6,213,1,2014,2014,Qtr 3,Tháng Tám,1,8,1,31
Friday,August,Vendredi,Août,Viernes,Agosto,3,2,2014,20140808,8,6,220,1,2014,2014,Qtr 3,Tháng Tám,8,8,1,32
Friday,August,Vendredi,Août,Viernes,Agosto,3,2,2014,20140815,15,6,227,1,2014,2014,Qtr 3,Tháng Tám,15,8,1,33
Friday,August,Vendredi,Août,Viernes,Agosto,3,2,2014,20140822,22,6,234,1,2014,2014,Qtr 3,Tháng Tám,22,8,1,34
Friday,August,Vendredi,Août,Viernes,Agosto,3,2,2014,20140829,29,6,241,1,2014,2014,Qtr 3,Tháng Tám,29,8,1,35
Friday,December,Vendredi,Décembre,Viernes,Diciembre,4,2,2005,20051202,2,6,336,2,2006,2005,Qtr 4,Tháng Mười Hai,2,12,1,49
Friday,December,Vendredi,Décembre,Viernes,Diciembre,4,2,2005,20051209,9,6,343,2,2006,2005,Qtr 4,Tháng Mười Hai,9,12,1,50
Friday,December,Vendredi,Décembre,Viernes,Diciembre,4,2,2005,20051216,16,6,350,2,2006,2005,Qtr 4,Tháng Mười Hai,16,12,1,51
Friday,December,Vendredi,Décembre,Viernes,Diciembre,4,2,2005,20051223,23,6,357,2,2006,2005,Qtr 4,Tháng Mười Hai,23,12,1,52
Friday,December,Vendredi,Décembre,Viernes,Diciembre,4,2,2005,20051230,30,6,364,2,2006,2005,Qtr 4,Tháng Mười Hai,30,12,1,53
Friday,December,Vendredi,Décembre,Viernes,Diciembre,4,2,2006,20061201,1,6,335,2,2007,2006,Qtr 4,Tháng Mười Hai,1,12,1,48
Friday,December,Vendredi,Décembre,Viernes,Diciembre,4,2,2006,20061208,8,6,342,2,2007,2006,Qtr 4,Tháng Mười Hai,8,12,1,49
Friday,December,Vendredi,Décembre,Viernes,Diciembre,4,2,2006,20061215,15,6,349,2,2007,2006,Qtr 4,Tháng Mười Hai,15,12,1,50
Friday,December,Vendredi,Décembre,Viernes,Diciembre,4,2,2006,20061222,22,6,356,2,2007,2006,Qtr 4,Tháng Mười Hai,22,12,1,51
Friday,December,Vendredi,Décembre,Viernes,Diciembre,4,2,2006,20061229,29,6,363,2,2007,2006,Qtr 4,Tháng Mười Hai,29,12,1,52
Friday,December,Vendredi,Décembre,Viernes,Diciembre,4,2,2007,20071207,7,6,341,2,2008,2007,Qtr 4,Tháng Mười Hai,7,12,1,49
Friday,December,Vendredi,Décembre,Viernes,Diciembre,4,2,2007,20071214,14,6,348,2,2008,2007,Qtr 4,Tháng Mười Hai,14,12,1,50
Friday,December,Vendredi,Décembre,Viernes,Diciembre,4,2,2007,20071221,21,6,355,2,2008,2007,Qtr 4,Tháng Mười Hai,21,12,1,51
Friday,December,Vendredi,Décembre,Viernes,Diciembre,4,2,2007,20071228,28,6,362,2,2008,2007,Qtr 4,Tháng Mười Hai,28,12,1,52
Friday,December,Vendredi,Décembre,Viernes,Diciembre,4,2,2008,20081205,5,6,340,2,2009,2008,Qtr 4,Tháng Mười Hai,5,12,1,49
Friday,December,Vendredi,Décembre,Viernes,Diciembre,4,2,2008,20081212,12,6,347,2,2009,2008,Qtr 4,Tháng Mười Hai,12,12,1,50
Friday,December,Vendredi,Décembre,Viernes,Diciembre,4,2,2008,20081219,19,6,354,2,2009,2008,Qtr 4,Tháng Mười Hai,19,12,1,51
Friday,December,Vendredi,Décembre,Viernes,Diciembre,4,2,2008,20081226,26,6,361,2,2009,2008,Qtr 4,Tháng Mười Hai,26,12,1,52
Friday,December,Vendredi,Décembre,Viernes,Diciembre,4,2,2009,20091204,4,6,338,2,2010,2009,Qtr 4,Tháng Mười Hai,4,12,1,49
Friday,December,Vendredi,Décembre,Viernes,Diciembre,4,2,2009,20091211,11,6,345,2,2010,2009,Qtr 4,Tháng Mười Hai,11,12,1,50
Friday,December,Vendredi,Décembre,Viernes,Diciembre,4,2,2009,20091218,18,6,352,2,2010,2009,Qtr 4,Tháng Mười Hai,18,12,1,51
Friday,December,Vendredi,Décembre,Viernes,Diciembre,4,2,2009,20091225,25,6,359,2,2010,2009,Qtr 4,Tháng Mười Hai,25,12,1,52
Friday,December,Vendredi,Décembre,Viernes,Diciembre,4,2,2010,20101203,3,6,337,2,2011,2010,Qtr 4,Tháng Mười Hai,3,12,1,49
Friday,December,Vendredi,Décembre,Viernes,Diciembre,4,2,2010,20101210,10,6,344,2,2011,2010,Qtr 4,Tháng Mười Hai,10,12,1,50
Friday,December,Vendredi,Décembre,Viernes,Diciembre,4,2,2010,20101217,17,6,351,2,2011,2010,Qtr 4,Tháng Mười Hai,17,12,1,51
Friday,December,Vendredi,Décembre,Viernes,Diciembre,4,2,2010,20101224,24,6,358,2,2011,2010,Qtr 4,Tháng Mười Hai,24,12,1,52
Friday,December,Vendredi,Décembre,Viernes,Diciembre,4,2,2010,20101231,31,6,365,2,2011,2010,Qtr 4,Tháng Mười Hai,31,12,1,53
Friday,December,Vendredi,Décembre,Viernes,Diciembre,4,2,2011,20111202,2,6,336,2,2011,2011,Qtr 4,Tháng Mười Hai,2,12,1,49
Friday,December,Vendredi,Décembre,Viernes,Diciembre,4,2,2011,20111209,9,6,343,2,2011,2011,Qtr 4,Tháng Mười Hai,9,12,1,50
Friday,December,Vendredi,Décembre,Viernes,Diciembre,4,2,2011,20111216,16,6,350,2,2011,2011,Qtr 4,Tháng Mười Hai,16,12,1,51
Friday,December,Vendredi,Décembre,Viernes,Diciembre,4,2,2011,20111223,23,6,357,2,2011,2011,Qtr 4,Tháng Mười Hai,23,12,1,52
Friday,December,Vendredi,Décembre,Viernes,Diciembre,4,2,2011,20111230,30,6,364,2,2011,2011,Qtr 4,Tháng Mười Hai,30,12,1,53
Friday,December,Vendredi,Décembre,Viernes,Diciembre,4,2,2012,20121207,7,6,342,2,2012,2012,Qtr 4,Tháng Mười Hai,7,12,1,49
Friday,December,Vendredi,Décembre,Viernes,Diciembre,4,2,2012,20121214,14,6,349,2,2012,2012,Qtr 4,Tháng Mười Hai,14,12,1,50
Friday,December,Vendredi,Décembre,Viernes,Diciembre,4,2,2012,20121221,21,6,356,2,2012,2012,Qtr 4,Tháng Mười Hai,21,12,1,51
Friday,December,Vendredi,Décembre,Viernes,Diciembre,4,2,2012,20121228,28,6,363,2,2012,2012,Qtr 4,Tháng Mười Hai,28,12,1,52
Friday,December,Vendredi,Décembre,Viernes,Diciembre,4,2,2013,20131206,6,6,340,2,2013,2013,Qtr 4,Tháng Mười Hai,6,12,1,49
Friday,December,Vendredi,Décembre,Viernes,Diciembre,4,2,2013,20131213,13,6,347,2,2013,2013,Qtr 4,Tháng Mười Hai,13,12,1,50
Friday,December,Vendredi,Décembre,Viernes,Diciembre,4,2,2013,20131220,20,6,354,2,2013,2013,Qtr 4,Tháng Mười Hai,20,12,1,51
Friday,December,Vendredi,Décembre,Viernes,Diciembre,4,2,2013,20131227,27,6,361,2,2013,2013,Qtr 4,Tháng Mười Hai,27,12,1,52
Friday,December,Vendredi,Décembre,Viernes,Diciembre,4,2,2014,20141205,5,6,339,2,2014,2014,Qtr 4,Tháng Mười Hai,5,12,1,49
Friday,December,Vendredi,Décembre,Viernes,Diciembre,4,2,2014,20141212,12,6,346,2,2014,2014,Qtr 4,Tháng Mười Hai,12,12,1,50
Friday,December,Vendredi,Décembre,Viernes,Diciembre,4,2,2014,20141219,19,6,353,2,2014,2014,Qtr 4,Tháng Mười Hai,19,12,1,51
Friday,December,Vendredi,Décembre,Viernes,Diciembre,4,2,2014,20141226,26,6,360,2,2014,2014,Qtr 4,Tháng Mười Hai,26,12,1,52
Friday,February,Vendredi,Février,Viernes,Febrero,1,1,2005,20050204,4,6,35,3,2005,2005,Qtr 1,Tháng Hai,4,2,2,6
Friday,February,Vendredi,Février,Viernes,Febrero,1,1,2005,20050211,11,6,42,3,2005,2005,Qtr 1,Tháng Hai,11,2,2,7
Friday,February,Vendredi,Février,Viernes,Febrero,1,1,2005,20050218,18,6,49,3,2005,2005,Qtr 1,Tháng Hai,18,2,2,8
Friday,February,Vendredi,Février,Viernes,Febrero,1,1,2005,20050225,25,6,56,3,2005,2005,Qtr 1,Tháng Hai,25,2,2,9
Friday,February,Vendredi,Février,Viernes,Febrero,1,1,2006,20060203,3,6,34,3,2006,2006,Qtr 1,Tháng Hai,3,2,2,5
Friday,February,Vendredi,Février,Viernes,Febrero,1,1,2006,20060210,10,6,41,3,2006,2006,Qtr 1,Tháng Hai,10,2,2,6
Friday,February,Vendredi,Février,Viernes,Febrero,1,1,2006,20060217,17,6,48,3,2006,2006,Qtr 1,Tháng Hai,17,2,2,7
Friday,February,Vendredi,Février,Viernes,Febrero,1,1,2006,20060224,24,6,55,3,2006,2006,Qtr 1,Tháng Hai,24,2,2,8
Friday,February,Vendredi,Février,Viernes,Febrero,1,1,2007,20070202,2,6,33,3,2007,2007,Qtr 1,Tháng Hai,2,2,2,5
Friday,February,Vendredi,Février,Viernes,Febrero,1,1,2007,20070209,9,6,40,3,2007,2007,Qtr 1,Tháng Hai,9,2,2,6
Friday,February,Vendredi,Février,Viernes,Febrero,1,1,2007,20070216,16,6,47,3,2007,2007,Qtr 1,Tháng Hai,16,2,2,7
Friday,February,Vendredi,Février,Viernes,Febrero,1,1,2007,20070223,23,6,54,3,2007,2007,Qtr 1,Tháng Hai,23,2,2,8
Friday,February,Vendredi,Février,Viernes,Febrero,1,1,2008,20080201,1,6,32,3,2008,2008,Qtr 1,Tháng Hai,1,2,2,5
Friday,February,Vendredi,Février,Viernes,Febrero,1,1,2008,20080208,8,6,39,3,2008,2008,Qtr 1,Tháng Hai,8,2,2,6
Friday,February,Vendredi,Février,Viernes,Febrero,1,1,2008,20080215,15,6,46,3,2008,2008,Qtr 1,Tháng Hai,15,2,2,7
Friday,February,Vendredi,Février,Viernes,Febrero,1,1,2008,20080222,22,6,53,3,2008,2008,Qtr 1,Tháng Hai,22,2,2,8
Friday,February,Vendredi,Février,Viernes,Febrero,1,1,2008,20080229,29,6,60,3,2008,2008,Qtr 1,Tháng Hai,29,2,2,9
Friday,February,Vendredi,Février,Viernes,Febrero,1,1,2009,20090206,6,6,37,3,2009,2009,Qtr 1,Tháng Hai,6,2,2,6
Friday,February,Vendredi,Février,Viernes,Febrero,1,1,2009,20090213,13,6,44,3,2009,2009,Qtr 1,Tháng Hai,13,2,2,7
Friday,February,Vendredi,Février,Viernes,Febrero,1,1,2009,20090220,20,6,51,3,2009,2009,Qtr 1,Tháng Hai,20,2,2,8
Friday,February,Vendredi,Février,Viernes,Febrero,1,1,2009,20090227,27,6,58,3,2009,2009,Qtr 1,Tháng Hai,27,2,2,9
Friday,February,Vendredi,Février,Viernes,Febrero,1,1,2010,20100205,5,6,36,3,2010,2010,Qtr 1,Tháng Hai,5,2,2,6
Friday,February,Vendredi,Février,Viernes,Febrero,1,1,2010,20100212,12,6,43,3,2010,2010,Qtr 1,Tháng Hai,12,2,2,7
Friday,February,Vendredi,Février,Viernes,Febrero,1,1,2010,20100219,19,6,50,3,2010,2010,Qtr 1,Tháng Hai,19,2,2,8
Friday,February,Vendredi,Février,Viernes,Febrero,1,1,2010,20100226,26,6,57,3,2010,2010,Qtr 1,Tháng Hai,26,2,2,9
Friday,February,Vendredi,Février,Viernes,Febrero,1,1,2011,20110204,4,6,35,3,2010,2011,Qtr 1,Tháng Hai,4,2,2,6
Friday,February,Vendredi,Février,Viernes,Febrero,1,1,2011,20110211,11,6,42,3,2010,2011,Qtr 1,Tháng Hai,11,2,2,7
Friday,February,Vendredi,Février,Viernes,Febrero,1,1,2011,20110218,18,6,49,3,2010,2011,Qtr 1,Tháng Hai,18,2,2,8
Friday,February,Vendredi,Février,Viernes,Febrero,1,1,2011,20110225,25,6,56,3,2010,2011,Qtr 1,Tháng Hai,25,2,2,9
Friday,February,Vendredi,Février,Viernes,Febrero,1,1,2012,20120203,3,6,34,3,2011,2012,Qtr 1,Tháng Hai,3,2,2,5
Friday,February,Vendredi,Février,Viernes,Febrero,1,1,2012,20120210,10,6,41,3,2011,2012,Qtr 1,Tháng Hai,10,2,2,6
Friday,February,Vendredi,Février,Viernes,Febrero,1,1,2012,20120217,17,6,48,3,2011,2012,Qtr 1,Tháng Hai,17,2,2,7
Friday,February,Vendredi,Février,Viernes,Febrero,1,1,2012,20120224,24,6,55,3,2011,2012,Qtr 1,Tháng Hai,24,2,2,8
Friday,February,Vendredi,Février,Viernes,Febrero,1,1,2013,20130201,1,6,32,3,2012,2013,Qtr 1,Tháng Hai,1,2,2,5
Friday,February,Vendredi,Février,Viernes,Febrero,1,1,2013,20130208,8,6,39,3,2012,2013,Qtr 1,Tháng Hai,8,2,2,6
Friday,February,Vendredi,Février,Viernes,Febrero,1,1,2013,20130215,15,6,46,3,2012,2013,Qtr 1,Tháng Hai,15,2,2,7
Friday,February,Vendredi,Février,Viernes,Febrero,1,1,2013,20130222,22,6,53,3,2012,2013,Qtr 1,Tháng Hai,22,2,2,8
Friday,February,Vendredi,Février,Viernes,Febrero,1,1,2014,20140207,7,6,38,3,2013,2014,Qtr 1,Tháng Hai,7,2,2,6
Friday,February,Vendredi,Février,Viernes,Febrero,1,1,2014,20140214,14,6,45,3,2013,2014,Qtr 1,Tháng Hai,14,2,2,7
Friday,February,Vendredi,Février,Viernes,Febrero,1,1,2014,20140221,21,6,52,3,2013,2014,Qtr 1,Tháng Hai,21,2,2,8
Friday,February,Vendredi,Février,Viernes,Febrero,1,1,2014,20140228,28,6,59,3,2013,2014,Qtr 1,Tháng Hai,28,2,2,9
Friday,January,Vendredi,Janvier,Viernes,Enero,1,1,2005,20050107,7,6,7,3,2005,2005,Qtr 1,Tháng Giêng,7,1,2,2
Friday,January,Vendredi,Janvier,Viernes,Enero,1,1,2005,20050114,14,6,14,3,2005,2005,Qtr 1,Tháng Giêng,14,1,2,3
Friday,January,Vendredi,Janvier,Viernes,Enero,1,1,2005,20050121,21,6,21,3,2005,2005,Qtr 1,Tháng Giêng,21,1,2,4
Friday,January,Vendredi,Janvier,Viernes,Enero,1,1,2005,20050128,28,6,28,3,2005,2005,Qtr 1,Tháng Giêng,28,1,2,5
Friday,January,Vendredi,Janvier,Viernes,Enero,1,1,2006,20060106,6,6,6,3,2006,2006,Qtr 1,Tháng Giêng,6,1,2,1
Friday,January,Vendredi,Janvier,Viernes,Enero,1,1,2006,20060113,13,6,13,3,2006,2006,Qtr 1,Tháng Giêng,13,1,2,2
Friday,January,Vendredi,Janvier,Viernes,Enero,1,1,2006,20060120,20,6,20,3,2006,2006,Qtr 1,Tháng Giêng,20,1,2,3
Friday,January,Vendredi,Janvier,Viernes,Enero,1,1,2006,20060127,27,6,27,3,2006,2006,Qtr 1,Tháng Giêng,27,1,2,4
Friday,January,Vendredi,Janvier,Viernes,Enero,1,1,2007,20070105,5,6,5,3,2007,2007,Qtr 1,Tháng Giêng,5,1,2,1
Friday,January,Vendredi,Janvier,Viernes,Enero,1,1,2007,20070112,12,6,12,3,2007,2007,Qtr 1,Tháng Giêng,12,1,2,2
Friday,January,Vendredi,Janvier,Viernes,Enero,1,1,2007,20070119,19,6,19,3,2007,2007,Qtr 1,Tháng Giêng,19,1,2,3
Friday,January,Vendredi,Janvier,Viernes,Enero,1,1,2007,20070126,26,6,26,3,2007,2007,Qtr 1,Tháng Giêng,26,1,2,4
Friday,January,Vendredi,Janvier,Viernes,Enero,1,1,2008,20080104,4,6,4,3,2008,2008,Qtr 1,Tháng Giêng,4,1,2,1
Friday,January,Vendredi,Janvier,Viernes,Enero,1,1,2008,20080111,11,6,11,3,2008,2008,Qtr 1,Tháng Giêng,11,1,2,2
Friday,January,Vendredi,Janvier,Viernes,Enero,1,1,2008,20080118,18,6,18,3,2008,2008,Qtr 1,Tháng Giêng,18,1,2,3
Friday,January,Vendredi,Janvier,Viernes,Enero,1,1,2008,20080125,25,6,25,3,2008,2008,Qtr 1,Tháng Giêng,25,1,2,4
Friday,January,Vendredi,Janvier,Viernes,Enero,1,1,2009,20090102,2,6,2,3,2009,2009,Qtr 1,Tháng Giêng,2,1,2,1
Friday,January,Vendredi,Janvier,Viernes,Enero,1,1,2009,20090109,9,6,9,3,2009,2009,Qtr 1,Tháng Giêng,9,1,2,2
Friday,January,Vendredi,Janvier,Viernes,Enero,1,1,2009,20090116,16,6,16,3,2009,2009,Qtr 1,Tháng Giêng,16,1,2,3
Friday,January,Vendredi,Janvier,Viernes,Enero,1,1,2009,20090123,23,6,23,3,2009,2009,Qtr 1,Tháng Giêng,23,1,2,4
Friday,January,Vendredi,Janvier,Viernes,Enero,1,1,2009,20090130,30,6,30,3,2009,2009,Qtr 1,Tháng Giêng,30,1,2,5
Friday,January,Vendredi,Janvier,Viernes,Enero,1,1,2010,20100101,1,6,1,3,2010,2010,Qtr 1,Tháng Giêng,1,1,2,1
Friday,January,Vendredi,Janvier,Viernes,Enero,1,1,2010,20100108,8,6,8,3,2010,2010,Qtr 1,Tháng Giêng,8,1,2,2
Friday,January,Vendredi,Janvier,Viernes,Enero,1,1,2010,20100115,15,6,15,3,2010,2010,Qtr 1,Tháng Giêng,15,1,2,3
Friday,January,Vendredi,Janvier,Viernes,Enero,1,1,2010,20100122,22,6,22,3,2010,2010,Qtr 1,Tháng Giêng,22,1,2,4
Friday,January,Vendredi,Janvier,Viernes,Enero,1,1,2010,20100129,29,6,29,3,2010,2010,Qtr 1,Tháng Giêng,29,1,2,5
Friday,January,Vendredi,Janvier,Viernes,Enero,1,1,2011,20110107,7,6,7,3,2010,2011,Qtr 1,Tháng Giêng,7,1,2,2
Friday,January,Vendredi,Janvier,Viernes,Enero,1,1,2011,20110114,14,6,14,3,2010,2011,Qtr 1,Tháng Giêng,14,1,2,3
Friday,January,Vendredi,Janvier,Viernes,Enero,1,1,2011,20110121,21,6,21,3,2010,2011,Qtr 1,Tháng Giêng,21,1,2,4
Friday,January,Vendredi,Janvier,Viernes,Enero,1,1,2011,20110128,28,6,28,3,2010,2011,Qtr 1,Tháng Giêng,28,1,2,5
Friday,January,Vendredi,Janvier,Viernes,Enero,1,1,2012,20120106,6,6,6,3,2011,2012,Qtr 1,Tháng Giêng,6,1,2,1
Friday,January,Vendredi,Janvier,Viernes,Enero,1,1,2012,20120113,13,6,13,3,2011,2012,Qtr 1,Tháng Giêng,13,1,2,2
Friday,January,Vendredi,Janvier,Viernes,Enero,1,1,2012,20120120,20,6,20,3,2011,2012,Qtr 1,Tháng Giêng,20,1,2,3
Friday,January,Vendredi,Janvier,Viernes,Enero,1,1,2012,20120127,27,6,27,3,2011,2012,Qtr 1,Tháng Giêng,27,1,2,4
Friday,January,Vendredi,Janvier,Viernes,Enero,1,1,2013,20130104,4,6,4,3,2012,2013,Qtr 1,Tháng Giêng,4,1,2,1
Friday,January,Vendredi,Janvier,Viernes,Enero,1,1,2013,20130111,11,6,11,3,2012,2013,Qtr 1,Tháng Giêng,11,1,2,2
Friday,January,Vendredi,Janvier,Viernes,Enero,1,1,2013,20130118,18,6,18,3,2012,2013,Qtr 1,Tháng Giêng,18,1,2,3
Friday,January,Vendredi,Janvier,Viernes,Enero,1,1,2013,20130125,25,6,25,3,2012,2013,Qtr 1,Tháng Giêng,25,1,2,4
Friday,January,Vendredi,Janvier,Viernes,Enero,1,1,2014,20140103,3,6,3,3,2013,2014,Qtr 1,Tháng Giêng,3,1,2,1
Friday,January,Vendredi,Janvier,Viernes,Enero,1,1,2014,20140110,10,6,10,3,2013,2014,Qtr 1,Tháng Giêng,10,1,2,2
Friday,January,Vendredi,Janvier,Viernes,Enero,1,1,2014,20140117,17,6,17,3,2013,2014,Qtr 1,Tháng Giêng,17,1,2,3
Friday,January,Vendredi,Janvier,Viernes,Enero,1,1,2014,20140124,24,6,24,3,2013,2014,Qtr 1,Tháng Giêng,24,1,2,4
Friday,January,Vendredi,Janvier,Viernes,Enero,1,1,2014,20140131,31,6,31,3,2013,2014,Qtr 1,Tháng Giêng,31,1,2,5
Friday,July,Vendredi,Juillet,Viernes,Julio,3,2,2005,20050701,1,6,182,1,2006,2005,Qtr 3,Tháng Bảy,1,7,1,27
Friday,July,Vendredi,Juillet,Viernes,Julio,3,2,2005,20050708,8,6,189,1,2006,2005,Qtr 3,Tháng Bảy,8,7,1,28
Friday,July,Vendredi,Juillet,Viernes,Julio,3,2,2005,20050715,15,6,196,1,2006,2005,Qtr 3,Tháng Bảy,15,7,1,29
Friday,July,Vendredi,Juillet,Viernes,Julio,3,2,2005,20050722,22,6,203,1,2006,2005,Qtr 3,Tháng Bảy,22,7,1,30
Friday,July,Vendredi,Juillet,Viernes,Julio,3,2,2005,20050729,29,6,210,1,2006,2005,Qtr 3,Tháng Bảy,29,7,1,31
Friday,July,Vendredi,Juillet,Viernes,Julio,3,2,2006,20060707,7,6,188,1,2007,2006,Qtr 3,Tháng Bảy,7,7,1,27
Friday,July,Vendredi,Juillet,Viernes,Julio,3,2,2006,20060714,14,6,195,1,2007,2006,Qtr 3,Tháng Bảy,14,7,1,28
Friday,July,Vendredi,Juillet,Viernes,Julio,3,2,2006,20060721,21,6,202,1,2007,2006,Qtr 3,Tháng Bảy,21,7,1,29
Friday,July,Vendredi,Juillet,Viernes,Julio,3,2,2006,20060728,28,6,209,1,2007,2006,Qtr 3,Tháng Bảy,28,7,1,30
Friday,July,Vendredi,Juillet,Viernes,Julio,3,2,2007,20070706,6,6,187,1,2008,2007,Qtr 3,Tháng Bảy,6,7,1,27
Friday,July,Vendredi,Juillet,Viernes,Julio,3,2,2007,20070713,13,6,194,1,2008,2007,Qtr 3,Tháng Bảy,13,7,1,28
Friday,July,Vendredi,Juillet,Viernes,Julio,3,2,2007,20070720,20,6,201,1,2008,2007,Qtr 3,Tháng Bảy,20,7,1,29
Friday,July,Vendredi,Juillet,Viernes,Julio,3,2,2007,20070727,27,6,208,1,2008,2007,Qtr 3,Tháng Bảy,27,7,1,30
Friday,July,Vendredi,Juillet,Viernes,Julio,3,2,2008,20080704,4,6,186,1,2009,2008,Qtr 3,Tháng Bảy,4,7,1,27
Friday,July,Vendredi,Juillet,Viernes,Julio,3,2,2008,20080711,11,6,193,1,2009,2008,Qtr 3,Tháng Bảy,11,7,1,28
Friday,July,Vendredi,Juillet,Viernes,Julio,3,2,2008,20080718,18,6,200,1,2009,2008,Qtr 3,Tháng Bảy,18,7,1,29
Friday,July,Vendredi,Juillet,Viernes,Julio,3,2,2008,20080725,25,6,207,1,2009,2008,Qtr 3,Tháng Bảy,25,7,1,30
Friday,July,Vendredi,Juillet,Viernes,Julio,3,2,2009,20090703,3,6,184,1,2010,2009,Qtr 3,Tháng Bảy,3,7,1,27
Friday,July,Vendredi,Juillet,Viernes,Julio,3,2,2009,20090710,10,6,191,1,2010,2009,Qtr 3,Tháng Bảy,10,7,1,28
Friday,July,Vendredi,Juillet,Viernes,Julio,3,2,2009,20090717,17,6,198,1,2010,2009,Qtr 3,Tháng Bảy,17,7,1,29
Friday,July,Vendredi,Juillet,Viernes,Julio,3,2,2009,20090724,24,6,205,1,2010,2009,Qtr 3,Tháng Bảy,24,7,1,30
Friday,July,Vendredi,Juillet,Viernes,Julio,3,2,2009,20090731,31,6,212,1,2010,2009,Qtr 3,Tháng Bảy,31,7,1,31
Friday,July,Vendredi,Juillet,Viernes,Julio,3,2,2010,20100702,2,6,183,1,2011,2010,Qtr 3,Tháng Bảy,2,7,1,27
Friday,July,Vendredi,Juillet,Viernes,Julio,3,2,2010,20100709,9,6,190,1,2011,2010,Qtr 3,Tháng Bảy,9,7,1,28
Friday,July,Vendredi,Juillet,Viernes,Julio,3,2,2010,20100716,16,6,197,1,2011,2010,Qtr 3,Tháng Bảy,16,7,1,29
Friday,July,Vendredi,Juillet,Viernes,Julio,3,2,2010,20100723,23,6,204,1,2011,2010,Qtr 3,Tháng Bảy,23,7,1,30
Friday,July,Vendredi,Juillet,Viernes,Julio,3,2,2010,20100730,30,6,211,1,2011,2010,Qtr 3,Tháng Bảy,30,7,1,31
Friday,July,Vendredi,Juillet,Viernes,Julio,3,2,2011,20110701,1,6,182,1,2011,2011,Qtr 3,Tháng Bảy,1,7,1,27
Friday,July,Vendredi,Juillet,Viernes,Julio,3,2,2011,20110708,8,6,189,1,2011,2011,Qtr 3,Tháng Bảy,8,7,1,28
Friday,July,Vendredi,Juillet,Viernes,Julio,3,2,2011,20110715,15,6,196,1,2011,2011,Qtr 3,Tháng Bảy,15,7,1,29
Friday,July,Vendredi,Juillet,Viernes,Julio,3,2,2011,20110722,22,6,203,1,2011,2011,Qtr 3,Tháng Bảy,22,7,1,30
Friday,July,Vendredi,Juillet,Viernes,Julio,3,2,2011,20110729,29,6,210,1,2011,2011,Qtr 3,Tháng Bảy,29,7,1,31
Friday,July,Vendredi,Juillet,Viernes,Julio,3,2,2012,20120706,6,6,188,1,2012,2012,Qtr 3,Tháng Bảy,6,7,1,27
Friday,July,Vendredi,Juillet,Viernes,Julio,3,2,2012,20120713,13,6,195,1,2012,2012,Qtr 3,Tháng Bảy,13,7,1,28
Friday,July,Vendredi,Juillet,Viernes,Julio,3,2,2012,20120720,20,6,202,1,2012,2012,Qtr 3,Tháng Bảy,20,7,1,29
Friday,July,Vendredi,Juillet,Viernes,Julio,3,2,2012,20120727,27,6,209,1,2012,2012,Qtr 3,Tháng Bảy,27,7,1,30
Friday,July,Vendredi,Juillet,Viernes,Julio,3,2,2013,20130705,5,6,186,1,2013,2013,Qtr 3,Tháng Bảy,5,7,1,27
Friday,July,Vendredi,Juillet,Viernes,Julio,3,2,2013,20130712,12,6,193,1,2013,2013,Qtr 3,Tháng Bảy,12,7,1,28
Friday,July,Vendredi,Juillet,Viernes,Julio,3,2,2013,20130719,19,6,200,1,2013,2013,Qtr 3,Tháng Bảy,19,7,1,29
Friday,July,Vendredi,Juillet,Viernes,Julio,3,2,2013,20130726,26,6,207,1,2013,2013,Qtr 3,Tháng Bảy,26,7,1,30
Friday,July,Vendredi,Juillet,Viernes,Julio,3,2,2014,20140704,4,6,185,1,2014,2014,Qtr 3,Tháng Bảy,4,7,1,27
Friday,July,Vendredi,Juillet,Viernes,Julio,3,2,2014,20140711,11,6,192,1,2014,2014,Qtr 3,Tháng Bảy,11,7,1,28
Friday,July,Vendredi,Juillet,Viernes,Julio,3,2,2014,20140718,18,6,199,1,2014,2014,Qtr 3,Tháng Bảy,18,7,1,29
Friday,July,Vendredi,Juillet,Viernes,Julio,3,2,2014,20140725,25,6,206,1,2014,2014,Qtr 3,Tháng Bảy,25,7,1,30
Friday,June,Vendredi,Juin,Viernes,Junio,2,1,2005,20050603,3,6,154,4,2005,2005,Qtr 2,Tháng Sáu,3,6,2,23
Friday,June,Vendredi,Juin,Viernes,Junio,2,1,2005,20050610,10,6,161,4,2005,2005,Qtr 2,Tháng Sáu,10,6,2,24
Friday,June,Vendredi,Juin,Viernes,Junio,2,1,2005,20050617,17,6,168,4,2005,2005,Qtr 2,Tháng Sáu,17,6,2,25
Friday,June,Vendredi,Juin,Viernes,Junio,2,1,2005,20050624,24,6,175,4,2005,2005,Qtr 2,Tháng Sáu,24,6,2,26
Friday,June,Vendredi,Juin,Viernes,Junio,2,1,2006,20060602,2,6,153,4,2006,2006,Qtr 2,Tháng Sáu,2,6,2,22
Friday,June,Vendredi,Juin,Viernes,Junio,2,1,2006,20060609,9,6,160,4,2006,2006,Qtr 2,Tháng Sáu,9,6,2,23
Friday,June,Vendredi,Juin,Viernes,Junio,2,1,2006,20060616,16,6,167,4,2006,2006,Qtr 2,Tháng Sáu,16,6,2,24
Friday,June,Vendredi,Juin,Viernes,Junio,2,1,2006,20060623,23,6,174,4,2006,2006,Qtr 2,Tháng Sáu,23,6,2,25
Friday,June,Vendredi,Juin,Viernes,Junio,2,1,2006,20060630,30,6,181,4,2006,2006,Qtr 2,Tháng Sáu,30,6,2,26
Friday,June,Vendredi,Juin,Viernes,Junio,2,1,2007,20070601,1,6,152,4,2007,2007,Qtr 2,Tháng Sáu,1,6,2,22
Friday,June,Vendredi,Juin,Viernes,Junio,2,1,2007,20070608,8,6,159,4,2007,2007,Qtr 2,Tháng Sáu,8,6,2,23
Friday,June,Vendredi,Juin,Viernes,Junio,2,1,2007,20070615,15,6,166,4,2007,2007,Qtr 2,Tháng Sáu,15,6,2,24
Friday,June,Vendredi,Juin,Viernes,Junio,2,1,2007,20070622,22,6,173,4,2007,2007,Qtr 2,Tháng Sáu,22,6,2,25
Friday,June,Vendredi,Juin,Viernes,Junio,2,1,2007,20070629,29,6,180,4,2007,2007,Qtr 2,Tháng Sáu,29,6,2,26
Friday,June,Vendredi,Juin,Viernes,Junio,2,1,2008,20080606,6,6,158,4,2008,2008,Qtr 2,Tháng Sáu,6,6,2,23
Friday,June,Vendredi,Juin,Viernes,Junio,2,1,2008,20080613,13,6,165,4,2008,2008,Qtr 2,Tháng Sáu,13,6,2,24
Friday,June,Vendredi,Juin,Viernes,Junio,2,1,2008,20080620,20,6,172,4,2008,2008,Qtr 2,Tháng Sáu,20,6,2,25
Friday,June,Vendredi,Juin,Viernes,Junio,2,1,2008,20080627,27,6,179,4,2008,2008,Qtr 2,Tháng Sáu,27,6,2,26
Friday,June,Vendredi,Juin,Viernes,Junio,2,1,2009,20090605,5,6,156,4,2009,2009,Qtr 2,Tháng Sáu,5,6,2,23
Friday,June,Vendredi,Juin,Viernes,Junio,2,1,2009,20090612,12,6,163,4,2009,2009,Qtr 2,Tháng Sáu,12,6,2,24
Friday,June,Vendredi,Juin,Viernes,Junio,2,1,2009,20090619,19,6,170,4,2009,2009,Qtr 2,Tháng Sáu,19,6,2,25
Friday,June,Vendredi,Juin,Viernes,Junio,2,1,2009,20090626,26,6,177,4,2009,2009,Qtr 2,Tháng Sáu,26,6,2,26
Friday,June,Vendredi,Juin,Viernes,Junio,2,1,2010,20100604,4,6,155,4,2010,2010,Qtr 2,Tháng Sáu,4,6,2,23
Friday,June,Vendredi,Juin,Viernes,Junio,2,1,2010,20100611,11,6,162,4,2010,2010,Qtr 2,Tháng Sáu,11,6,2,24
Friday,June,Vendredi,Juin,Viernes,Junio,2,1,2010,20100618,18,6,169,4,2010,2010,Qtr 2,Tháng Sáu,18,6,2,25
Friday,June,Vendredi,Juin,Viernes,Junio,2,1,2010,20100625,25,6,176,4,2010,2010,Qtr 2,Tháng Sáu,25,6,2,26
Friday,June,Vendredi,Juin,Viernes,Junio,2,1,2011,20110603,3,6,154,4,2010,2011,Qtr 2,Tháng Sáu,3,6,2,23
Friday,June,Vendredi,Juin,Viernes,Junio,2,1,2011,20110610,10,6,161,4,2010,2011,Qtr 2,Tháng Sáu,10,6,2,24
Friday,June,Vendredi,Juin,Viernes,Junio,2,1,2011,20110617,17,6,168,4,2010,2011,Qtr 2,Tháng Sáu,17,6,2,25
Friday,June,Vendredi,Juin,Viernes,Junio,2,1,2011,20110624,24,6,175,4,2010,2011,Qtr 2,Tháng Sáu,24,6,2,26
Friday,June,Vendredi,Juin,Viernes,Junio,2,1,2012,20120601,1,6,153,4,2011,2012,Qtr 2,Tháng Sáu,1,6,2,22
Friday,June,Vendredi,Juin,Viernes,Junio,2,1,2012,20120608,8,6,160,4,2011,2012,Qtr 2,Tháng Sáu,8,6,2,23
Friday,June,Vendredi,Juin,Viernes,Junio,2,1,2012,20120615,15,6,167,4,2011,2012,Qtr 2,Tháng Sáu,15,6,2,24
Friday,June,Vendredi,Juin,Viernes,Junio,2,1,2012,20120622,22,6,174,4,2011,2012,Qtr 2,Tháng Sáu,22,6,2,25
Friday,June,Vendredi,Juin,Viernes,Junio,2,1,2012,20120629,29,6,181,4,2011,2012,Qtr 2,Tháng Sáu,29,6,2,26
Friday,June,Vendredi,Juin,Viernes,Junio,2,1,2013,20130607,7,6,158,4,2012,2013,Qtr 2,Tháng Sáu,7,6,2,23
Friday,June,Vendredi,Juin,Viernes,Junio,2,1,2013,20130614,14,6,165,4,2012,2013,Qtr 2,Tháng Sáu,14,6,2,24
Friday,June,Vendredi,Juin,Viernes,Junio,2,1,2013,20130621,21,6,172,4,2012,2013,Qtr 2,Tháng Sáu,21,6,2,25
Friday,June,Vendredi,Juin,Viernes,Junio,2,1,2013,20130628,28,6,179,4,2012,2013,Qtr 2,Tháng Sáu,28,6,2,26
Friday,June,Vendredi,Juin,Viernes,Junio,2,1,2014,20140606,6,6,157,4,2013,2014,Qtr 2,Tháng Sáu,6,6,2,23
Friday,June,Vendredi,Juin,Viernes,Junio,2,1,2014,20140613,13,6,164,4,2013,2014,Qtr 2,Tháng Sáu,13,6,2,24
Friday,June,Vendredi,Juin,Viernes,Junio,2,1,2014,20140620,20,6,171,4,2013,2014,Qtr 2,Tháng Sáu,20,6,2,25
Friday,June,Vendredi,Juin,Viernes,Junio,2,1,2014,20140627,27,6,178,4,2013,2014,Qtr 2,Tháng Sáu,27,6,2,26
Friday,March,Vendredi,Mars,Viernes,Marzo,1,1,2005,20050304,4,6,63,3,2005,2005,Qtr 1,Tháng Ba,4,3,2,10
Friday,March,Vendredi,Mars,Viernes,Marzo,1,1,2005,20050311,11,6,70,3,2005,2005,Qtr 1,Tháng Ba,11,3,2,11
Friday,March,Vendredi,Mars,Viernes,Marzo,1,1,2005,20050318,18,6,77,3,2005,2005,Qtr 1,Tháng Ba,18,3,2,12
Friday,March,Vendredi,Mars,Viernes,Marzo,1,1,2005,20050325,25,6,84,3,2005,2005,Qtr 1,Tháng Ba,25,3,2,13
Friday,March,Vendredi,Mars,Viernes,Marzo,1,1,2006,20060303,3,6,62,3,2006,2006,Qtr 1,Tháng Ba,3,3,2,9
Friday,March,Vendredi,Mars,Viernes,Marzo,1,1,2006,20060310,10,6,69,3,2006,2006,Qtr 1,Tháng Ba,10,3,2,10
Friday,March,Vendredi,Mars,Viernes,Marzo,1,1,2006,20060317,17,6,76,3,2006,2006,Qtr 1,Tháng Ba,17,3,2,11
Friday,March,Vendredi,Mars,Viernes,Marzo,1,1,2006,20060324,24,6,83,3,2006,2006,Qtr 1,Tháng Ba,24,3,2,12
Friday,March,Vendredi,Mars,Viernes,Marzo,1,1,2006,20060331,31,6,90,3,2006,2006,Qtr 1,Tháng Ba,31,3,2,13
Friday,March,Vendredi,Mars,Viernes,Marzo,1,1,2007,20070302,2,6,61,3,2007,2007,Qtr 1,Tháng Ba,2,3,2,9
Friday,March,Vendredi,Mars,Viernes,Marzo,1,1,2007,20070309,9,6,68,3,2007,2007,Qtr 1,Tháng Ba,9,3,2,10
Friday,March,Vendredi,Mars,Viernes,Marzo,1,1,2007,20070316,16,6,75,3,2007,2007,Qtr 1,Tháng Ba,16,3,2,11
Friday,March,Vendredi,Mars,Viernes,Marzo,1,1,2007,20070323,23,6,82,3,2007,2007,Qtr 1,Tháng Ba,23,3,2,12
Friday,March,Vendredi,Mars,Viernes,Marzo,1,1,2007,20070330,30,6,89,3,2007,2007,Qtr 1,Tháng Ba,30,3,2,13
Friday,March,Vendredi,Mars,Viernes,Marzo,1,1,2008,20080307,7,6,67,3,2008,2008,Qtr 1,Tháng Ba,7,3,2,10
Friday,March,Vendredi,Mars,Viernes,Marzo,1,1,2008,20080314,14,6,74,3,2008,2008,Qtr 1,Tháng Ba,14,3,2,11
Friday,March,Vendredi,Mars,Viernes,Marzo,1,1,2008,20080321,21,6,81,3,2008,2008,Qtr 1,Tháng Ba,21,3,2,12
Friday,March,Vendredi,Mars,Viernes,Marzo,1,1,2008,20080328,28,6,88,3,2008,2008,Qtr 1,Tháng Ba,28,3,2,13
Friday,March,Vendredi,Mars,Viernes,Marzo,1,1,2009,20090306,6,6,65,3,2009,2009,Qtr 1,Tháng Ba,6,3,2,10
Friday,March,Vendredi,Mars,Viernes,Marzo,1,1,2009,20090313,13,6,72,3,2009,2009,Qtr 1,Tháng Ba,13,3,2,11
Friday,March,Vendredi,Mars,Viernes,Marzo,1,1,2009,20090320,20,6,79,3,2009,2009,Qtr 1,Tháng Ba,20,3,2,12
Friday,March,Vendredi,Mars,Viernes,Marzo,1,1,2009,20090327,27,6,86,3,2009,2009,Qtr 1,Tháng Ba,27,3,2,13
Friday,March,Vendredi,Mars,Viernes,Marzo,1,1,2010,20100305,5,6,64,3,2010,2010,Qtr 1,Tháng Ba,5,3,2,10
Friday,March,Vendredi,Mars,Viernes,Marzo,1,1,2010,20100312,12,6,71,3,2010,2010,Qtr 1,Tháng Ba,12,3,2,11
Friday,March,Vendredi,Mars,Viernes,Marzo,1,1,2010,20100319,19,6,78,3,2010,2010,Qtr 1,Tháng Ba,19,3,2,12
Friday,March,Vendredi,Mars,Viernes,Marzo,1,1,2010,20100326,26,6,85,3,2010,2010,Qtr 1,Tháng Ba,26,3,2,13
Friday,March,Vendredi,Mars,Viernes,Marzo,1,1,2011,20110304,4,6,63,3,2010,2011,Qtr 1,Tháng Ba,4,3,2,10
Friday,March,Vendredi,Mars,Viernes,Marzo,1,1,2011,20110311,11,6,70,3,2010,2011,Qtr 1,Tháng Ba,11,3,2,11
Friday,March,Vendredi,Mars,Viernes,Marzo,1,1,2011,20110318,18,6,77,3,2010,2011,Qtr 1,Tháng Ba,18,3,2,12
Friday,March,Vendredi,Mars,Viernes,Marzo,1,1,2011,20110325,25,6,84,3,2010,2011,Qtr 1,Tháng Ba,25,3,2,13
Friday,March,Vendredi,Mars,Viernes,Marzo,1,1,2012,20120302,2,6,62,3,2011,2012,Qtr 1,Tháng Ba,2,3,2,9
Friday,March,Vendredi,Mars,Viernes,Marzo,1,1,2012,20120309,9,6,69,3,2011,2012,Qtr 1,Tháng Ba,9,3,2,10
Friday,March,Vendredi,Mars,Viernes,Marzo,1,1,2012,20120316,16,6,76,3,2011,2012,Qtr 1,Tháng Ba,16,3,2,11
Friday,March,Vendredi,Mars,Viernes,Marzo,1,1,2012,20120323,23,6,83,3,2011,2012,Qtr 1,Tháng Ba,23,3,2,12
Friday,March,Vendredi,Mars,Viernes,Marzo,1,1,2012,20120330,30,6,90,3,2011,2012,Qtr 1,Tháng Ba,30,3,2,13
Friday,March,Vendredi,Mars,Viernes,Marzo,1,1,2013,20130301,1,6,60,3,2012,2013,Qtr 1,Tháng Ba,1,3,2,9
Friday,March,Vendredi,Mars,Viernes,Marzo,1,1,2013,20130308,8,6,67,3,2012,2013,Qtr 1,Tháng Ba,8,3,2,10
Friday,March,Vendredi,Mars,Viernes,Marzo,1,1,2013,20130315,15,6,74,3,2012,2013,Qtr 1,Tháng Ba,15,3,2,11
Friday,March,Vendredi,Mars,Viernes,Marzo,1,1,2013,20130322,22,6,81,3,2012,2013,Qtr 1,Tháng Ba,22,3,2,12
Friday,March,Vendredi,Mars,Viernes,Marzo,1,1,2013,20130329,29,6,88,3,2012,2013,Qtr 1,Tháng Ba,29,3,2,13
Friday,March,Vendredi,Mars,Viernes,Marzo,1,1,2014,20140307,7,6,66,3,2013,2014,Qtr 1,Tháng Ba,7,3,2,10
Friday,March,Vendredi,Mars,Viernes,Marzo,1,1,2014,20140314,14,6,73,3,2013,2014,Qtr 1,Tháng Ba,14,3,2,11
Friday,March,Vendredi,Mars,Viernes,Marzo,1,1,2014,20140321,21,6,80,3,2013,2014,Qtr 1,Tháng Ba,21,3,2,12
Friday,March,Vendredi,Mars,Viernes,Marzo,1,1,2014,20140328,28,6,87,3,2013,2014,Qtr 1,Tháng Ba,28,3,2,13
Friday,May,Vendredi,Mai,Viernes,Mayo,2,1,2005,20050506,6,6,126,4,2005,2005,Qtr 2,Tháng Năm,6,5,2,19
Friday,May,Vendredi,Mai,Viernes,Mayo,2,1,2005,20050513,13,6,133,4,2005,2005,Qtr 2,Tháng Năm,13,5,2,20
Friday,May,Vendredi,Mai,Viernes,Mayo,2,1,2005,20050520,20,6,140,4,2005,2005,Qtr 2,Tháng Năm,20,5,2,21
Friday,May,Vendredi,Mai,Viernes,Mayo,2,1,2005,20050527,27,6,147,4,2005,2005,Qtr 2,Tháng Năm,27,5,2,22
Friday,May,Vendredi,Mai,Viernes,Mayo,2,1,2006,20060505,5,6,125,4,2006,2006,Qtr 2,Tháng Năm,5,5,2,18
Friday,May,Vendredi,Mai,Viernes,Mayo,2,1,2006,20060512,12,6,132,4,2006,2006,Qtr 2,Tháng Năm,12,5,2,19
Friday,May,Vendredi,Mai,Viernes,Mayo,2,1,2006,20060519,19,6,139,4,2006,2006,Qtr 2,Tháng Năm,19,5,2,20
Friday,May,Vendredi,Mai,Viernes,Mayo,2,1,2006,20060526,26,6,146,4,2006,2006,Qtr 2,Tháng Năm,26,5,2,21
Friday,May,Vendredi,Mai,Viernes,Mayo,2,1,2007,20070504,4,6,124,4,2007,2007,Qtr 2,Tháng Năm,4,5,2,18
Friday,May,Vendredi,Mai,Viernes,Mayo,2,1,2007,20070511,11,6,131,4,2007,2007,Qtr 2,Tháng Năm,11,5,2,19
Friday,May,Vendredi,Mai,Viernes,Mayo,2,1,2007,20070518,18,6,138,4,2007,2007,Qtr 2,Tháng Năm,18,5,2,20
Friday,May,Vendredi,Mai,Viernes,Mayo,2,1,2007,20070525,25,6,145,4,2007,2007,Qtr 2,Tháng Năm,25,5,2,21
Friday,May,Vendredi,Mai,Viernes,Mayo,2,1,2008,20080502,2,6,123,4,2008,2008,Qtr 2,Tháng Năm,2,5,2,18
Friday,May,Vendredi,Mai,Viernes,Mayo,2,1,2008,20080509,9,6,130,4,2008,2008,Qtr 2,Tháng Năm,9,5,2,19
Friday,May,Vendredi,Mai,Viernes,Mayo,2,1,2008,20080516,16,6,137,4,2008,2008,Qtr 2,Tháng Năm,16,5,2,20
Friday,May,Vendredi,Mai,Viernes,Mayo,2,1,2008,20080523,23,6,144,4,2008,2008,Qtr 2,Tháng Năm,23,5,2,21
Friday,May,Vendredi,Mai,Viernes,Mayo,2,1,2008,20080530,30,6,151,4,2008,2008,Qtr 2,Tháng Năm,30,5,2,22
Friday,May,Vendredi,Mai,Viernes,Mayo,2,1,2009,20090501,1,6,121,4,2009,2009,Qtr 2,Tháng Năm,1,5,2,18
Friday,May,Vendredi,Mai,Viernes,Mayo,2,1,2009,20090508,8,6,128,4,2009,2009,Qtr 2,Tháng Năm,8,5,2,19
Friday,May,Vendredi,Mai,Viernes,Mayo,2,1,2009,20090515,15,6,135,4,2009,2009,Qtr 2,Tháng Năm,15,5,2,20
Friday,May,Vendredi,Mai,Viernes,Mayo,2,1,2009,20090522,22,6,142,4,2009,2009,Qtr 2,Tháng Năm,22,5,2,21
Friday,May,Vendredi,Mai,Viernes,Mayo,2,1,2009,20090529,29,6,149,4,2009,2009,Qtr 2,Tháng Năm,29,5,2,22
Friday,May,Vendredi,Mai,Viernes,Mayo,2,1,2010,20100507,7,6,127,4,2010,2010,Qtr 2,Tháng Năm,7,5,2,19
Friday,May,Vendredi,Mai,Viernes,Mayo,2,1,2010,20100514,14,6,134,4,2010,2010,Qtr 2,Tháng Năm,14,5,2,20
Friday,May,Vendredi,Mai,Viernes,Mayo,2,1,2010,20100521,21,6,141,4,2010,2010,Qtr 2,Tháng Năm,21,5,2,21
Friday,May,Vendredi,Mai,Viernes,Mayo,2,1,2010,20100528,28,6,148,4,2010,2010,Qtr 2,Tháng Năm,28,5,2,22
Friday,May,Vendredi,Mai,Viernes,Mayo,2,1,2011,20110506,6,6,126,4,2010,2011,Qtr 2,Tháng Năm,6,5,2,19
Friday,May,Vendredi,Mai,Viernes,Mayo,2,1,2011,20110513,13,6,133,4,2010,2011,Qtr 2,Tháng Năm,13,5,2,20
Friday,May,Vendredi,Mai,Viernes,Mayo,2,1,2011,20110520,20,6,140,4,2010,2011,Qtr 2,Tháng Năm,20,5,2,21
Friday,May,Vendredi,Mai,Viernes,Mayo,2,1,2011,20110527,27,6,147,4,2010,2011,Qtr 2,Tháng Năm,27,5,2,22
Friday,May,Vendredi,Mai,Viernes,Mayo,2,1,2012,20120504,4,6,125,4,2011,2012,Qtr 2,Tháng Năm,4,5,2,18
Friday,May,Vendredi,Mai,Viernes,Mayo,2,1,2012,20120511,11,6,132,4,2011,2012,Qtr 2,Tháng Năm,11,5,2,19
Friday,May,Vendredi,Mai,Viernes,Mayo,2,1,2012,20120518,18,6,139,4,2011,2012,Qtr 2,Tháng Năm,18,5,2,20
Friday,May,Vendredi,Mai,Viernes,Mayo,2,1,2012,20120525,25,6,146,4,2011,2012,Qtr 2,Tháng Năm,25,5,2,21
Friday,May,Vendredi,Mai,Viernes,Mayo,2,1,2013,20130503,3,6,123,4,2012,2013,Qtr 2,Tháng Năm,3,5,2,18
Friday,May,Vendredi,Mai,Viernes,Mayo,2,1,2013,20130510,10,6,130,4,2012,2013,Qtr 2,Tháng Năm,10,5,2,19
Friday,May,Vendredi,Mai,Viernes,Mayo,2,1,2013,20130517,17,6,137,4,2012,2013,Qtr 2,Tháng Năm,17,5,2,20
Friday,May,Vendredi,Mai,Viernes,Mayo,2,1,2013,20130524,24,6,144,4,2012,2013,Qtr 2,Tháng Năm,24,5,2,21
Friday,May,Vendredi,Mai,Viernes,Mayo,2,1,2013,20130531,31,6,151,4,2012,2013,Qtr 2,Tháng Năm,31,5,2,22
Friday,May,Vendredi,Mai,Viernes,Mayo,2,1,2014,20140502,2,6,122,4,2013,2014,Qtr 2,Tháng Năm,2,5,2,18
Friday,May,Vendredi,Mai,Viernes,Mayo,2,1,2014,20140509,9,6,129,4,2013,2014,Qtr 2,Tháng Năm,9,5,2,19
Friday,May,Vendredi,Mai,Viernes,Mayo,2,1,2014,20140516,16,6,136,4,2013,2014,Qtr 2,Tháng Năm,16,5,2,20
Friday,May,Vendredi,Mai,Viernes,Mayo,2,1,2014,20140523,23,6,143,4,2013,2014,Qtr 2,Tháng Năm,23,5,2,21
Friday,May,Vendredi,Mai,Viernes,Mayo,2,1,2014,20140530,30,6,150,4,2013,2014,Qtr 2,Tháng Năm,30,5,2,22
Friday,November,Vendredi,Novembre,Viernes,Noviembre,4,2,2005,20051104,4,6,308,2,2006,2005,Qtr 4,Tháng Mười Một,4,11,1,45
Friday,November,Vendredi,Novembre,Viernes,Noviembre,4,2,2005,20051111,11,6,315,2,2006,2005,Qtr 4,Tháng Mười Một,11,11,1,46
Friday,November,Vendredi,Novembre,Viernes,Noviembre,4,2,2005,20051118,18,6,322,2,2006,2005,Qtr 4,Tháng Mười Một,18,11,1,47
Friday,November,Vendredi,Novembre,Viernes,Noviembre,4,2,2005,20051125,25,6,329,2,2006,2005,Qtr 4,Tháng Mười Một,25,11,1,48
Friday,November,Vendredi,Novembre,Viernes,Noviembre,4,2,2006,20061103,3,6,307,2,2007,2006,Qtr 4,Tháng Mười Một,3,11,1,44
Friday,November,Vendredi,Novembre,Viernes,Noviembre,4,2,2006,20061110,10,6,314,2,2007,2006,Qtr 4,Tháng Mười Một,10,11,1,45
Friday,November,Vendredi,Novembre,Viernes,Noviembre,4,2,2006,20061117,17,6,321,2,2007,2006,Qtr 4,Tháng Mười Một,17,11,1,46
Friday,November,Vendredi,Novembre,Viernes,Noviembre,4,2,2006,20061124,24,6,328,2,2007,2006,Qtr 4,Tháng Mười Một,24,11,1,47
Friday,November,Vendredi,Novembre,Viernes,Noviembre,4,2,2007,20071102,2,6,306,2,2008,2007,Qtr 4,Tháng Mười Một,2,11,1,44
Friday,November,Vendredi,Novembre,Viernes,Noviembre,4,2,2007,20071109,9,6,313,2,2008,2007,Qtr 4,Tháng Mười Một,9,11,1,45
Friday,November,Vendredi,Novembre,Viernes,Noviembre,4,2,2007,20071116,16,6,320,2,2008,2007,Qtr 4,Tháng Mười Một,16,11,1,46
Friday,November,Vendredi,Novembre,Viernes,Noviembre,4,2,2007,20071123,23,6,327,2,2008,2007,Qtr 4,Tháng Mười Một,23,11,1,47
Friday,November,Vendredi,Novembre,Viernes,Noviembre,4,2,2007,20071130,30,6,334,2,2008,2007,Qtr 4,Tháng Mười Một,30,11,1,48
Friday,November,Vendredi,Novembre,Viernes,Noviembre,4,2,2008,20081107,7,6,312,2,2009,2008,Qtr 4,Tháng Mười Một,7,11,1,45
Friday,November,Vendredi,Novembre,Viernes,Noviembre,4,2,2008,20081114,14,6,319,2,2009,2008,Qtr 4,Tháng Mười Một,14,11,1,46
Friday,November,Vendredi,Novembre,Viernes,Noviembre,4,2,2008,20081121,21,6,326,2,2009,2008,Qtr 4,Tháng Mười Một,21,11,1,47
Friday,November,Vendredi,Novembre,Viernes,Noviembre,4,2,2008,20081128,28,6,333,2,2009,2008,Qtr 4,Tháng Mười Một,28,11,1,48
Friday,November,Vendredi,Novembre,Viernes,Noviembre,4,2,2009,20091106,6,6,310,2,2010,2009,Qtr 4,Tháng Mười Một,6,11,1,45
Friday,November,Vendredi,Novembre,Viernes,Noviembre,4,2,2009,20091113,13,6,317,2,2010,2009,Qtr 4,Tháng Mười Một,13,11,1,46
Friday,November,Vendredi,Novembre,Viernes,Noviembre,4,2,2009,20091120,20,6,324,2,2010,2009,Qtr 4,Tháng Mười Một,20,11,1,47
Friday,November,Vendredi,Novembre,Viernes,Noviembre,4,2,2009,20091127,27,6,331,2,2010,2009,Qtr 4,Tháng Mười Một,27,11,1,48
Friday,November,Vendredi,Novembre,Viernes,Noviembre,4,2,2010,20101105,5,6,309,2,2011,2010,Qtr 4,Tháng Mười Một,5,11,1,45
Friday,November,Vendredi,Novembre,Viernes,Noviembre,4,2,2010,20101112,12,6,316,2,2011,2010,Qtr 4,Tháng Mười Một,12,11,1,46
Friday,November,Vendredi,Novembre,Viernes,Noviembre,4,2,2010,20101119,19,6,323,2,2011,2010,Qtr 4,Tháng Mười Một,19,11,1,47
Friday,November,Vendredi,Novembre,Viernes,Noviembre,4,2,2010,20101126,26,6,330,2,2011,2010,Qtr 4,Tháng Mười Một,26,11,1,48
Friday,November,Vendredi,Novembre,Viernes,Noviembre,4,2,2011,20111104,4,6,308,2,2011,2011,Qtr 4,Tháng Mười Một,4,11,1,45
Friday,November,Vendredi,Novembre,Viernes,Noviembre,4,2,2011,20111111,11,6,315,2,2011,2011,Qtr 4,Tháng Mười Một,11,11,1,46
Friday,November,Vendredi,Novembre,Viernes,Noviembre,4,2,2011,20111118,18,6,322,2,2011,2011,Qtr 4,Tháng Mười Một,18,11,1,47
Friday,November,Vendredi,Novembre,Viernes,Noviembre,4,2,2011,20111125,25,6,329,2,2011,2011,Qtr 4,Tháng Mười Một,25,11,1,48
Friday,November,Vendredi,Novembre,Viernes,Noviembre,4,2,2012,20121102,2,6,307,2,2012,2012,Qtr 4,Tháng Mười Một,2,11,1,44
Friday,November,Vendredi,Novembre,Viernes,Noviembre,4,2,2012,20121109,9,6,314,2,2012,2012,Qtr 4,Tháng Mười Một,9,11,1,45
Friday,November,Vendredi,Novembre,Viernes,Noviembre,4,2,2012,20121116,16,6,321,2,2012,2012,Qtr 4,Tháng Mười Một,16,11,1,46
Friday,November,Vendredi,Novembre,Viernes,Noviembre,4,2,2012,20121123,23,6,328,2,2012,2012,Qtr 4,Tháng Mười Một,23,11,1,47
Friday,November,Vendredi,Novembre,Viernes,Noviembre,4,2,2012,20121130,30,6,335,2,2012,2012,Qtr 4,Tháng Mười Một,30,11,1,48
Friday,November,Vendredi,Novembre,Viernes,Noviembre,4,2,2013,20131101,1,6,305,2,2013,2013,Qtr 4,Tháng Mười Một,1,11,1,44
Friday,November,Vendredi,Novembre,Viernes,Noviembre,4,2,2013,20131108,8,6,312,2,2013,2013,Qtr 4,Tháng Mười Một,8,11,1,45
Friday,November,Vendredi,Novembre,Viernes,Noviembre,4,2,2013,20131115,15,6,319,2,2013,2013,Qtr 4,Tháng Mười Một,15,11,1,46
Friday,November,Vendredi,Novembre,Viernes,Noviembre,4,2,2013,20131122,22,6,326,2,2013,2013,Qtr 4,Tháng Mười Một,22,11,1,47
Friday,November,Vendredi,Novembre,Viernes,Noviembre,4,2,2013,20131129,29,6,333,2,2013,2013,Qtr 4,Tháng Mười Một,29,11,1,48
Friday,November,Vendredi,Novembre,Viernes,Noviembre,4,2,2014,20141107,7,6,311,2,2014,2014,Qtr 4,Tháng Mười Một,7,11,1,45
Friday,November,Vendredi,Novembre,Viernes,Noviembre,4,2,2014,20141114,14,6,318,2,2014,2014,Qtr 4,Tháng Mười Một,14,11,1,46
Friday,November,Vendredi,Novembre,Viernes,Noviembre,4,2,2014,20141121,21,6,325,2,2014,2014,Qtr 4,Tháng Mười Một,21,11,1,47
Friday,November,Vendredi,Novembre,Viernes,Noviembre,4,2,2014,20141128,28,6,332,2,2014,2014,Qtr 4,Tháng Mười Một,28,11,1,48
Friday,October,Vendredi,Octobre,Viernes,Octubre,4,2,2005,20051007,7,6,280,2,2006,2005,Qtr 4,Tháng Mười,7,10,1,41
Friday,October,Vendredi,Octobre,Viernes,Octubre,4,2,2005,20051014,14,6,287,2,2006,2005,Qtr 4,Tháng Mười,14,10,1,42
Friday,October,Vendredi,Octobre,Viernes,Octubre,4,2,2005,20051021,21,6,294,2,2006,2005,Qtr 4,Tháng Mười,21,10,1,43
Friday,October,Vendredi,Octobre,Viernes,Octubre,4,2,2005,20051028,28,6,301,2,2006,2005,Qtr 4,Tháng Mười,28,10,1,44
Friday,October,Vendredi,Octobre,Viernes,Octubre,4,2,2006,20061006,6,6,279,2,2007,2006,Qtr 4,Tháng Mười,6,10,1,40
Friday,October,Vendredi,Octobre,Viernes,Octubre,4,2,2006,20061013,13,6,286,2,2007,2006,Qtr 4,Tháng Mười,13,10,1,41
Friday,October,Vendredi,Octobre,Viernes,Octubre,4,2,2006,20061020,20,6,293,2,2007,2006,Qtr 4,Tháng Mười,20,10,1,42
Friday,October,Vendredi,Octobre,Viernes,Octubre,4,2,2006,20061027,27,6,300,2,2007,2006,Qtr 4,Tháng Mười,27,10,1,43
Friday,October,Vendredi,Octobre,Viernes,Octubre,4,2,2007,20071005,5,6,278,2,2008,2007,Qtr 4,Tháng Mười,5,10,1,40
Friday,October,Vendredi,Octobre,Viernes,Octubre,4,2,2007,20071012,12,6,285,2,2008,2007,Qtr 4,Tháng Mười,12,10,1,41
Friday,October,Vendredi,Octobre,Viernes,Octubre,4,2,2007,20071019,19,6,292,2,2008,2007,Qtr 4,Tháng Mười,19,10,1,42
Friday,October,Vendredi,Octobre,Viernes,Octubre,4,2,2007,20071026,26,6,299,2,2008,2007,Qtr 4,Tháng Mười,26,10,1,43
Friday,October,Vendredi,Octobre,Viernes,Octubre,4,2,2008,20081003,3,6,277,2,2009,2008,Qtr 4,Tháng Mười,3,10,1,40
Friday,October,Vendredi,Octobre,Viernes,Octubre,4,2,2008,20081010,10,6,284,2,2009,2008,Qtr 4,Tháng Mười,10,10,1,41
Friday,October,Vendredi,Octobre,Viernes,Octubre,4,2,2008,20081017,17,6,291,2,2009,2008,Qtr 4,Tháng Mười,17,10,1,42
Friday,October,Vendredi,Octobre,Viernes,Octubre,4,2,2008,20081024,24,6,298,2,2009,2008,Qtr 4,Tháng Mười,24,10,1,43
Friday,October,Vendredi,Octobre,Viernes,Octubre,4,2,2008,20081031,31,6,305,2,2009,2008,Qtr 4,Tháng Mười,31,10,1,44
Friday,October,Vendredi,Octobre,Viernes,Octubre,4,2,2009,20091002,2,6,275,2,2010,2009,Qtr 4,Tháng Mười,2,10,1,40
Friday,October,Vendredi,Octobre,Viernes,Octubre,4,2,2009,20091009,9,6,282,2,2010,2009,Qtr 4,Tháng Mười,9,10,1,41
Friday,October,Vendredi,Octobre,Viernes,Octubre,4,2,2009,20091016,16,6,289,2,2010,2009,Qtr 4,Tháng Mười,16,10,1,42
Friday,October,Vendredi,Octobre,Viernes,Octubre,4,2,2009,20091023,23,6,296,2,2010,2009,Qtr 4,Tháng Mười,23,10,1,43
Friday,October,Vendredi,Octobre,Viernes,Octubre,4,2,2009,20091030,30,6,303,2,2010,2009,Qtr 4,Tháng Mười,30,10,1,44
Friday,October,Vendredi,Octobre,Viernes,Octubre,4,2,2010,20101001,1,6,274,2,2011,2010,Qtr 4,Tháng Mười,1,10,1,40
Friday,October,Vendredi,Octobre,Viernes,Octubre,4,2,2010,20101008,8,6,281,2,2011,2010,Qtr 4,Tháng Mười,8,10,1,41
Friday,October,Vendredi,Octobre,Viernes,Octubre,4,2,2010,20101015,15,6,288,2,2011,2010,Qtr 4,Tháng Mười,15,10,1,42
Friday,October,Vendredi,Octobre,Viernes,Octubre,4,2,2010,20101022,22,6,295,2,2011,2010,Qtr 4,Tháng Mười,22,10,1,43
Friday,October,Vendredi,Octobre,Viernes,Octubre,4,2,2010,20101029,29,6,302,2,2011,2010,Qtr 4,Tháng Mười,29,10,1,44
Friday,October,Vendredi,Octobre,Viernes,Octubre,4,2,2011,20111007,7,6,280,2,2011,2011,Qtr 4,Tháng Mười,7,10,1,41
Friday,October,Vendredi,Octobre,Viernes,Octubre,4,2,2011,20111014,14,6,287,2,2011,2011,Qtr 4,Tháng Mười,14,10,1,42
Friday,October,Vendredi,Octobre,Viernes,Octubre,4,2,2011,20111021,21,6,294,2,2011,2011,Qtr 4,Tháng Mười,21,10,1,43
Friday,October,Vendredi,Octobre,Viernes,Octubre,4,2,2011,20111028,28,6,301,2,2011,2011,Qtr 4,Tháng Mười,28,10,1,44
Friday,October,Vendredi,Octobre,Viernes,Octubre,4,2,2012,20121005,5,6,279,2,2012,2012,Qtr 4,Tháng Mười,5,10,1,40
Friday,October,Vendredi,Octobre,Viernes,Octubre,4,2,2012,20121012,12,6,286,2,2012,2012,Qtr 4,Tháng Mười,12,10,1,41
Friday,October,Vendredi,Octobre,Viernes,Octubre,4,2,2012,20121019,19,6,293,2,2012,2012,Qtr 4,Tháng Mười,19,10,1,42
Friday,October,Vendredi,Octobre,Viernes,Octubre,4,2,2012,20121026,26,6,300,2,2012,2012,Qtr 4,Tháng Mười,26,10,1,43
Friday,October,Vendredi,Octobre,Viernes,Octubre,4,2,2013,20131004,4,6,277,2,2013,2013,Qtr 4,Tháng Mười,4,10,1,40
Friday,October,Vendredi,Octobre,Viernes,Octubre,4,2,2013,20131011,11,6,284,2,2013,2013,Qtr 4,Tháng Mười,11,10,1,41
Friday,October,Vendredi,Octobre,Viernes,Octubre,4,2,2013,20131018,18,6,291,2,2013,2013,Qtr 4,Tháng Mười,18,10,1,42
Friday,October,Vendredi,Octobre,Viernes,Octubre,4,2,2013,20131025,25,6,298,2,2013,2013,Qtr 4,Tháng Mười,25,10,1,43
Friday,October,Vendredi,Octobre,Viernes,Octubre,4,2,2014,20141003,3,6,276,2,2014,2014,Qtr 4,Tháng Mười,3,10,1,40
Friday,October,Vendredi,Octobre,Viernes,Octubre,4,2,2014,20141010,10,6,283,2,2014,2014,Qtr 4,Tháng Mười,10,10,1,41
Friday,October,Vendredi,Octobre,Viernes,Octubre,4,2,2014,20141017,17,6,290,2,2014,2014,Qtr 4,Tháng Mười,17,10,1,42
Friday,October,Vendredi,Octobre,Viernes,Octubre,4,2,2014,20141024,24,6,297,2,2014,2014,Qtr 4,Tháng Mười,24,10,1,43
Friday,October,Vendredi,Octobre,Viernes,Octubre,4,2,2014,20141031,31,6,304,2,2014,2014,Qtr 4,Tháng Mười,31,10,1,44
Friday,September,Vendredi,Septembre,Viernes,Septiembre,3,2,2005,20050902,2,6,245,1,2006,2005,Qtr 3,Tháng Chín,2,9,1,36
Friday,September,Vendredi,Septembre,Viernes,Septiembre,3,2,2005,20050909,9,6,252,1,2006,2005,Qtr 3,Tháng Chín,9,9,1,37
Friday,September,Vendredi,Septembre,Viernes,Septiembre,3,2,2005,20050916,16,6,259,1,2006,2005,Qtr 3,Tháng Chín,16,9,1,38
Friday,September,Vendredi,Septembre,Viernes,Septiembre,3,2,2005,20050923,23,6,266,1,2006,2005,Qtr 3,Tháng Chín,23,9,1,39
Friday,September,Vendredi,Septembre,Viernes,Septiembre,3,2,2005,20050930,30,6,273,1,2006,2005,Qtr 3,Tháng Chín,30,9,1,40
Friday,September,Vendredi,Septembre,Viernes,Septiembre,3,2,2006,20060901,1,6,244,1,2007,2006,Qtr 3,Tháng Chín,1,9,1,35
Friday,September,Vendredi,Septembre,Viernes,Septiembre,3,2,2006,20060908,8,6,251,1,2007,2006,Qtr 3,Tháng Chín,8,9,1,36
Friday,September,Vendredi,Septembre,Viernes,Septiembre,3,2,2006,20060915,15,6,258,1,2007,2006,Qtr 3,Tháng Chín,15,9,1,37
Friday,September,Vendredi,Septembre,Viernes,Septiembre,3,2,2006,20060922,22,6,265,1,2007,2006,Qtr 3,Tháng Chín,22,9,1,38
Friday,September,Vendredi,Septembre,Viernes,Septiembre,3,2,2006,20060929,29,6,272,1,2007,2006,Qtr 3,Tháng Chín,29,9,1,39
Friday,September,Vendredi,Septembre,Viernes,Septiembre,3,2,2007,20070907,7,6,250,1,2008,2007,Qtr 3,Tháng Chín,7,9,1,36
Friday,September,Vendredi,Septembre,Viernes,Septiembre,3,2,2007,20070914,14,6,257,1,2008,2007,Qtr 3,Tháng Chín,14,9,1,37
Friday,September,Vendredi,Septembre,Viernes,Septiembre,3,2,2007,20070921,21,6,264,1,2008,2007,Qtr 3,Tháng Chín,21,9,1,38
Friday,September,Vendredi,Septembre,Viernes,Septiembre,3,2,2007,20070928,28,6,271,1,2008,2007,Qtr 3,Tháng Chín,28,9,1,39
Friday,September,Vendredi,Septembre,Viernes,Septiembre,3,2,2008,20080905,5,6,249,1,2009,2008,Qtr 3,Tháng Chín,5,9,1,36
Friday,September,Vendredi,Septembre,Viernes,Septiembre,3,2,2008,20080912,12,6,256,1,2009,2008,Qtr 3,Tháng Chín,12,9,1,37
Friday,September,Vendredi,Septembre,Viernes,Septiembre,3,2,2008,20080919,19,6,263,1,2009,2008,Qtr 3,Tháng Chín,19,9,1,38
Friday,September,Vendredi,Septembre,Viernes,Septiembre,3,2,2008,20080926,26,6,270,1,2009,2008,Qtr 3,Tháng Chín,26,9,1,39
Friday,September,Vendredi,Septembre,Viernes,Septiembre,3,2,2009,20090904,4,6,247,1,2010,2009,Qtr 3,Tháng Chín,4,9,1,36
Friday,September,Vendredi,Septembre,Viernes,Septiembre,3,2,2009,20090911,11,6,254,1,2010,2009,Qtr 3,Tháng Chín,11,9,1,37
Friday,September,Vendredi,Septembre,Viernes,Septiembre,3,2,2009,20090918,18,6,261,1,2010,2009,Qtr 3,Tháng Chín,18,9,1,38
Friday,September,Vendredi,Septembre,Viernes,Septiembre,3,2,2009,20090925,25,6,268,1,2010,2009,Qtr 3,Tháng Chín,25,9,1,39
Friday,September,Vendredi,Septembre,Viernes,Septiembre,3,2,2010,20100903,3,6,246,1,2011,2010,Qtr 3,Tháng Chín,3,9,1,36
Friday,September,Vendredi,Septembre,Viernes,Septiembre,3,2,2010,20100910,10,6,253,1,2011,2010,Qtr 3,Tháng Chín,10,9,1,37
Friday,September,Vendredi,Septembre,Viernes,Septiembre,3,2,2010,20100917,17,6,260,1,2011,2010,Qtr 3,Tháng Chín,17,9,1,38
Friday,September,Vendredi,Septembre,Viernes,Septiembre,3,2,2010,20100924,24,6,267,1,2011,2010,Qtr 3,Tháng Chín,24,9,1,39
Friday,September,Vendredi,Septembre,Viernes,Septiembre,3,2,2011,20110902,2,6,245,1,2011,2011,Qtr 3,Tháng Chín,2,9,1,36
Friday,September,Vendredi,Septembre,Viernes,Septiembre,3,2,2011,20110909,9,6,252,1,2011,2011,Qtr 3,Tháng Chín,9,9,1,37
Friday,September,Vendredi,Septembre,Viernes,Septiembre,3,2,2011,20110916,16,6,259,1,2011,2011,Qtr 3,Tháng Chín,16,9,1,38
Friday,September,Vendredi,Septembre,Viernes,Septiembre,3,2,2011,20110923,23,6,266,1,2011,2011,Qtr 3,Tháng Chín,23,9,1,39
Friday,September,Vendredi,Septembre,Viernes,Septiembre,3,2,2011,20110930,30,6,273,1,2011,2011,Qtr 3,Tháng Chín,30,9,1,40
Friday,September,Vendredi,Septembre,Viernes,Septiembre,3,2,2012,20120907,7,6,251,1,2012,2012,Qtr 3,Tháng Chín,7,9,1,36
Friday,September,Vendredi,Septembre,Viernes,Septiembre,3,2,2012,20120914,14,6,258,1,2012,2012,Qtr 3,Tháng Chín,14,9,1,37
Friday,September,Vendredi,Septembre,Viernes,Septiembre,3,2,2012,20120921,21,6,265,1,2012,2012,Qtr 3,Tháng Chín,21,9,1,38
Friday,September,Vendredi,Septembre,Viernes,Septiembre,3,2,2012,20120928,28,6,272,1,2012,2012,Qtr 3,Tháng Chín,28,9,1,39
Friday,September,Vendredi,Septembre,Viernes,Septiembre,3,2,2013,20130906,6,6,249,1,2013,2013,Qtr 3,Tháng Chín,6,9,1,36
Friday,September,Vendredi,Septembre,Viernes,Septiembre,3,2,2013,20130913,13,6,256,1,2013,2013,Qtr 3,Tháng Chín,13,9,1,37
Friday,September,Vendredi,Septembre,Viernes,Septiembre,3,2,2013,20130920,20,6,263,1,2013,2013,Qtr 3,Tháng Chín,20,9,1,38
Friday,September,Vendredi,Septembre,Viernes,Septiembre,3,2,2013,20130927,27,6,270,1,2013,2013,Qtr 3,Tháng Chín,27,9,1,39
Friday,September,Vendredi,Septembre,Viernes,Septiembre,3,2,2014,20140905,5,6,248,1,2014,2014,Qtr 3,Tháng Chín,5,9,1,36
Friday,September,Vendredi,Septembre,Viernes,Septiembre,3,2,2014,20140912,12,6,255,1,2014,2014,Qtr 3,Tháng Chín,12,9,1,37
Friday,September,Vendredi,Septembre,Viernes,Septiembre,3,2,2014,20140919,19,6,262,1,2014,2014,Qtr 3,Tháng Chín,19,9,1,38
Friday,September,Vendredi,Septembre,Viernes,Septiembre,3,2,2014,20140926,26,6,269,1,2014,2014,Qtr 3,Tháng Chín,26,9,1,39
Monday,April,Lundi,Avril,Lunes,Abril,2,1,2005,20050404,4,2,94,4,2005,2005,Qtr 2,Tháng Tư,4,4,2,15
Monday,April,Lundi,Avril,Lunes,Abril,2,1,2005,20050411,11,2,101,4,2005,2005,Qtr 2,Tháng Tư,11,4,2,16
Monday,April,Lundi,Avril,Lunes,Abril,2,1,2005,20050418,18,2,108,4,2005,2005,Qtr 2,Tháng Tư,18,4,2,17
Monday,April,Lundi,Avril,Lunes,Abril,2,1,2005,20050425,25,2,115,4,2005,2005,Qtr 2,Tháng Tư,25,4,2,18
Monday,April,Lundi,Avril,Lunes,Abril,2,1,2006,20060403,3,2,93,4,2006,2006,Qtr 2,Tháng Tư,3,4,2,14
Monday,April,Lundi,Avril,Lunes,Abril,2,1,2006,20060410,10,2,100,4,2006,2006,Qtr 2,Tháng Tư,10,4,2,15
Monday,April,Lundi,Avril,Lunes,Abril,2,1,2006,20060417,17,2,107,4,2006,2006,Qtr 2,Tháng Tư,17,4,2,16
Monday,April,Lundi,Avril,Lunes,Abril,2,1,2006,20060424,24,2,114,4,2006,2006,Qtr 2,Tháng Tư,24,4,2,17
Monday,April,Lundi,Avril,Lunes,Abril,2,1,2007,20070402,2,2,92,4,2007,2007,Qtr 2,Tháng Tư,2,4,2,14
Monday,April,Lundi,Avril,Lunes,Abril,2,1,2007,20070409,9,2,99,4,2007,2007,Qtr 2,Tháng Tư,9,4,2,15
Monday,April,Lundi,Avril,Lunes,Abril,2,1,2007,20070416,16,2,106,4,2007,2007,Qtr 2,Tháng Tư,16,4,2,16
Monday,April,Lundi,Avril,Lunes,Abril,2,1,2007,20070423,23,2,113,4,2007,2007,Qtr 2,Tháng Tư,23,4,2,17
Monday,April,Lundi,Avril,Lunes,Abril,2,1,2007,20070430,30,2,120,4,2007,2007,Qtr 2,Tháng Tư,30,4,2,18
Monday,April,Lundi,Avril,Lunes,Abril,2,1,2008,20080407,7,2,98,4,2008,2008,Qtr 2,Tháng Tư,7,4,2,15
Monday,April,Lundi,Avril,Lunes,Abril,2,1,2008,20080414,14,2,105,4,2008,2008,Qtr 2,Tháng Tư,14,4,2,16
Monday,April,Lundi,Avril,Lunes,Abril,2,1,2008,20080421,21,2,112,4,2008,2008,Qtr 2,Tháng Tư,21,4,2,17
Monday,April,Lundi,Avril,Lunes,Abril,2,1,2008,20080428,28,2,119,4,2008,2008,Qtr 2,Tháng Tư,28,4,2,18
Monday,April,Lundi,Avril,Lunes,Abril,2,1,2009,20090406,6,2,96,4,2009,2009,Qtr 2,Tháng Tư,6,4,2,15
Monday,April,Lundi,Avril,Lunes,Abril,2,1,2009,20090413,13,2,103,4,2009,2009,Qtr 2,Tháng Tư,13,4,2,16
Monday,April,Lundi,Avril,Lunes,Abril,2,1,2009,20090420,20,2,110,4,2009,2009,Qtr 2,Tháng Tư,20,4,2,17
Monday,April,Lundi,Avril,Lunes,Abril,2,1,2009,20090427,27,2,117,4,2009,2009,Qtr 2,Tháng Tư,27,4,2,18
Monday,April,Lundi,Avril,Lunes,Abril,2,1,2010,20100405,5,2,95,4,2010,2010,Qtr 2,Tháng Tư,5,4,2,15
Monday,April,Lundi,Avril,Lunes,Abril,2,1,2010,20100412,12,2,102,4,2010,2010,Qtr 2,Tháng Tư,12,4,2,16
Monday,April,Lundi,Avril,Lunes,Abril,2,1,2010,20100419,19,2,109,4,2010,2010,Qtr 2,Tháng Tư,19,4,2,17
Monday,April,Lundi,Avril,Lunes,Abril,2,1,2010,20100426,26,2,116,4,2010,2010,Qtr 2,Tháng Tư,26,4,2,18
Monday,April,Lundi,Avril,Lunes,Abril,2,1,2011,20110404,4,2,94,4,2010,2011,Qtr 2,Tháng Tư,4,4,2,15
Monday,April,Lundi,Avril,Lunes,Abril,2,1,2011,20110411,11,2,101,4,2010,2011,Qtr 2,Tháng Tư,11,4,2,16
Monday,April,Lundi,Avril,Lunes,Abril,2,1,2011,20110418,18,2,108,4,2010,2011,Qtr 2,Tháng Tư,18,4,2,17
Monday,April,Lundi,Avril,Lunes,Abril,2,1,2011,20110425,25,2,115,4,2010,2011,Qtr 2,Tháng Tư,25,4,2,18
Monday,April,Lundi,Avril,Lunes,Abril,2,1,2012,20120402,2,2,93,4,2011,2012,Qtr 2,Tháng Tư,2,4,2,14
Monday,April,Lundi,Avril,Lunes,Abril,2,1,2012,20120409,9,2,100,4,2011,2012,Qtr 2,Tháng Tư,9,4,2,15
Monday,April,Lundi,Avril,Lunes,Abril,2,1,2012,20120416,16,2,107,4,2011,2012,Qtr 2,Tháng Tư,16,4,2,16
Monday,April,Lundi,Avril,Lunes,Abril,2,1,2012,20120423,23,2,114,4,2011,2012,Qtr 2,Tháng Tư,23,4,2,17
Monday,April,Lundi,Avril,Lunes,Abril,2,1,2012,20120430,30,2,121,4,2011,2012,Qtr 2,Tháng Tư,30,4,2,18
Monday,April,Lundi,Avril,Lunes,Abril,2,1,2013,20130401,1,2,91,4,2012,2013,Qtr 2,Tháng Tư,1,4,2,14
Monday,April,Lundi,Avril,Lunes,Abril,2,1,2013,20130408,8,2,98,4,2012,2013,Qtr 2,Tháng Tư,8,4,2,15
Monday,April,Lundi,Avril,Lunes,Abril,2,1,2013,20130415,15,2,105,4,2012,2013,Qtr 2,Tháng Tư,15,4,2,16
Monday,April,Lundi,Avril,Lunes,Abril,2,1,2013,20130422,22,2,112,4,2012,2013,Qtr 2,Tháng Tư,22,4,2,17
Monday,April,Lundi,Avril,Lunes,Abril,2,1,2013,20130429,29,2,119,4,2012,2013,Qtr 2,Tháng Tư,29,4,2,18
Monday,April,Lundi,Avril,Lunes,Abril,2,1,2014,20140407,7,2,97,4,2013,2014,Qtr 2,Tháng Tư,7,4,2,15
Monday,April,Lundi,Avril,Lunes,Abril,2,1,2014,20140414,14,2,104,4,2013,2014,Qtr 2,Tháng Tư,14,4,2,16
Monday,April,Lundi,Avril,Lunes,Abril,2,1,2014,20140421,21,2,111,4,2013,2014,Qtr 2,Tháng Tư,21,4,2,17
Monday,April,Lundi,Avril,Lunes,Abril,2,1,2014,20140428,28,2,118,4,2013,2014,Qtr 2,Tháng Tư,28,4,2,18
Monday,August,Lundi,Août,Lunes,Agosto,3,2,2005,20050801,1,2,213,1,2006,2005,Qtr 3,Tháng Tám,1,8,1,32
Monday,August,Lundi,Août,Lunes,Agosto,3,2,2005,20050808,8,2,220,1,2006,2005,Qtr 3,Tháng Tám,8,8,1,33
Monday,August,Lundi,Août,Lunes,Agosto,3,2,2005,20050815,15,2,227,1,2006,2005,Qtr 3,Tháng Tám,15,8,1,34
Monday,August,Lundi,Août,Lunes,Agosto,3,2,2005,20050822,22,2,234,1,2006,2005,Qtr 3,Tháng Tám,22,8,1,35
Monday,August,Lundi,Août,Lunes,Agosto,3,2,2005,20050829,29,2,241,1,2006,2005,Qtr 3,Tháng Tám,29,8,1,36
Monday,August,Lundi,Août,Lunes,Agosto,3,2,2006,20060807,7,2,219,1,2007,2006,Qtr 3,Tháng Tám,7,8,1,32
Monday,August,Lundi,Août,Lunes,Agosto,3,2,2006,20060814,14,2,226,1,2007,2006,Qtr 3,Tháng Tám,14,8,1,33
Monday,August,Lundi,Août,Lunes,Agosto,3,2,2006,20060821,21,2,233,1,2007,2006,Qtr 3,Tháng Tám,21,8,1,34
Monday,August,Lundi,Août,Lunes,Agosto,3,2,2006,20060828,28,2,240,1,2007,2006,Qtr 3,Tháng Tám,28,8,1,35
Monday,August,Lundi,Août,Lunes,Agosto,3,2,2007,20070806,6,2,218,1,2008,2007,Qtr 3,Tháng Tám,6,8,1,32
Monday,August,Lundi,Août,Lunes,Agosto,3,2,2007,20070813,13,2,225,1,2008,2007,Qtr 3,Tháng Tám,13,8,1,33
Monday,August,Lundi,Août,Lunes,Agosto,3,2,2007,20070820,20,2,232,1,2008,2007,Qtr 3,Tháng Tám,20,8,1,34
Monday,August,Lundi,Août,Lunes,Agosto,3,2,2007,20070827,27,2,239,1,2008,2007,Qtr 3,Tháng Tám,27,8,1,35
Monday,August,Lundi,Août,Lunes,Agosto,3,2,2008,20080804,4,2,217,1,2009,2008,Qtr 3,Tháng Tám,4,8,1,32
Monday,August,Lundi,Août,Lunes,Agosto,3,2,2008,20080811,11,2,224,1,2009,2008,Qtr 3,Tháng Tám,11,8,1,33
Monday,August,Lundi,Août,Lunes,Agosto,3,2,2008,20080818,18,2,231,1,2009,2008,Qtr 3,Tháng Tám,18,8,1,34
Monday,August,Lundi,Août,Lunes,Agosto,3,2,2008,20080825,25,2,238,1,2009,2008,Qtr 3,Tháng Tám,25,8,1,35
Monday,August,Lundi,Août,Lunes,Agosto,3,2,2009,20090803,3,2,215,1,2010,2009,Qtr 3,Tháng Tám,3,8,1,32
Monday,August,Lundi,Août,Lunes,Agosto,3,2,2009,20090810,10,2,222,1,2010,2009,Qtr 3,Tháng Tám,10,8,1,33
Monday,August,Lundi,Août,Lunes,Agosto,3,2,2009,20090817,17,2,229,1,2010,2009,Qtr 3,Tháng Tám,17,8,1,34
Monday,August,Lundi,Août,Lunes,Agosto,3,2,2009,20090824,24,2,236,1,2010,2009,Qtr 3,Tháng Tám,24,8,1,35
Monday,August,Lundi,Août,Lunes,Agosto,3,2,2009,20090831,31,2,243,1,2010,2009,Qtr 3,Tháng Tám,31,8,1,36
Monday,August,Lundi,Août,Lunes,Agosto,3,2,2010,20100802,2,2,214,1,2011,2010,Qtr 3,Tháng Tám,2,8,1,32
Monday,August,Lundi,Août,Lunes,Agosto,3,2,2010,20100809,9,2,221,1,2011,2010,Qtr 3,Tháng Tám,9,8,1,33
Monday,August,Lundi,Août,Lunes,Agosto,3,2,2010,20100816,16,2,228,1,2011,2010,Qtr 3,Tháng Tám,16,8,1,34
Monday,August,Lundi,Août,Lunes,Agosto,3,2,2010,20100823,23,2,235,1,2011,2010,Qtr 3,Tháng Tám,23,8,1,35
Monday,August,Lundi,Août,Lunes,Agosto,3,2,2010,20100830,30,2,242,1,2011,2010,Qtr 3,Tháng Tám,30,8,1,36
Monday,August,Lundi,Août,Lunes,Agosto,3,2,2011,20110801,1,2,213,1,2011,2011,Qtr 3,Tháng Tám,1,8,1,32
Monday,August,Lundi,Août,Lunes,Agosto,3,2,2011,20110808,8,2,220,1,2011,2011,Qtr 3,Tháng Tám,8,8,1,33
Monday,August,Lundi,Août,Lunes,Agosto,3,2,2011,20110815,15,2,227,1,2011,2011,Qtr 3,Tháng Tám,15,8,1,34
Monday,August,Lundi,Août,Lunes,Agosto,3,2,2011,20110822,22,2,234,1,2011,2011,Qtr 3,Tháng Tám,22,8,1,35
Monday,August,Lundi,Août,Lunes,Agosto,3,2,2011,20110829,29,2,241,1,2011,2011,Qtr 3,Tháng Tám,29,8,1,36
Monday,August,Lundi,Août,Lunes,Agosto,3,2,2012,20120806,6,2,219,1,2012,2012,Qtr 3,Tháng Tám,6,8,1,32
Monday,August,Lundi,Août,Lunes,Agosto,3,2,2012,20120813,13,2,226,1,2012,2012,Qtr 3,Tháng Tám,13,8,1,33
Monday,August,Lundi,Août,Lunes,Agosto,3,2,2012,20120820,20,2,233,1,2012,2012,Qtr 3,Tháng Tám,20,8,1,34
Monday,August,Lundi,Août,Lunes,Agosto,3,2,2012,20120827,27,2,240,1,2012,2012,Qtr 3,Tháng Tám,27,8,1,35
Monday,August,Lundi,Août,Lunes,Agosto,3,2,2013,20130805,5,2,217,1,2013,2013,Qtr 3,Tháng Tám,5,8,1,32
Monday,August,Lundi,Août,Lunes,Agosto,3,2,2013,20130812,12,2,224,1,2013,2013,Qtr 3,Tháng Tám,12,8,1,33
Monday,August,Lundi,Août,Lunes,Agosto,3,2,2013,20130819,19,2,231,1,2013,2013,Qtr 3,Tháng Tám,19,8,1,34
Monday,August,Lundi,Août,Lunes,Agosto,3,2,2013,20130826,26,2,238,1,2013,2013,Qtr 3,Tháng Tám,26,8,1,35
Monday,August,Lundi,Août,Lunes,Agosto,3,2,2014,20140804,4,2,216,1,2014,2014,Qtr 3,Tháng Tám,4,8,1,32
Monday,August,Lundi,Août,Lunes,Agosto,3,2,2014,20140811,11,2,223,1,2014,2014,Qtr 3,Tháng Tám,11,8,1,33
Monday,August,Lundi,Août,Lunes,Agosto,3,2,2014,20140818,18,2,230,1,2014,2014,Qtr 3,Tháng Tám,18,8,1,34
Monday,August,Lundi,Août,Lunes,Agosto,3,2,2014,20140825,25,2,237,1,2014,2014,Qtr 3,Tháng Tám,25,8,1,35
Monday,December,Lundi,Décembre,Lunes,Diciembre,4,2,2005,20051205,5,2,339,2,2006,2005,Qtr 4,Tháng Mười Hai,5,12,1,50
Monday,December,Lundi,Décembre,Lunes,Diciembre,4,2,2005,20051212,12,2,346,2,2006,2005,Qtr 4,Tháng Mười Hai,12,12,1,51
Monday,December,Lundi,Décembre,Lunes,Diciembre,4,2,2005,20051219,19,2,353,2,2006,2005,Qtr 4,Tháng Mười Hai,19,12,1,52
Monday,December,Lundi,Décembre,Lunes,Diciembre,4,2,2005,20051226,26,2,360,2,2006,2005,Qtr 4,Tháng Mười Hai,26,12,1,53
Monday,December,Lundi,Décembre,Lunes,Diciembre,4,2,2006,20061204,4,2,338,2,2007,2006,Qtr 4,Tháng Mười Hai,4,12,1,49
Monday,December,Lundi,Décembre,Lunes,Diciembre,4,2,2006,20061211,11,2,345,2,2007,2006,Qtr 4,Tháng Mười Hai,11,12,1,50
Monday,December,Lundi,Décembre,Lunes,Diciembre,4,2,2006,20061218,18,2,352,2,2007,2006,Qtr 4,Tháng Mười Hai,18,12,1,51
Monday,December,Lundi,Décembre,Lunes,Diciembre,4,2,2006,20061225,25,2,359,2,2007,2006,Qtr 4,Tháng Mười Hai,25,12,1,52
Monday,December,Lundi,Décembre,Lunes,Diciembre,4,2,2007,20071203,3,2,337,2,2008,2007,Qtr 4,Tháng Mười Hai,3,12,1,49
Monday,December,Lundi,Décembre,Lunes,Diciembre,4,2,2007,20071210,10,2,344,2,2008,2007,Qtr 4,Tháng Mười Hai,10,12,1,50
Monday,December,Lundi,Décembre,Lunes,Diciembre,4,2,2007,20071217,17,2,351,2,2008,2007,Qtr 4,Tháng Mười Hai,17,12,1,51
Monday,December,Lundi,Décembre,Lunes,Diciembre,4,2,2007,20071224,24,2,358,2,2008,2007,Qtr 4,Tháng Mười Hai,24,12,1,52
Monday,December,Lundi,Décembre,Lunes,Diciembre,4,2,2007,20071231,31,2,365,2,2008,2007,Qtr 4,Tháng Mười Hai,31,12,1,53
Monday,December,Lundi,Décembre,Lunes,Diciembre,4,2,2008,20081201,1,2,336,2,2009,2008,Qtr 4,Tháng Mười Hai,1,12,1,49
Monday,December,Lundi,Décembre,Lunes,Diciembre,4,2,2008,20081208,8,2,343,2,2009,2008,Qtr 4,Tháng Mười Hai,8,12,1,50
Monday,December,Lundi,Décembre,Lunes,Diciembre,4,2,2008,20081215,15,2,350,2,2009,2008,Qtr 4,Tháng Mười Hai,15,12,1,51
Monday,December,Lundi,Décembre,Lunes,Diciembre,4,2,2008,20081222,22,2,357,2,2009,2008,Qtr 4,Tháng Mười Hai,22,12,1,52
Monday,December,Lundi,Décembre,Lunes,Diciembre,4,2,2008,20081229,29,2,364,2,2009,2008,Qtr 4,Tháng Mười Hai,29,12,1,53
Monday,December,Lundi,Décembre,Lunes,Diciembre,4,2,2009,20091207,7,2,341,2,2010,2009,Qtr 4,Tháng Mười Hai,7,12,1,50
Monday,December,Lundi,Décembre,Lunes,Diciembre,4,2,2009,20091214,14,2,348,2,2010,2009,Qtr 4,Tháng Mười Hai,14,12,1,51
Monday,December,Lundi,Décembre,Lunes,Diciembre,4,2,2009,20091221,21,2,355,2,2010,2009,Qtr 4,Tháng Mười Hai,21,12,1,52
Monday,December,Lundi,Décembre,Lunes,Diciembre,4,2,2009,20091228,28,2,362,2,2010,2009,Qtr 4,Tháng Mười Hai,28,12,1,53
Monday,December,Lundi,Décembre,Lunes,Diciembre,4,2,2010,20101206,6,2,340,2,2011,2010,Qtr 4,Tháng Mười Hai,6,12,1,50
Monday,December,Lundi,Décembre,Lunes,Diciembre,4,2,2010,20101213,13,2,347,2,2011,2010,Qtr 4,Tháng Mười Hai,13,12,1,51
Monday,December,Lundi,Décembre,Lunes,Diciembre,4,2,2010,20101220,20,2,354,2,2011,2010,Qtr 4,Tháng Mười Hai,20,12,1,52
Monday,December,Lundi,Décembre,Lunes,Diciembre,4,2,2010,20101227,27,2,361,2,2011,2010,Qtr 4,Tháng Mười Hai,27,12,1,53
Monday,December,Lundi,Décembre,Lunes,Diciembre,4,2,2011,20111205,5,2,339,2,2011,2011,Qtr 4,Tháng Mười Hai,5,12,1,50
Monday,December,Lundi,Décembre,Lunes,Diciembre,4,2,2011,20111212,12,2,346,2,2011,2011,Qtr 4,Tháng Mười Hai,12,12,1,51
Monday,December,Lundi,Décembre,Lunes,Diciembre,4,2,2011,20111219,19,2,353,2,2011,2011,Qtr 4,Tháng Mười Hai,19,12,1,52
Monday,December,Lundi,Décembre,Lunes,Diciembre,4,2,2011,20111226,26,2,360,2,2011,2011,Qtr 4,Tháng Mười Hai,26,12,1,53
Monday,December,Lundi,Décembre,Lunes,Diciembre,4,2,2012,20121203,3,2,338,2,2012,2012,Qtr 4,Tháng Mười Hai,3,12,1,49
Monday,December,Lundi,Décembre,Lunes,Diciembre,4,2,2012,20121210,10,2,345,2,2012,2012,Qtr 4,Tháng Mười Hai,10,12,1,50
Monday,December,Lundi,Décembre,Lunes,Diciembre,4,2,2012,20121217,17,2,352,2,2012,2012,Qtr 4,Tháng Mười Hai,17,12,1,51
Monday,December,Lundi,Décembre,Lunes,Diciembre,4,2,2012,20121224,24,2,359,2,2012,2012,Qtr 4,Tháng Mười Hai,24,12,1,52
Monday,December,Lundi,Décembre,Lunes,Diciembre,4,2,2012,20121231,31,2,366,2,2012,2012,Qtr 4,Tháng Mười Hai,31,12,1,53
Monday,December,Lundi,Décembre,Lunes,Diciembre,4,2,2013,20131202,2,2,336,2,2013,2013,Qtr 4,Tháng Mười Hai,2,12,1,49
Monday,December,Lundi,Décembre,Lunes,Diciembre,4,2,2013,20131209,9,2,343,2,2013,2013,Qtr 4,Tháng Mười Hai,9,12,1,50
Monday,December,Lundi,Décembre,Lunes,Diciembre,4,2,2013,20131216,16,2,350,2,2013,2013,Qtr 4,Tháng Mười Hai,16,12,1,51
Monday,December,Lundi,Décembre,Lunes,Diciembre,4,2,2013,20131223,23,2,357,2,2013,2013,Qtr 4,Tháng Mười Hai,23,12,1,52
Monday,December,Lundi,Décembre,Lunes,Diciembre,4,2,2013,20131230,30,2,364,2,2013,2013,Qtr 4,Tháng Mười Hai,30,12,1,53
Monday,December,Lundi,Décembre,Lunes,Diciembre,4,2,2014,20141201,1,2,335,2,2014,2014,Qtr 4,Tháng Mười Hai,1,12,1,49
Monday,December,Lundi,Décembre,Lunes,Diciembre,4,2,2014,20141208,8,2,342,2,2014,2014,Qtr 4,Tháng Mười Hai,8,12,1,50
Monday,December,Lundi,Décembre,Lunes,Diciembre,4,2,2014,20141215,15,2,349,2,2014,2014,Qtr 4,Tháng Mười Hai,15,12,1,51
Monday,December,Lundi,Décembre,Lunes,Diciembre,4,2,2014,20141222,22,2,356,2,2014,2014,Qtr 4,Tháng Mười Hai,22,12,1,52
Monday,December,Lundi,Décembre,Lunes,Diciembre,4,2,2014,20141229,29,2,363,2,2014,2014,Qtr 4,Tháng Mười Hai,29,12,1,53
Monday,February,Lundi,Février,Lunes,Febrero,1,1,2005,20050207,7,2,38,3,2005,2005,Qtr 1,Tháng Hai,7,2,2,7
Monday,February,Lundi,Février,Lunes,Febrero,1,1,2005,20050214,14,2,45,3,2005,2005,Qtr 1,Tháng Hai,14,2,2,8
Monday,February,Lundi,Février,Lunes,Febrero,1,1,2005,20050221,21,2,52,3,2005,2005,Qtr 1,Tháng Hai,21,2,2,9
Monday,February,Lundi,Février,Lunes,Febrero,1,1,2005,20050228,28,2,59,3,2005,2005,Qtr 1,Tháng Hai,28,2,2,10
Monday,February,Lundi,Février,Lunes,Febrero,1,1,2006,20060206,6,2,37,3,2006,2006,Qtr 1,Tháng Hai,6,2,2,6
Monday,February,Lundi,Février,Lunes,Febrero,1,1,2006,20060213,13,2,44,3,2006,2006,Qtr 1,Tháng Hai,13,2,2,7
Monday,February,Lundi,Février,Lunes,Febrero,1,1,2006,20060220,20,2,51,3,2006,2006,Qtr 1,Tháng Hai,20,2,2,8
Monday,February,Lundi,Février,Lunes,Febrero,1,1,2006,20060227,27,2,58,3,2006,2006,Qtr 1,Tháng Hai,27,2,2,9
Monday,February,Lundi,Février,Lunes,Febrero,1,1,2007,20070205,5,2,36,3,2007,2007,Qtr 1,Tháng Hai,5,2,2,6
Monday,February,Lundi,Février,Lunes,Febrero,1,1,2007,20070212,12,2,43,3,2007,2007,Qtr 1,Tháng Hai,12,2,2,7
Monday,February,Lundi,Février,Lunes,Febrero,1,1,2007,20070219,19,2,50,3,2007,2007,Qtr 1,Tháng Hai,19,2,2,8
Monday,February,Lundi,Février,Lunes,Febrero,1,1,2007,20070226,26,2,57,3,2007,2007,Qtr 1,Tháng Hai,26,2,2,9
Monday,February,Lundi,Février,Lunes,Febrero,1,1,2008,20080204,4,2,35,3,2008,2008,Qtr 1,Tháng Hai,4,2,2,6
Monday,February,Lundi,Février,Lunes,Febrero,1,1,2008,20080211,11,2,42,3,2008,2008,Qtr 1,Tháng Hai,11,2,2,7
Monday,February,Lundi,Février,Lunes,Febrero,1,1,2008,20080218,18,2,49,3,2008,2008,Qtr 1,Tháng Hai,18,2,2,8
Monday,February,Lundi,Février,Lunes,Febrero,1,1,2008,20080225,25,2,56,3,2008,2008,Qtr 1,Tháng Hai,25,2,2,9
Monday,February,Lundi,Février,Lunes,Febrero,1,1,2009,20090202,2,2,33,3,2009,2009,Qtr 1,Tháng Hai,2,2,2,6
Monday,February,Lundi,Février,Lunes,Febrero,1,1,2009,20090209,9,2,40,3,2009,2009,Qtr 1,Tháng Hai,9,2,2,7
Monday,February,Lundi,Février,Lunes,Febrero,1,1,2009,20090216,16,2,47,3,2009,2009,Qtr 1,Tháng Hai,16,2,2,8
Monday,February,Lundi,Février,Lunes,Febrero,1,1,2009,20090223,23,2,54,3,2009,2009,Qtr 1,Tháng Hai,23,2,2,9
Monday,February,Lundi,Février,Lunes,Febrero,1,1,2010,20100201,1,2,32,3,2010,2010,Qtr 1,Tháng Hai,1,2,2,6
Monday,February,Lundi,Février,Lunes,Febrero,1,1,2010,20100208,8,2,39,3,2010,2010,Qtr 1,Tháng Hai,8,2,2,7
Monday,February,Lundi,Février,Lunes,Febrero,1,1,2010,20100215,15,2,46,3,2010,2010,Qtr 1,Tháng Hai,15,2,2,8
Monday,February,Lundi,Février,Lunes,Febrero,1,1,2010,20100222,22,2,53,3,2010,2010,Qtr 1,Tháng Hai,22,2,2,9
Monday,February,Lundi,Février,Lunes,Febrero,1,1,2011,20110207,7,2,38,3,2010,2011,Qtr 1,Tháng Hai,7,2,2,7
Monday,February,Lundi,Février,Lunes,Febrero,1,1,2011,20110214,14,2,45,3,2010,2011,Qtr 1,Tháng Hai,14,2,2,8
Monday,February,Lundi,Février,Lunes,Febrero,1,1,2011,20110221,21,2,52,3,2010,2011,Qtr 1,Tháng Hai,21,2,2,9
Monday,February,Lundi,Février,Lunes,Febrero,1,1,2011,20110228,28,2,59,3,2010,2011,Qtr 1,Tháng Hai,28,2,2,10
Monday,February,Lundi,Février,Lunes,Febrero,1,1,2012,20120206,6,2,37,3,2011,2012,Qtr 1,Tháng Hai,6,2,2,6
Monday,February,Lundi,Février,Lunes,Febrero,1,1,2012,20120213,13,2,44,3,2011,2012,Qtr 1,Tháng Hai,13,2,2,7
Monday,February,Lundi,Février,Lunes,Febrero,1,1,2012,20120220,20,2,51,3,2011,2012,Qtr 1,Tháng Hai,20,2,2,8
Monday,February,Lundi,Février,Lunes,Febrero,1,1,2012,20120227,27,2,58,3,2011,2012,Qtr 1,Tháng Hai,27,2,2,9
Monday,February,Lundi,Février,Lunes,Febrero,1,1,2013,20130204,4,2,35,3,2012,2013,Qtr 1,Tháng Hai,4,2,2,6
Monday,February,Lundi,Février,Lunes,Febrero,1,1,2013,20130211,11,2,42,3,2012,2013,Qtr 1,Tháng Hai,11,2,2,7
Monday,February,Lundi,Février,Lunes,Febrero,1,1,2013,20130218,18,2,49,3,2012,2013,Qtr 1,Tháng Hai,18,2,2,8
Monday,February,Lundi,Février,Lunes,Febrero,1,1,2013,20130225,25,2,56,3,2012,2013,Qtr 1,Tháng Hai,25,2,2,9
Monday,February,Lundi,Février,Lunes,Febrero,1,1,2014,20140203,3,2,34,3,2013,2014,Qtr 1,Tháng Hai,3,2,2,6
Monday,February,Lundi,Février,Lunes,Febrero,1,1,2014,20140210,10,2,41,3,2013,2014,Qtr 1,Tháng Hai,10,2,2,7
Monday,February,Lundi,Février,Lunes,Febrero,1,1,2014,20140217,17,2,48,3,2013,2014,Qtr 1,Tháng Hai,17,2,2,8
Monday,February,Lundi,Février,Lunes,Febrero,1,1,2014,20140224,24,2,55,3,2013,2014,Qtr 1,Tháng Hai,24,2,2,9
Monday,January,Lundi,Janvier,Lunes,Enero,1,1,2005,20050103,3,2,3,3,2005,2005,Qtr 1,Tháng Giêng,3,1,2,2
Monday,January,Lundi,Janvier,Lunes,Enero,1,1,2005,20050110,10,2,10,3,2005,2005,Qtr 1,Tháng Giêng,10,1,2,3
Monday,January,Lundi,Janvier,Lunes,Enero,1,1,2005,20050117,17,2,17,3,2005,2005,Qtr 1,Tháng Giêng,17,1,2,4
Monday,January,Lundi,Janvier,Lunes,Enero,1,1,2005,20050124,24,2,24,3,2005,2005,Qtr 1,Tháng Giêng,24,1,2,5
Monday,January,Lundi,Janvier,Lunes,Enero,1,1,2005,20050131,31,2,31,3,2005,2005,Qtr 1,Tháng Giêng,31,1,2,6
Monday,January,Lundi,Janvier,Lunes,Enero,1,1,2006,20060102,2,2,2,3,2006,2006,Qtr 1,Tháng Giêng,2,1,2,1
Monday,January,Lundi,Janvier,Lunes,Enero,1,1,2006,20060109,9,2,9,3,2006,2006,Qtr 1,Tháng Giêng,9,1,2,2
Monday,January,Lundi,Janvier,Lunes,Enero,1,1,2006,20060116,16,2,16,3,2006,2006,Qtr 1,Tháng Giêng,16,1,2,3
Monday,January,Lundi,Janvier,Lunes,Enero,1,1,2006,20060123,23,2,23,3,2006,2006,Qtr 1,Tháng Giêng,23,1,2,4
Monday,January,Lundi,Janvier,Lunes,Enero,1,1,2006,20060130,30,2,30,3,2006,2006,Qtr 1,Tháng Giêng,30,1,2,5
Monday,January,Lundi,Janvier,Lunes,Enero,1,1,2007,20070101,1,2,1,3,2007,2007,Qtr 1,Tháng Giêng,1,1,2,1
Monday,January,Lundi,Janvier,Lunes,Enero,1,1,2007,20070108,8,2,8,3,2007,2007,Qtr 1,Tháng Giêng,8,1,2,2
Monday,January,Lundi,Janvier,Lunes,Enero,1,1,2007,20070115,15,2,15,3,2007,2007,Qtr 1,Tháng Giêng,15,1,2,3
Monday,January,Lundi,Janvier,Lunes,Enero,1,1,2007,20070122,22,2,22,3,2007,2007,Qtr 1,Tháng Giêng,22,1,2,4
Monday,January,Lundi,Janvier,Lunes,Enero,1,1,2007,20070129,29,2,29,3,2007,2007,Qtr 1,Tháng Giêng,29,1,2,5
Monday,January,Lundi,Janvier,Lunes,Enero,1,1,2008,20080107,7,2,7,3,2008,2008,Qtr 1,Tháng Giêng,7,1,2,2
Monday,January,Lundi,Janvier,Lunes,Enero,1,1,2008,20080114,14,2,14,3,2008,2008,Qtr 1,Tháng Giêng,14,1,2,3
Monday,January,Lundi,Janvier,Lunes,Enero,1,1,2008,20080121,21,2,21,3,2008,2008,Qtr 1,Tháng Giêng,21,1,2,4
Monday,January,Lundi,Janvier,Lunes,Enero,1,1,2008,20080128,28,2,28,3,2008,2008,Qtr 1,Tháng Giêng,28,1,2,5
Monday,January,Lundi,Janvier,Lunes,Enero,1,1,2009,20090105,5,2,5,3,2009,2009,Qtr 1,Tháng Giêng,5,1,2,2
Monday,January,Lundi,Janvier,Lunes,Enero,1,1,2009,20090112,12,2,12,3,2009,2009,Qtr 1,Tháng Giêng,12,1,2,3
Monday,January,Lundi,Janvier,Lunes,Enero,1,1,2009,20090119,19,2,19,3,2009,2009,Qtr 1,Tháng Giêng,19,1,2,4
Monday,January,Lundi,Janvier,Lunes,Enero,1,1,2009,20090126,26,2,26,3,2009,2009,Qtr 1,Tháng Giêng,26,1,2,5
Monday,January,Lundi,Janvier,Lunes,Enero,1,1,2010,20100104,4,2,4,3,2010,2010,Qtr 1,Tháng Giêng,4,1,2,2
Monday,January,Lundi,Janvier,Lunes,Enero,1,1,2010,20100111,11,2,11,3,2010,2010,Qtr 1,Tháng Giêng,11,1,2,3
Monday,January,Lundi,Janvier,Lunes,Enero,1,1,2010,20100118,18,2,18,3,2010,2010,Qtr 1,Tháng Giêng,18,1,2,4
Monday,January,Lundi,Janvier,Lunes,Enero,1,1,2010,20100125,25,2,25,3,2010,2010,Qtr 1,Tháng Giêng,25,1,2,5
Monday,January,Lundi,Janvier,Lunes,Enero,1,1,2011,20110103,3,2,3,3,2010,2011,Qtr 1,Tháng Giêng,3,1,2,2
Monday,January,Lundi,Janvier,Lunes,Enero,1,1,2011,20110110,10,2,10,3,2010,2011,Qtr 1,Tháng Giêng,10,1,2,3
Monday,January,Lundi,Janvier,Lunes,Enero,1,1,2011,20110117,17,2,17,3,2010,2011,Qtr 1,Tháng Giêng,17,1,2,4
Monday,January,Lundi,Janvier,Lunes,Enero,1,1,2011,20110124,24,2,24,3,2010,2011,Qtr 1,Tháng Giêng,24,1,2,5
Monday,January,Lundi,Janvier,Lunes,Enero,1,1,2011,20110131,31,2,31,3,2010,2011,Qtr 1,Tháng Giêng,31,1,2,6
Monday,January,Lundi,Janvier,Lunes,Enero,1,1,2012,20120102,2,2,2,3,2011,2012,Qtr 1,Tháng Giêng,2,1,2,1
Monday,January,Lundi,Janvier,Lunes,Enero,1,1,2012,20120109,9,2,9,3,2011,2012,Qtr 1,Tháng Giêng,9,1,2,2
Monday,January,Lundi,Janvier,Lunes,Enero,1,1,2012,20120116,16,2,16,3,2011,2012,Qtr 1,Tháng Giêng,16,1,2,3
Monday,January,Lundi,Janvier,Lunes,Enero,1,1,2012,20120123,23,2,23,3,2011,2012,Qtr 1,Tháng Giêng,23,1,2,4
Monday,January,Lundi,Janvier,Lunes,Enero,1,1,2012,20120130,30,2,30,3,2011,2012,Qtr 1,Tháng Giêng,30,1,2,5
Monday,January,Lundi,Janvier,Lunes,Enero,1,1,2013,20130107,7,2,7,3,2012,2013,Qtr 1,Tháng Giêng,7,1,2,2
Monday,January,Lundi,Janvier,Lunes,Enero,1,1,2013,20130114,14,2,14,3,2012,2013,Qtr 1,Tháng Giêng,14,1,2,3
Monday,January,Lundi,Janvier,Lunes,Enero,1,1,2013,20130121,21,2,21,3,2012,2013,Qtr 1,Tháng Giêng,21,1,2,4
Monday,January,Lundi,Janvier,Lunes,Enero,1,1,2013,20130128,28,2,28,3,2012,2013,Qtr 1,Tháng Giêng,28,1,2,5
Monday,January,Lundi,Janvier,Lunes,Enero,1,1,2014,20140106,6,2,6,3,2013,2014,Qtr 1,Tháng Giêng,6,1,2,2
Monday,January,Lundi,Janvier,Lunes,Enero,1,1,2014,20140113,13,2,13,3,2013,2014,Qtr 1,Tháng Giêng,13,1,2,3
Monday,January,Lundi,Janvier,Lunes,Enero,1,1,2014,20140120,20,2,20,3,2013,2014,Qtr 1,Tháng Giêng,20,1,2,4
Monday,January,Lundi,Janvier,Lunes,Enero,1,1,2014,20140127,27,2,27,3,2013,2014,Qtr 1,Tháng Giêng,27,1,2,5
Monday,July,Lundi,Juillet,Lunes,Julio,3,2,2005,20050704,4,2,185,1,2006,2005,Qtr 3,Tháng Bảy,4,7,1,28
Monday,July,Lundi,Juillet,Lunes,Julio,3,2,2005,20050711,11,2,192,1,2006,2005,Qtr 3,Tháng Bảy,11,7,1,29
Monday,July,Lundi,Juillet,Lunes,Julio,3,2,2005,20050718,18,2,199,1,2006,2005,Qtr 3,Tháng Bảy,18,7,1,30
Monday,July,Lundi,Juillet,Lunes,Julio,3,2,2005,20050725,25,2,206,1,2006,2005,Qtr 3,Tháng Bảy,25,7,1,31
Monday,July,Lundi,Juillet,Lunes,Julio,3,2,2006,20060703,3,2,184,1,2007,2006,Qtr 3,Tháng Bảy,3,7,1,27
Monday,July,Lundi,Juillet,Lunes,Julio,3,2,2006,20060710,10,2,191,1,2007,2006,Qtr 3,Tháng Bảy,10,7,1,28
Monday,July,Lundi,Juillet,Lunes,Julio,3,2,2006,20060717,17,2,198,1,2007,2006,Qtr 3,Tháng Bảy,17,7,1,29
Monday,July,Lundi,Juillet,Lunes,Julio,3,2,2006,20060724,24,2,205,1,2007,2006,Qtr 3,Tháng Bảy,24,7,1,30
Monday,July,Lundi,Juillet,Lunes,Julio,3,2,2006,20060731,31,2,212,1,2007,2006,Qtr 3,Tháng Bảy,31,7,1,31
Monday,July,Lundi,Juillet,Lunes,Julio,3,2,2007,20070702,2,2,183,1,2008,2007,Qtr 3,Tháng Bảy,2,7,1,27
Monday,July,Lundi,Juillet,Lunes,Julio,3,2,2007,20070709,9,2,190,1,2008,2007,Qtr 3,Tháng Bảy,9,7,1,28
Monday,July,Lundi,Juillet,Lunes,Julio,3,2,2007,20070716,16,2,197,1,2008,2007,Qtr 3,Tháng Bảy,16,7,1,29
Monday,July,Lundi,Juillet,Lunes,Julio,3,2,2007,20070723,23,2,204,1,2008,2007,Qtr 3,Tháng Bảy,23,7,1,30
Monday,July,Lundi,Juillet,Lunes,Julio,3,2,2007,20070730,30,2,211,1,2008,2007,Qtr 3,Tháng Bảy,30,7,1,31
Monday,July,Lundi,Juillet,Lunes,Julio,3,2,2008,20080707,7,2,189,1,2009,2008,Qtr 3,Tháng Bảy,7,7,1,28
Monday,July,Lundi,Juillet,Lunes,Julio,3,2,2008,20080714,14,2,196,1,2009,2008,Qtr 3,Tháng Bảy,14,7,1,29
Monday,July,Lundi,Juillet,Lunes,Julio,3,2,2008,20080721,21,2,203,1,2009,2008,Qtr 3,Tháng Bảy,21,7,1,30
Monday,July,Lundi,Juillet,Lunes,Julio,3,2,2008,20080728,28,2,210,1,2009,2008,Qtr 3,Tháng Bảy,28,7,1,31
Monday,July,Lundi,Juillet,Lunes,Julio,3,2,2009,20090706,6,2,187,1,2010,2009,Qtr 3,Tháng Bảy,6,7,1,28
Monday,July,Lundi,Juillet,Lunes,Julio,3,2,2009,20090713,13,2,194,1,2010,2009,Qtr 3,Tháng Bảy,13,7,1,29
Monday,July,Lundi,Juillet,Lunes,Julio,3,2,2009,20090720,20,2,201,1,2010,2009,Qtr 3,Tháng Bảy,20,7,1,30
Monday,July,Lundi,Juillet,Lunes,Julio,3,2,2009,20090727,27,2,208,1,2010,2009,Qtr 3,Tháng Bảy,27,7,1,31
Monday,July,Lundi,Juillet,Lunes,Julio,3,2,2010,20100705,5,2,186,1,2011,2010,Qtr 3,Tháng Bảy,5,7,1,28
Monday,July,Lundi,Juillet,Lunes,Julio,3,2,2010,20100712,12,2,193,1,2011,2010,Qtr 3,Tháng Bảy,12,7,1,29
Monday,July,Lundi,Juillet,Lunes,Julio,3,2,2010,20100719,19,2,200,1,2011,2010,Qtr 3,Tháng Bảy,19,7,1,30
Monday,July,Lundi,Juillet,Lunes,Julio,3,2,2010,20100726,26,2,207,1,2011,2010,Qtr 3,Tháng Bảy,26,7,1,31
Monday,July,Lundi,Juillet,Lunes,Julio,3,2,2011,20110704,4,2,185,1,2011,2011,Qtr 3,Tháng Bảy,4,7,1,28
Monday,July,Lundi,Juillet,Lunes,Julio,3,2,2011,20110711,11,2,192,1,2011,2011,Qtr 3,Tháng Bảy,11,7,1,29
Monday,July,Lundi,Juillet,Lunes,Julio,3,2,2011,20110718,18,2,199,1,2011,2011,Qtr 3,Tháng Bảy,18,7,1,30
Monday,July,Lundi,Juillet,Lunes,Julio,3,2,2011,20110725,25,2,206,1,2011,2011,Qtr 3,Tháng Bảy,25,7,1,31
Monday,July,Lundi,Juillet,Lunes,Julio,3,2,2012,20120702,2,2,184,1,2012,2012,Qtr 3,Tháng Bảy,2,7,1,27
Monday,July,Lundi,Juillet,Lunes,Julio,3,2,2012,20120709,9,2,191,1,2012,2012,Qtr 3,Tháng Bảy,9,7,1,28
Monday,July,Lundi,Juillet,Lunes,Julio,3,2,2012,20120716,16,2,198,1,2012,2012,Qtr 3,Tháng Bảy,16,7,1,29
Monday,July,Lundi,Juillet,Lunes,Julio,3,2,2012,20120723,23,2,205,1,2012,2012,Qtr 3,Tháng Bảy,23,7,1,30
Monday,July,Lundi,Juillet,Lunes,Julio,3,2,2012,20120730,30,2,212,1,2012,2012,Qtr 3,Tháng Bảy,30,7,1,31
Monday,July,Lundi,Juillet,Lunes,Julio,3,2,2013,20130701,1,2,182,1,2013,2013,Qtr 3,Tháng Bảy,1,7,1,27
Monday,July,Lundi,Juillet,Lunes,Julio,3,2,2013,20130708,8,2,189,1,2013,2013,Qtr 3,Tháng Bảy,8,7,1,28
Monday,July,Lundi,Juillet,Lunes,Julio,3,2,2013,20130715,15,2,196,1,2013,2013,Qtr 3,Tháng Bảy,15,7,1,29
Monday,July,Lundi,Juillet,Lunes,Julio,3,2,2013,20130722,22,2,203,1,2013,2013,Qtr 3,Tháng Bảy,22,7,1,30
Monday,July,Lundi,Juillet,Lunes,Julio,3,2,2013,20130729,29,2,210,1,2013,2013,Qtr 3,Tháng Bảy,29,7,1,31
Monday,July,Lundi,Juillet,Lunes,Julio,3,2,2014,20140707,7,2,188,1,2014,2014,Qtr 3,Tháng Bảy,7,7,1,28
Monday,July,Lundi,Juillet,Lunes,Julio,3,2,2014,20140714,14,2,195,1,2014,2014,Qtr 3,Tháng Bảy,14,7,1,29
Monday,July,Lundi,Juillet,Lunes,Julio,3,2,2014,20140721,21,2,202,1,2014,2014,Qtr 3,Tháng Bảy,21,7,1,30
Monday,July,Lundi,Juillet,Lunes,Julio,3,2,2014,20140728,28,2,209,1,2014,2014,Qtr 3,Tháng Bảy,28,7,1,31
Monday,June,Lundi,Juin,Lunes,Junio,2,1,2005,20050606,6,2,157,4,2005,2005,Qtr 2,Tháng Sáu,6,6,2,24
Monday,June,Lundi,Juin,Lunes,Junio,2,1,2005,20050613,13,2,164,4,2005,2005,Qtr 2,Tháng Sáu,13,6,2,25
Monday,June,Lundi,Juin,Lunes,Junio,2,1,2005,20050620,20,2,171,4,2005,2005,Qtr 2,Tháng Sáu,20,6,2,26
Monday,June,Lundi,Juin,Lunes,Junio,2,1,2005,20050627,27,2,178,4,2005,2005,Qtr 2,Tháng Sáu,27,6,2,27
Monday,June,Lundi,Juin,Lunes,Junio,2,1,2006,20060605,5,2,156,4,2006,2006,Qtr 2,Tháng Sáu,5,6,2,23
Monday,June,Lundi,Juin,Lunes,Junio,2,1,2006,20060612,12,2,163,4,2006,2006,Qtr 2,Tháng Sáu,12,6,2,24
Monday,June,Lundi,Juin,Lunes,Junio,2,1,2006,20060619,19,2,170,4,2006,2006,Qtr 2,Tháng Sáu,19,6,2,25
Monday,June,Lundi,Juin,Lunes,Junio,2,1,2006,20060626,26,2,177,4,2006,2006,Qtr 2,Tháng Sáu,26,6,2,26
Monday,June,Lundi,Juin,Lunes,Junio,2,1,2007,20070604,4,2,155,4,2007,2007,Qtr 2,Tháng Sáu,4,6,2,23
Monday,June,Lundi,Juin,Lunes,Junio,2,1,2007,20070611,11,2,162,4,2007,2007,Qtr 2,Tháng Sáu,11,6,2,24
Monday,June,Lundi,Juin,Lunes,Junio,2,1,2007,20070618,18,2,169,4,2007,2007,Qtr 2,Tháng Sáu,18,6,2,25
Monday,June,Lundi,Juin,Lunes,Junio,2,1,2007,20070625,25,2,176,4,2007,2007,Qtr 2,Tháng Sáu,25,6,2,26
Monday,June,Lundi,Juin,Lunes,Junio,2,1,2008,20080602,2,2,154,4,2008,2008,Qtr 2,Tháng Sáu,2,6,2,23
Monday,June,Lundi,Juin,Lunes,Junio,2,1,2008,20080609,9,2,161,4,2008,2008,Qtr 2,Tháng Sáu,9,6,2,24
Monday,June,Lundi,Juin,Lunes,Junio,2,1,2008,20080616,16,2,168,4,2008,2008,Qtr 2,Tháng Sáu,16,6,2,25
Monday,June,Lundi,Juin,Lunes,Junio,2,1,2008,20080623,23,2,175,4,2008,2008,Qtr 2,Tháng Sáu,23,6,2,26
Monday,June,Lundi,Juin,Lunes,Junio,2,1,2008,20080630,30,2,182,4,2008,2008,Qtr 2,Tháng Sáu,30,6,2,27
Monday,June,Lundi,Juin,Lunes,Junio,2,1,2009,20090601,1,2,152,4,2009,2009,Qtr 2,Tháng Sáu,1,6,2,23
Monday,June,Lundi,Juin,Lunes,Junio,2,1,2009,20090608,8,2,159,4,2009,2009,Qtr 2,Tháng Sáu,8,6,2,24
Monday,June,Lundi,Juin,Lunes,Junio,2,1,2009,20090615,15,2,166,4,2009,2009,Qtr 2,Tháng Sáu,15,6,2,25
Monday,June,Lundi,Juin,Lunes,Junio,2,1,2009,20090622,22,2,173,4,2009,2009,Qtr 2,Tháng Sáu,22,6,2,26
Monday,June,Lundi,Juin,Lunes,Junio,2,1,2009,20090629,29,2,180,4,2009,2009,Qtr 2,Tháng Sáu,29,6,2,27
Monday,June,Lundi,Juin,Lunes,Junio,2,1,2010,20100607,7,2,158,4,2010,2010,Qtr 2,Tháng Sáu,7,6,2,24
Monday,June,Lundi,Juin,Lunes,Junio,2,1,2010,20100614,14,2,165,4,2010,2010,Qtr 2,Tháng Sáu,14,6,2,25
Monday,June,Lundi,Juin,Lunes,Junio,2,1,2010,20100621,21,2,172,4,2010,2010,Qtr 2,Tháng Sáu,21,6,2,26
Monday,June,Lundi,Juin,Lunes,Junio,2,1,2010,20100628,28,2,179,4,2010,2010,Qtr 2,Tháng Sáu,28,6,2,27
Monday,June,Lundi,Juin,Lunes,Junio,2,1,2011,20110606,6,2,157,4,2010,2011,Qtr 2,Tháng Sáu,6,6,2,24
Monday,June,Lundi,Juin,Lunes,Junio,2,1,2011,20110613,13,2,164,4,2010,2011,Qtr 2,Tháng Sáu,13,6,2,25
Monday,June,Lundi,Juin,Lunes,Junio,2,1,2011,20110620,20,2,171,4,2010,2011,Qtr 2,Tháng Sáu,20,6,2,26
Monday,June,Lundi,Juin,Lunes,Junio,2,1,2011,20110627,27,2,178,4,2010,2011,Qtr 2,Tháng Sáu,27,6,2,27
Monday,June,Lundi,Juin,Lunes,Junio,2,1,2012,20120604,4,2,156,4,2011,2012,Qtr 2,Tháng Sáu,4,6,2,23
Monday,June,Lundi,Juin,Lunes,Junio,2,1,2012,20120611,11,2,163,4,2011,2012,Qtr 2,Tháng Sáu,11,6,2,24
Monday,June,Lundi,Juin,Lunes,Junio,2,1,2012,20120618,18,2,170,4,2011,2012,Qtr 2,Tháng Sáu,18,6,2,25
Monday,June,Lundi,Juin,Lunes,Junio,2,1,2012,20120625,25,2,177,4,2011,2012,Qtr 2,Tháng Sáu,25,6,2,26
Monday,June,Lundi,Juin,Lunes,Junio,2,1,2013,20130603,3,2,154,4,2012,2013,Qtr 2,Tháng Sáu,3,6,2,23
Monday,June,Lundi,Juin,Lunes,Junio,2,1,2013,20130610,10,2,161,4,2012,2013,Qtr 2,Tháng Sáu,10,6,2,24
Monday,June,Lundi,Juin,Lunes,Junio,2,1,2013,20130617,17,2,168,4,2012,2013,Qtr 2,Tháng Sáu,17,6,2,25
Monday,June,Lundi,Juin,Lunes,Junio,2,1,2013,20130624,24,2,175,4,2012,2013,Qtr 2,Tháng Sáu,24,6,2,26
Monday,June,Lundi,Juin,Lunes,Junio,2,1,2014,20140602,2,2,153,4,2013,2014,Qtr 2,Tháng Sáu,2,6,2,23
Monday,June,Lundi,Juin,Lunes,Junio,2,1,2014,20140609,9,2,160,4,2013,2014,Qtr 2,Tháng Sáu,9,6,2,24
Monday,June,Lundi,Juin,Lunes,Junio,2,1,2014,20140616,16,2,167,4,2013,2014,Qtr 2,Tháng Sáu,16,6,2,25
Monday,June,Lundi,Juin,Lunes,Junio,2,1,2014,20140623,23,2,174,4,2013,2014,Qtr 2,Tháng Sáu,23,6,2,26
Monday,June,Lundi,Juin,Lunes,Junio,2,1,2014,20140630,30,2,181,4,2013,2014,Qtr 2,Tháng Sáu,30,6,2,27
Monday,March,Lundi,Mars,Lunes,Marzo,1,1,2005,20050307,7,2,66,3,2005,2005,Qtr 1,Tháng Ba,7,3,2,11
Monday,March,Lundi,Mars,Lunes,Marzo,1,1,2005,20050314,14,2,73,3,2005,2005,Qtr 1,Tháng Ba,14,3,2,12
Monday,March,Lundi,Mars,Lunes,Marzo,1,1,2005,20050321,21,2,80,3,2005,2005,Qtr 1,Tháng Ba,21,3,2,13
Monday,March,Lundi,Mars,Lunes,Marzo,1,1,2005,20050328,28,2,87,3,2005,2005,Qtr 1,Tháng Ba,28,3,2,14
Monday,March,Lundi,Mars,Lunes,Marzo,1,1,2006,20060306,6,2,65,3,2006,2006,Qtr 1,Tháng Ba,6,3,2,10
Monday,March,Lundi,Mars,Lunes,Marzo,1,1,2006,20060313,13,2,72,3,2006,2006,Qtr 1,Tháng Ba,13,3,2,11
Monday,March,Lundi,Mars,Lunes,Marzo,1,1,2006,20060320,20,2,79,3,2006,2006,Qtr 1,Tháng Ba,20,3,2,12
Monday,March,Lundi,Mars,Lunes,Marzo,1,1,2006,20060327,27,2,86,3,2006,2006,Qtr 1,Tháng Ba,27,3,2,13
Monday,March,Lundi,Mars,Lunes,Marzo,1,1,2007,20070305,5,2,64,3,2007,2007,Qtr 1,Tháng Ba,5,3,2,10
Monday,March,Lundi,Mars,Lunes,Marzo,1,1,2007,20070312,12,2,71,3,2007,2007,Qtr 1,Tháng Ba,12,3,2,11
Monday,March,Lundi,Mars,Lunes,Marzo,1,1,2007,20070319,19,2,78,3,2007,2007,Qtr 1,Tháng Ba,19,3,2,12
Monday,March,Lundi,Mars,Lunes,Marzo,1,1,2007,20070326,26,2,85,3,2007,2007,Qtr 1,Tháng Ba,26,3,2,13
Monday,March,Lundi,Mars,Lunes,Marzo,1,1,2008,20080303,3,2,63,3,2008,2008,Qtr 1,Tháng Ba,3,3,2,10
Monday,March,Lundi,Mars,Lunes,Marzo,1,1,2008,20080310,10,2,70,3,2008,2008,Qtr 1,Tháng Ba,10,3,2,11
Monday,March,Lundi,Mars,Lunes,Marzo,1,1,2008,20080317,17,2,77,3,2008,2008,Qtr 1,Tháng Ba,17,3,2,12
Monday,March,Lundi,Mars,Lunes,Marzo,1,1,2008,20080324,24,2,84,3,2008,2008,Qtr 1,Tháng Ba,24,3,2,13
Monday,March,Lundi,Mars,Lunes,Marzo,1,1,2008,20080331,31,2,91,3,2008,2008,Qtr 1,Tháng Ba,31,3,2,14
Monday,March,Lundi,Mars,Lunes,Marzo,1,1,2009,20090302,2,2,61,3,2009,2009,Qtr 1,Tháng Ba,2,3,2,10
Monday,March,Lundi,Mars,Lunes,Marzo,1,1,2009,20090309,9,2,68,3,2009,2009,Qtr 1,Tháng Ba,9,3,2,11
Monday,March,Lundi,Mars,Lunes,Marzo,1,1,2009,20090316,16,2,75,3,2009,2009,Qtr 1,Tháng Ba,16,3,2,12
Monday,March,Lundi,Mars,Lunes,Marzo,1,1,2009,20090323,23,2,82,3,2009,2009,Qtr 1,Tháng Ba,23,3,2,13
Monday,March,Lundi,Mars,Lunes,Marzo,1,1,2009,20090330,30,2,89,3,2009,2009,Qtr 1,Tháng Ba,30,3,2,14
Monday,March,Lundi,Mars,Lunes,Marzo,1,1,2010,20100301,1,2,60,3,2010,2010,Qtr 1,Tháng Ba,1,3,2,10
Monday,March,Lundi,Mars,Lunes,Marzo,1,1,2010,20100308,8,2,67,3,2010,2010,Qtr 1,Tháng Ba,8,3,2,11
Monday,March,Lundi,Mars,Lunes,Marzo,1,1,2010,20100315,15,2,74,3,2010,2010,Qtr 1,Tháng Ba,15,3,2,12
Monday,March,Lundi,Mars,Lunes,Marzo,1,1,2010,20100322,22,2,81,3,2010,2010,Qtr 1,Tháng Ba,22,3,2,13
Monday,March,Lundi,Mars,Lunes,Marzo,1,1,2010,20100329,29,2,88,3,2010,2010,Qtr 1,Tháng Ba,29,3,2,14
Monday,March,Lundi,Mars,Lunes,Marzo,1,1,2011,20110307,7,2,66,3,2010,2011,Qtr 1,Tháng Ba,7,3,2,11
Monday,March,Lundi,Mars,Lunes,Marzo,1,1,2011,20110314,14,2,73,3,2010,2011,Qtr 1,Tháng Ba,14,3,2,12
Monday,March,Lundi,Mars,Lunes,Marzo,1,1,2011,20110321,21,2,80,3,2010,2011,Qtr 1,Tháng Ba,21,3,2,13
Monday,March,Lundi,Mars,Lunes,Marzo,1,1,2011,20110328,28,2,87,3,2010,2011,Qtr 1,Tháng Ba,28,3,2,14
Monday,March,Lundi,Mars,Lunes,Marzo,1,1,2012,20120305,5,2,65,3,2011,2012,Qtr 1,Tháng Ba,5,3,2,10
Monday,March,Lundi,Mars,Lunes,Marzo,1,1,2012,20120312,12,2,72,3,2011,2012,Qtr 1,Tháng Ba,12,3,2,11
Monday,March,Lundi,Mars,Lunes,Marzo,1,1,2012,20120319,19,2,79,3,2011,2012,Qtr 1,Tháng Ba,19,3,2,12
Monday,March,Lundi,Mars,Lunes,Marzo,1,1,2012,20120326,26,2,86,3,2011,2012,Qtr 1,Tháng Ba,26,3,2,13
Monday,March,Lundi,Mars,Lunes,Marzo,1,1,2013,20130304,4,2,63,3,2012,2013,Qtr 1,Tháng Ba,4,3,2,10
Monday,March,Lundi,Mars,Lunes,Marzo,1,1,2013,20130311,11,2,70,3,2012,2013,Qtr 1,Tháng Ba,11,3,2,11
Monday,March,Lundi,Mars,Lunes,Marzo,1,1,2013,20130318,18,2,77,3,2012,2013,Qtr 1,Tháng Ba,18,3,2,12
Monday,March,Lundi,Mars,Lunes,Marzo,1,1,2013,20130325,25,2,84,3,2012,2013,Qtr 1,Tháng Ba,25,3,2,13
Monday,March,Lundi,Mars,Lunes,Marzo,1,1,2014,20140303,3,2,62,3,2013,2014,Qtr 1,Tháng Ba,3,3,2,10
Monday,March,Lundi,Mars,Lunes,Marzo,1,1,2014,20140310,10,2,69,3,2013,2014,Qtr 1,Tháng Ba,10,3,2,11
Monday,March,Lundi,Mars,Lunes,Marzo,1,1,2014,20140317,17,2,76,3,2013,2014,Qtr 1,Tháng Ba,17,3,2,12
Monday,March,Lundi,Mars,Lunes,Marzo,1,1,2014,20140324,24,2,83,3,2013,2014,Qtr 1,Tháng Ba,24,3,2,13
Monday,March,Lundi,Mars,Lunes,Marzo,1,1,2014,20140331,31,2,90,3,2013,2014,Qtr 1,Tháng Ba,31,3,2,14
Monday,May,Lundi,Mai,Lunes,Mayo,2,1,2005,20050502,2,2,122,4,2005,2005,Qtr 2,Tháng Năm,2,5,2,19
Monday,May,Lundi,Mai,Lunes,Mayo,2,1,2005,20050509,9,2,129,4,2005,2005,Qtr 2,Tháng Năm,9,5,2,20
Monday,May,Lundi,Mai,Lunes,Mayo,2,1,2005,20050516,16,2,136,4,2005,2005,Qtr 2,Tháng Năm,16,5,2,21
Monday,May,Lundi,Mai,Lunes,Mayo,2,1,2005,20050523,23,2,143,4,2005,2005,Qtr 2,Tháng Năm,23,5,2,22
Monday,May,Lundi,Mai,Lunes,Mayo,2,1,2005,20050530,30,2,150,4,2005,2005,Qtr 2,Tháng Năm,30,5,2,23
Monday,May,Lundi,Mai,Lunes,Mayo,2,1,2006,20060501,1,2,121,4,2006,2006,Qtr 2,Tháng Năm,1,5,2,18
Monday,May,Lundi,Mai,Lunes,Mayo,2,1,2006,20060508,8,2,128,4,2006,2006,Qtr 2,Tháng Năm,8,5,2,19
Monday,May,Lundi,Mai,Lunes,Mayo,2,1,2006,20060515,15,2,135,4,2006,2006,Qtr 2,Tháng Năm,15,5,2,20
Monday,May,Lundi,Mai,Lunes,Mayo,2,1,2006,20060522,22,2,142,4,2006,2006,Qtr 2,Tháng Năm,22,5,2,21
Monday,May,Lundi,Mai,Lunes,Mayo,2,1,2006,20060529,29,2,149,4,2006,2006,Qtr 2,Tháng Năm,29,5,2,22
Monday,May,Lundi,Mai,Lunes,Mayo,2,1,2007,20070507,7,2,127,4,2007,2007,Qtr 2,Tháng Năm,7,5,2,19
Monday,May,Lundi,Mai,Lunes,Mayo,2,1,2007,20070514,14,2,134,4,2007,2007,Qtr 2,Tháng Năm,14,5,2,20
Monday,May,Lundi,Mai,Lunes,Mayo,2,1,2007,20070521,21,2,141,4,2007,2007,Qtr 2,Tháng Năm,21,5,2,21
Monday,May,Lundi,Mai,Lunes,Mayo,2,1,2007,20070528,28,2,148,4,2007,2007,Qtr 2,Tháng Năm,28,5,2,22
Monday,May,Lundi,Mai,Lunes,Mayo,2,1,2008,20080505,5,2,126,4,2008,2008,Qtr 2,Tháng Năm,5,5,2,19
Monday,May,Lundi,Mai,Lunes,Mayo,2,1,2008,20080512,12,2,133,4,2008,2008,Qtr 2,Tháng Năm,12,5,2,20
Monday,May,Lundi,Mai,Lunes,Mayo,2,1,2008,20080519,19,2,140,4,2008,2008,Qtr 2,Tháng Năm,19,5,2,21
Monday,May,Lundi,Mai,Lunes,Mayo,2,1,2008,20080526,26,2,147,4,2008,2008,Qtr 2,Tháng Năm,26,5,2,22
Monday,May,Lundi,Mai,Lunes,Mayo,2,1,2009,20090504,4,2,124,4,2009,2009,Qtr 2,Tháng Năm,4,5,2,19
Monday,May,Lundi,Mai,Lunes,Mayo,2,1,2009,20090511,11,2,131,4,2009,2009,Qtr 2,Tháng Năm,11,5,2,20
Monday,May,Lundi,Mai,Lunes,Mayo,2,1,2009,20090518,18,2,138,4,2009,2009,Qtr 2,Tháng Năm,18,5,2,21
Monday,May,Lundi,Mai,Lunes,Mayo,2,1,2009,20090525,25,2,145,4,2009,2009,Qtr 2,Tháng Năm,25,5,2,22
Monday,May,Lundi,Mai,Lunes,Mayo,2,1,2010,20100503,3,2,123,4,2010,2010,Qtr 2,Tháng Năm,3,5,2,19
Monday,May,Lundi,Mai,Lunes,Mayo,2,1,2010,20100510,10,2,130,4,2010,2010,Qtr 2,Tháng Năm,10,5,2,20
Monday,May,Lundi,Mai,Lunes,Mayo,2,1,2010,20100517,17,2,137,4,2010,2010,Qtr 2,Tháng Năm,17,5,2,21
Monday,May,Lundi,Mai,Lunes,Mayo,2,1,2010,20100524,24,2,144,4,2010,2010,Qtr 2,Tháng Năm,24,5,2,22
Monday,May,Lundi,Mai,Lunes,Mayo,2,1,2010,20100531,31,2,151,4,2010,2010,Qtr 2,Tháng Năm,31,5,2,23
Monday,May,Lundi,Mai,Lunes,Mayo,2,1,2011,20110502,2,2,122,4,2010,2011,Qtr 2,Tháng Năm,2,5,2,19
Monday,May,Lundi,Mai,Lunes,Mayo,2,1,2011,20110509,9,2,129,4,2010,2011,Qtr 2,Tháng Năm,9,5,2,20
Monday,May,Lundi,Mai,Lunes,Mayo,2,1,2011,20110516,16,2,136,4,2010,2011,Qtr 2,Tháng Năm,16,5,2,21
Monday,May,Lundi,Mai,Lunes,Mayo,2,1,2011,20110523,23,2,143,4,2010,2011,Qtr 2,Tháng Năm,23,5,2,22
Monday,May,Lundi,Mai,Lunes,Mayo,2,1,2011,20110530,30,2,150,4,2010,2011,Qtr 2,Tháng Năm,30,5,2,23
Monday,May,Lundi,Mai,Lunes,Mayo,2,1,2012,20120507,7,2,128,4,2011,2012,Qtr 2,Tháng Năm,7,5,2,19
Monday,May,Lundi,Mai,Lunes,Mayo,2,1,2012,20120514,14,2,135,4,2011,2012,Qtr 2,Tháng Năm,14,5,2,20
Monday,May,Lundi,Mai,Lunes,Mayo,2,1,2012,20120521,21,2,142,4,2011,2012,Qtr 2,Tháng Năm,21,5,2,21
Monday,May,Lundi,Mai,Lunes,Mayo,2,1,2012,20120528,28,2,149,4,2011,2012,Qtr 2,Tháng Năm,28,5,2,22
Monday,May,Lundi,Mai,Lunes,Mayo,2,1,2013,20130506,6,2,126,4,2012,2013,Qtr 2,Tháng Năm,6,5,2,19
Monday,May,Lundi,Mai,Lunes,Mayo,2,1,2013,20130513,13,2,133,4,2012,2013,Qtr 2,Tháng Năm,13,5,2,20
Monday,May,Lundi,Mai,Lunes,Mayo,2,1,2013,20130520,20,2,140,4,2012,2013,Qtr 2,Tháng Năm,20,5,2,21
Monday,May,Lundi,Mai,Lunes,Mayo,2,1,2013,20130527,27,2,147,4,2012,2013,Qtr 2,Tháng Năm,27,5,2,22
Monday,May,Lundi,Mai,Lunes,Mayo,2,1,2014,20140505,5,2,125,4,2013,2014,Qtr 2,Tháng Năm,5,5,2,19
Monday,May,Lundi,Mai,Lunes,Mayo,2,1,2014,20140512,12,2,132,4,2013,2014,Qtr 2,Tháng Năm,12,5,2,20
Monday,May,Lundi,Mai,Lunes,Mayo,2,1,2014,20140519,19,2,139,4,2013,2014,Qtr 2,Tháng Năm,19,5,2,21
Monday,May,Lundi,Mai,Lunes,Mayo,2,1,2014,20140526,26,2,146,4,2013,2014,Qtr 2,Tháng Năm,26,5,2,22
Monday,November,Lundi,Novembre,Lunes,Noviembre,4,2,2005,20051107,7,2,311,2,2006,2005,Qtr 4,Tháng Mười Một,7,11,1,46
Monday,November,Lundi,Novembre,Lunes,Noviembre,4,2,2005,20051114,14,2,318,2,2006,2005,Qtr 4,Tháng Mười Một,14,11,1,47
Monday,November,Lundi,Novembre,Lunes,Noviembre,4,2,2005,20051121,21,2,325,2,2006,2005,Qtr 4,Tháng Mười Một,21,11,1,48
Monday,November,Lundi,Novembre,Lunes,Noviembre,4,2,2005,20051128,28,2,332,2,2006,2005,Qtr 4,Tháng Mười Một,28,11,1,49
Monday,November,Lundi,Novembre,Lunes,Noviembre,4,2,2006,20061106,6,2,310,2,2007,2006,Qtr 4,Tháng Mười Một,6,11,1,45
Monday,November,Lundi,Novembre,Lunes,Noviembre,4,2,2006,20061113,13,2,317,2,2007,2006,Qtr 4,Tháng Mười Một,13,11,1,46
Monday,November,Lundi,Novembre,Lunes,Noviembre,4,2,2006,20061120,20,2,324,2,2007,2006,Qtr 4,Tháng Mười Một,20,11,1,47
Monday,November,Lundi,Novembre,Lunes,Noviembre,4,2,2006,20061127,27,2,331,2,2007,2006,Qtr 4,Tháng Mười Một,27,11,1,48
Monday,November,Lundi,Novembre,Lunes,Noviembre,4,2,2007,20071105,5,2,309,2,2008,2007,Qtr 4,Tháng Mười Một,5,11,1,45
Monday,November,Lundi,Novembre,Lunes,Noviembre,4,2,2007,20071112,12,2,316,2,2008,2007,Qtr 4,Tháng Mười Một,12,11,1,46
Monday,November,Lundi,Novembre,Lunes,Noviembre,4,2,2007,20071119,19,2,323,2,2008,2007,Qtr 4,Tháng Mười Một,19,11,1,47
Monday,November,Lundi,Novembre,Lunes,Noviembre,4,2,2007,20071126,26,2,330,2,2008,2007,Qtr 4,Tháng Mười Một,26,11,1,48
Monday,November,Lundi,Novembre,Lunes,Noviembre,4,2,2008,20081103,3,2,308,2,2009,2008,Qtr 4,Tháng Mười Một,3,11,1,45
Monday,November,Lundi,Novembre,Lunes,Noviembre,4,2,2008,20081110,10,2,315,2,2009,2008,Qtr 4,Tháng Mười Một,10,11,1,46
Monday,November,Lundi,Novembre,Lunes,Noviembre,4,2,2008,20081117,17,2,322,2,2009,2008,Qtr 4,Tháng Mười Một,17,11,1,47
Monday,November,Lundi,Novembre,Lunes,Noviembre,4,2,2008,20081124,24,2,329,2,2009,2008,Qtr 4,Tháng Mười Một,24,11,1,48
Monday,November,Lundi,Novembre,Lunes,Noviembre,4,2,2009,20091102,2,2,306,2,2010,2009,Qtr 4,Tháng Mười Một,2,11,1,45
Monday,November,Lundi,Novembre,Lunes,Noviembre,4,2,2009,20091109,9,2,313,2,2010,2009,Qtr 4,Tháng Mười Một,9,11,1,46
Monday,November,Lundi,Novembre,Lunes,Noviembre,4,2,2009,20091116,16,2,320,2,2010,2009,Qtr 4,Tháng Mười Một,16,11,1,47
Monday,November,Lundi,Novembre,Lunes,Noviembre,4,2,2009,20091123,23,2,327,2,2010,2009,Qtr 4,Tháng Mười Một,23,11,1,48
Monday,November,Lundi,Novembre,Lunes,Noviembre,4,2,2009,20091130,30,2,334,2,2010,2009,Qtr 4,Tháng Mười Một,30,11,1,49
Monday,November,Lundi,Novembre,Lunes,Noviembre,4,2,2010,20101101,1,2,305,2,2011,2010,Qtr 4,Tháng Mười Một,1,11,1,45
Monday,November,Lundi,Novembre,Lunes,Noviembre,4,2,2010,20101108,8,2,312,2,2011,2010,Qtr 4,Tháng Mười Một,8,11,1,46
Monday,November,Lundi,Novembre,Lunes,Noviembre,4,2,2010,20101115,15,2,319,2,2011,2010,Qtr 4,Tháng Mười Một,15,11,1,47
Monday,November,Lundi,Novembre,Lunes,Noviembre,4,2,2010,20101122,22,2,326,2,2011,2010,Qtr 4,Tháng Mười Một,22,11,1,48
Monday,November,Lundi,Novembre,Lunes,Noviembre,4,2,2010,20101129,29,2,333,2,2011,2010,Qtr 4,Tháng Mười Một,29,11,1,49
Monday,November,Lundi,Novembre,Lunes,Noviembre,4,2,2011,20111107,7,2,311,2,2011,2011,Qtr 4,Tháng Mười Một,7,11,1,46
Monday,November,Lundi,Novembre,Lunes,Noviembre,4,2,2011,20111114,14,2,318,2,2011,2011,Qtr 4,Tháng Mười Một,14,11,1,47
Monday,November,Lundi,Novembre,Lunes,Noviembre,4,2,2011,20111121,21,2,325,2,2011,2011,Qtr 4,Tháng Mười Một,21,11,1,48
Monday,November,Lundi,Novembre,Lunes,Noviembre,4,2,2011,20111128,28,2,332,2,2011,2011,Qtr 4,Tháng Mười Một,28,11,1,49
Monday,November,Lundi,Novembre,Lunes,Noviembre,4,2,2012,20121105,5,2,310,2,2012,2012,Qtr 4,Tháng Mười Một,5,11,1,45
Monday,November,Lundi,Novembre,Lunes,Noviembre,4,2,2012,20121112,12,2,317,2,2012,2012,Qtr 4,Tháng Mười Một,12,11,1,46
Monday,November,Lundi,Novembre,Lunes,Noviembre,4,2,2012,20121119,19,2,324,2,2012,2012,Qtr 4,Tháng Mười Một,19,11,1,47
Monday,November,Lundi,Novembre,Lunes,Noviembre,4,2,2012,20121126,26,2,331,2,2012,2012,Qtr 4,Tháng Mười Một,26,11,1,48
Monday,November,Lundi,Novembre,Lunes,Noviembre,4,2,2013,20131104,4,2,308,2,2013,2013,Qtr 4,Tháng Mười Một,4,11,1,45
Monday,November,Lundi,Novembre,Lunes,Noviembre,4,2,2013,20131111,11,2,315,2,2013,2013,Qtr 4,Tháng Mười Một,11,11,1,46
Monday,November,Lundi,Novembre,Lunes,Noviembre,4,2,2013,20131118,18,2,322,2,2013,2013,Qtr 4,Tháng Mười Một,18,11,1,47
Monday,November,Lundi,Novembre,Lunes,Noviembre,4,2,2013,20131125,25,2,329,2,2013,2013,Qtr 4,Tháng Mười Một,25,11,1,48
Monday,November,Lundi,Novembre,Lunes,Noviembre,4,2,2014,20141103,3,2,307,2,2014,2014,Qtr 4,Tháng Mười Một,3,11,1,45
Monday,November,Lundi,Novembre,Lunes,Noviembre,4,2,2014,20141110,10,2,314,2,2014,2014,Qtr 4,Tháng Mười Một,10,11,1,46
Monday,November,Lundi,Novembre,Lunes,Noviembre,4,2,2014,20141117,17,2,321,2,2014,2014,Qtr 4,Tháng Mười Một,17,11,1,47
Monday,November,Lundi,Novembre,Lunes,Noviembre,4,2,2014,20141124,24,2,328,2,2014,2014,Qtr 4,Tháng Mười Một,24,11,1,48
Monday,October,Lundi,Octobre,Lunes,Octubre,4,2,2005,20051003,3,2,276,2,2006,2005,Qtr 4,Tháng Mười,3,10,1,41
Monday,October,Lundi,Octobre,Lunes,Octubre,4,2,2005,20051010,10,2,283,2,2006,2005,Qtr 4,Tháng Mười,10,10,1,42
Monday,October,Lundi,Octobre,Lunes,Octubre,4,2,2005,20051017,17,2,290,2,2006,2005,Qtr 4,Tháng Mười,17,10,1,43
Monday,October,Lundi,Octobre,Lunes,Octubre,4,2,2005,20051024,24,2,297,2,2006,2005,Qtr 4,Tháng Mười,24,10,1,44
Monday,October,Lundi,Octobre,Lunes,Octubre,4,2,2005,20051031,31,2,304,2,2006,2005,Qtr 4,Tháng Mười,31,10,1,45
Monday,October,Lundi,Octobre,Lunes,Octubre,4,2,2006,20061002,2,2,275,2,2007,2006,Qtr 4,Tháng Mười,2,10,1,40
Monday,October,Lundi,Octobre,Lunes,Octubre,4,2,2006,20061009,9,2,282,2,2007,2006,Qtr 4,Tháng Mười,9,10,1,41
Monday,October,Lundi,Octobre,Lunes,Octubre,4,2,2006,20061016,16,2,289,2,2007,2006,Qtr 4,Tháng Mười,16,10,1,42
Monday,October,Lundi,Octobre,Lunes,Octubre,4,2,2006,20061023,23,2,296,2,2007,2006,Qtr 4,Tháng Mười,23,10,1,43
Monday,October,Lundi,Octobre,Lunes,Octubre,4,2,2006,20061030,30,2,303,2,2007,2006,Qtr 4,Tháng Mười,30,10,1,44
Monday,October,Lundi,Octobre,Lunes,Octubre,4,2,2007,20071001,1,2,274,2,2008,2007,Qtr 4,Tháng Mười,1,10,1,40
Monday,October,Lundi,Octobre,Lunes,Octubre,4,2,2007,20071008,8,2,281,2,2008,2007,Qtr 4,Tháng Mười,8,10,1,41
Monday,October,Lundi,Octobre,Lunes,Octubre,4,2,2007,20071015,15,2,288,2,2008,2007,Qtr 4,Tháng Mười,15,10,1,42
Monday,October,Lundi,Octobre,Lunes,Octubre,4,2,2007,20071022,22,2,295,2,2008,2007,Qtr 4,Tháng Mười,22,10,1,43
Monday,October,Lundi,Octobre,Lunes,Octubre,4,2,2007,20071029,29,2,302,2,2008,2007,Qtr 4,Tháng Mười,29,10,1,44
Monday,October,Lundi,Octobre,Lunes,Octubre,4,2,2008,20081006,6,2,280,2,2009,2008,Qtr 4,Tháng Mười,6,10,1,41
Monday,October,Lundi,Octobre,Lunes,Octubre,4,2,2008,20081013,13,2,287,2,2009,2008,Qtr 4,Tháng Mười,13,10,1,42
Monday,October,Lundi,Octobre,Lunes,Octubre,4,2,2008,20081020,20,2,294,2,2009,2008,Qtr 4,Tháng Mười,20,10,1,43
Monday,October,Lundi,Octobre,Lunes,Octubre,4,2,2008,20081027,27,2,301,2,2009,2008,Qtr 4,Tháng Mười,27,10,1,44
Monday,October,Lundi,Octobre,Lunes,Octubre,4,2,2009,20091005,5,2,278,2,2010,2009,Qtr 4,Tháng Mười,5,10,1,41
Monday,October,Lundi,Octobre,Lunes,Octubre,4,2,2009,20091012,12,2,285,2,2010,2009,Qtr 4,Tháng Mười,12,10,1,42
Monday,October,Lundi,Octobre,Lunes,Octubre,4,2,2009,20091019,19,2,292,2,2010,2009,Qtr 4,Tháng Mười,19,10,1,43
Monday,October,Lundi,Octobre,Lunes,Octubre,4,2,2009,20091026,26,2,299,2,2010,2009,Qtr 4,Tháng Mười,26,10,1,44
Monday,October,Lundi,Octobre,Lunes,Octubre,4,2,2010,20101004,4,2,277,2,2011,2010,Qtr 4,Tháng Mười,4,10,1,41
Monday,October,Lundi,Octobre,Lunes,Octubre,4,2,2010,20101011,11,2,284,2,2011,2010,Qtr 4,Tháng Mười,11,10,1,42
Monday,October,Lundi,Octobre,Lunes,Octubre,4,2,2010,20101018,18,2,291,2,2011,2010,Qtr 4,Tháng Mười,18,10,1,43
Monday,October,Lundi,Octobre,Lunes,Octubre,4,2,2010,20101025,25,2,298,2,2011,2010,Qtr 4,Tháng Mười,25,10,1,44
Monday,October,Lundi,Octobre,Lunes,Octubre,4,2,2011,20111003,3,2,276,2,2011,2011,Qtr 4,Tháng Mười,3,10,1,41
Monday,October,Lundi,Octobre,Lunes,Octubre,4,2,2011,20111010,10,2,283,2,2011,2011,Qtr 4,Tháng Mười,10,10,1,42
Monday,October,Lundi,Octobre,Lunes,Octubre,4,2,2011,20111017,17,2,290,2,2011,2011,Qtr 4,Tháng Mười,17,10,1,43
Monday,October,Lundi,Octobre,Lunes,Octubre,4,2,2011,20111024,24,2,297,2,2011,2011,Qtr 4,Tháng Mười,24,10,1,44
Monday,October,Lundi,Octobre,Lunes,Octubre,4,2,2011,20111031,31,2,304,2,2011,2011,Qtr 4,Tháng Mười,31,10,1,45
Monday,October,Lundi,Octobre,Lunes,Octubre,4,2,2012,20121001,1,2,275,2,2012,2012,Qtr 4,Tháng Mười,1,10,1,40
Monday,October,Lundi,Octobre,Lunes,Octubre,4,2,2012,20121008,8,2,282,2,2012,2012,Qtr 4,Tháng Mười,8,10,1,41
Monday,October,Lundi,Octobre,Lunes,Octubre,4,2,2012,20121015,15,2,289,2,2012,2012,Qtr 4,Tháng Mười,15,10,1,42
Monday,October,Lundi,Octobre,Lunes,Octubre,4,2,2012,20121022,22,2,296,2,2012,2012,Qtr 4,Tháng Mười,22,10,1,43
Monday,October,Lundi,Octobre,Lunes,Octubre,4,2,2012,20121029,29,2,303,2,2012,2012,Qtr 4,Tháng Mười,29,10,1,44
Monday,October,Lundi,Octobre,Lunes,Octubre,4,2,2013,20131007,7,2,280,2,2013,2013,Qtr 4,Tháng Mười,7,10,1,41
Monday,October,Lundi,Octobre,Lunes,Octubre,4,2,2013,20131014,14,2,287,2,2013,2013,Qtr 4,Tháng Mười,14,10,1,42
Monday,October,Lundi,Octobre,Lunes,Octubre,4,2,2013,20131021,21,2,294,2,2013,2013,Qtr 4,Tháng Mười,21,10,1,43
Monday,October,Lundi,Octobre,Lunes,Octubre,4,2,2013,20131028,28,2,301,2,2013,2013,Qtr 4,Tháng Mười,28,10,1,44
Monday,October,Lundi,Octobre,Lunes,Octubre,4,2,2014,20141006,6,2,279,2,2014,2014,Qtr 4,Tháng Mười,6,10,1,41
Monday,October,Lundi,Octobre,Lunes,Octubre,4,2,2014,20141013,13,2,286,2,2014,2014,Qtr 4,Tháng Mười,13,10,1,42
Monday,October,Lundi,Octobre,Lunes,Octubre,4,2,2014,20141020,20,2,293,2,2014,2014,Qtr 4,Tháng Mười,20,10,1,43
Monday,October,Lundi,Octobre,Lunes,Octubre,4,2,2014,20141027,27,2,300,2,2014,2014,Qtr 4,Tháng Mười,27,10,1,44
Monday,September,Lundi,Septembre,Lunes,Septiembre,3,2,2005,20050905,5,2,248,1,2006,2005,Qtr 3,Tháng Chín,5,9,1,37
Monday,September,Lundi,Septembre,Lunes,Septiembre,3,2,2005,20050912,12,2,255,1,2006,2005,Qtr 3,Tháng Chín,12,9,1,38
Monday,September,Lundi,Septembre,Lunes,Septiembre,3,2,2005,20050919,19,2,262,1,2006,2005,Qtr 3,Tháng Chín,19,9,1,39
Monday,September,Lundi,Septembre,Lunes,Septiembre,3,2,2005,20050926,26,2,269,1,2006,2005,Qtr 3,Tháng Chín,26,9,1,40
Monday,September,Lundi,Septembre,Lunes,Septiembre,3,2,2006,20060904,4,2,247,1,2007,2006,Qtr 3,Tháng Chín,4,9,1,36
Monday,September,Lundi,Septembre,Lunes,Septiembre,3,2,2006,20060911,11,2,254,1,2007,2006,Qtr 3,Tháng Chín,11,9,1,37
Monday,September,Lundi,Septembre,Lunes,Septiembre,3,2,2006,20060918,18,2,261,1,2007,2006,Qtr 3,Tháng Chín,18,9,1,38
Monday,September,Lundi,Septembre,Lunes,Septiembre,3,2,2006,20060925,25,2,268,1,2007,2006,Qtr 3,Tháng Chín,25,9,1,39
Monday,September,Lundi,Septembre,Lunes,Septiembre,3,2,2007,20070903,3,2,246,1,2008,2007,Qtr 3,Tháng Chín,3,9,1,36
Monday,September,Lundi,Septembre,Lunes,Septiembre,3,2,2007,20070910,10,2,253,1,2008,2007,Qtr 3,Tháng Chín,10,9,1,37
Monday,September,Lundi,Septembre,Lunes,Septiembre,3,2,2007,20070917,17,2,260,1,2008,2007,Qtr 3,Tháng Chín,17,9,1,38
Monday,September,Lundi,Septembre,Lunes,Septiembre,3,2,2007,20070924,24,2,267,1,2008,2007,Qtr 3,Tháng Chín,24,9,1,39
Monday,September,Lundi,Septembre,Lunes,Septiembre,3,2,2008,20080901,1,2,245,1,2009,2008,Qtr 3,Tháng Chín,1,9,1,36
Monday,September,Lundi,Septembre,Lunes,Septiembre,3,2,2008,20080908,8,2,252,1,2009,2008,Qtr 3,Tháng Chín,8,9,1,37
Monday,September,Lundi,Septembre,Lunes,Septiembre,3,2,2008,20080915,15,2,259,1,2009,2008,Qtr 3,Tháng Chín,15,9,1,38
Monday,September,Lundi,Septembre,Lunes,Septiembre,3,2,2008,20080922,22,2,266,1,2009,2008,Qtr 3,Tháng Chín,22,9,1,39
Monday,September,Lundi,Septembre,Lunes,Septiembre,3,2,2008,20080929,29,2,273,1,2009,2008,Qtr 3,Tháng Chín,29,9,1,40
Monday,September,Lundi,Septembre,Lunes,Septiembre,3,2,2009,20090907,7,2,250,1,2010,2009,Qtr 3,Tháng Chín,7,9,1,37
Monday,September,Lundi,Septembre,Lunes,Septiembre,3,2,2009,20090914,14,2,257,1,2010,2009,Qtr 3,Tháng Chín,14,9,1,38
Monday,September,Lundi,Septembre,Lunes,Septiembre,3,2,2009,20090921,21,2,264,1,2010,2009,Qtr 3,Tháng Chín,21,9,1,39
Monday,September,Lundi,Septembre,Lunes,Septiembre,3,2,2009,20090928,28,2,271,1,2010,2009,Qtr 3,Tháng Chín,28,9,1,40
Monday,September,Lundi,Septembre,Lunes,Septiembre,3,2,2010,20100906,6,2,249,1,2011,2010,Qtr 3,Tháng Chín,6,9,1,37
Monday,September,Lundi,Septembre,Lunes,Septiembre,3,2,2010,20100913,13,2,256,1,2011,2010,Qtr 3,Tháng Chín,13,9,1,38
Monday,September,Lundi,Septembre,Lunes,Septiembre,3,2,2010,20100920,20,2,263,1,2011,2010,Qtr 3,Tháng Chín,20,9,1,39
Monday,September,Lundi,Septembre,Lunes,Septiembre,3,2,2010,20100927,27,2,270,1,2011,2010,Qtr 3,Tháng Chín,27,9,1,40
Monday,September,Lundi,Septembre,Lunes,Septiembre,3,2,2011,20110905,5,2,248,1,2011,2011,Qtr 3,Tháng Chín,5,9,1,37
Monday,September,Lundi,Septembre,Lunes,Septiembre,3,2,2011,20110912,12,2,255,1,2011,2011,Qtr 3,Tháng Chín,12,9,1,38
Monday,September,Lundi,Septembre,Lunes,Septiembre,3,2,2011,20110919,19,2,262,1,2011,2011,Qtr 3,Tháng Chín,19,9,1,39
Monday,September,Lundi,Septembre,Lunes,Septiembre,3,2,2011,20110926,26,2,269,1,2011,2011,Qtr 3,Tháng Chín,26,9,1,40
Monday,September,Lundi,Septembre,Lunes,Septiembre,3,2,2012,20120903,3,2,247,1,2012,2012,Qtr 3,Tháng Chín,3,9,1,36
Monday,September,Lundi,Septembre,Lunes,Septiembre,3,2,2012,20120910,10,2,254,1,2012,2012,Qtr 3,Tháng Chín,10,9,1,37
Monday,September,Lundi,Septembre,Lunes,Septiembre,3,2,2012,20120917,17,2,261,1,2012,2012,Qtr 3,Tháng Chín,17,9,1,38
Monday,September,Lundi,Septembre,Lunes,Septiembre,3,2,2012,20120924,24,2,268,1,2012,2012,Qtr 3,Tháng Chín,24,9,1,39
Monday,September,Lundi,Septembre,Lunes,Septiembre,3,2,2013,20130902,2,2,245,1,2013,2013,Qtr 3,Tháng Chín,2,9,1,36
Monday,September,Lundi,Septembre,Lunes,Septiembre,3,2,2013,20130909,9,2,252,1,2013,2013,Qtr 3,Tháng Chín,9,9,1,37
Monday,September,Lundi,Septembre,Lunes,Septiembre,3,2,2013,20130916,16,2,259,1,2013,2013,Qtr 3,Tháng Chín,16,9,1,38
Monday,September,Lundi,Septembre,Lunes,Septiembre,3,2,2013,20130923,23,2,266,1,2013,2013,Qtr 3,Tháng Chín,23,9,1,39
Monday,September,Lundi,Septembre,Lunes,Septiembre,3,2,2013,20130930,30,2,273,1,2013,2013,Qtr 3,Tháng Chín,30,9,1,40
Monday,September,Lundi,Septembre,Lunes,Septiembre,3,2,2014,20140901,1,2,244,1,2014,2014,Qtr 3,Tháng Chín,1,9,1,36
Monday,September,Lundi,Septembre,Lunes,Septiembre,3,2,2014,20140908,8,2,251,1,2014,2014,Qtr 3,Tháng Chín,8,9,1,37
Monday,September,Lundi,Septembre,Lunes,Septiembre,3,2,2014,20140915,15,2,258,1,2014,2014,Qtr 3,Tháng Chín,15,9,1,38
Monday,September,Lundi,Septembre,Lunes,Septiembre,3,2,2014,20140922,22,2,265,1,2014,2014,Qtr 3,Tháng Chín,22,9,1,39
Monday,September,Lundi,Septembre,Lunes,Septiembre,3,2,2014,20140929,29,2,272,1,2014,2014,Qtr 3,Tháng Chín,29,9,1,40
Saturday,April,Samedi,Avril,Sábado,Abril,2,1,2005,20050402,2,7,92,4,2005,2005,Qtr 2,Tháng Tư,2,4,2,14
Saturday,April,Samedi,Avril,Sábado,Abril,2,1,2005,20050409,9,7,99,4,2005,2005,Qtr 2,Tháng Tư,9,4,2,15
Saturday,April,Samedi,Avril,Sábado,Abril,2,1,2005,20050416,16,7,106,4,2005,2005,Qtr 2,Tháng Tư,16,4,2,16
Saturday,April,Samedi,Avril,Sábado,Abril,2,1,2005,20050423,23,7,113,4,2005,2005,Qtr 2,Tháng Tư,23,4,2,17
Saturday,April,Samedi,Avril,Sábado,Abril,2,1,2005,20050430,30,7,120,4,2005,2005,Qtr 2,Tháng Tư,30,4,2,18
Saturday,April,Samedi,Avril,Sábado,Abril,2,1,2006,20060401,1,7,91,4,2006,2006,Qtr 2,Tháng Tư,1,4,2,13
Saturday,April,Samedi,Avril,Sábado,Abril,2,1,2006,20060408,8,7,98,4,2006,2006,Qtr 2,Tháng Tư,8,4,2,14
Saturday,April,Samedi,Avril,Sábado,Abril,2,1,2006,20060415,15,7,105,4,2006,2006,Qtr 2,Tháng Tư,15,4,2,15
Saturday,April,Samedi,Avril,Sábado,Abril,2,1,2006,20060422,22,7,112,4,2006,2006,Qtr 2,Tháng Tư,22,4,2,16
Saturday,April,Samedi,Avril,Sábado,Abril,2,1,2006,20060429,29,7,119,4,2006,2006,Qtr 2,Tháng Tư,29,4,2,17
Saturday,April,Samedi,Avril,Sábado,Abril,2,1,2007,20070407,7,7,97,4,2007,2007,Qtr 2,Tháng Tư,7,4,2,14
Saturday,April,Samedi,Avril,Sábado,Abril,2,1,2007,20070414,14,7,104,4,2007,2007,Qtr 2,Tháng Tư,14,4,2,15
Saturday,April,Samedi,Avril,Sábado,Abril,2,1,2007,20070421,21,7,111,4,2007,2007,Qtr 2,Tháng Tư,21,4,2,16
Saturday,April,Samedi,Avril,Sábado,Abril,2,1,2007,20070428,28,7,118,4,2007,2007,Qtr 2,Tháng Tư,28,4,2,17
Saturday,April,Samedi,Avril,Sábado,Abril,2,1,2008,20080405,5,7,96,4,2008,2008,Qtr 2,Tháng Tư,5,4,2,14
Saturday,April,Samedi,Avril,Sábado,Abril,2,1,2008,20080412,12,7,103,4,2008,2008,Qtr 2,Tháng Tư,12,4,2,15
Saturday,April,Samedi,Avril,Sábado,Abril,2,1,2008,20080419,19,7,110,4,2008,2008,Qtr 2,Tháng Tư,19,4,2,16
Saturday,April,Samedi,Avril,Sábado,Abril,2,1,2008,20080426,26,7,117,4,2008,2008,Qtr 2,Tháng Tư,26,4,2,17
Saturday,April,Samedi,Avril,Sábado,Abril,2,1,2009,20090404,4,7,94,4,2009,2009,Qtr 2,Tháng Tư,4,4,2,14
Saturday,April,Samedi,Avril,Sábado,Abril,2,1,2009,20090411,11,7,101,4,2009,2009,Qtr 2,Tháng Tư,11,4,2,15
Saturday,April,Samedi,Avril,Sábado,Abril,2,1,2009,20090418,18,7,108,4,2009,2009,Qtr 2,Tháng Tư,18,4,2,16
Saturday,April,Samedi,Avril,Sábado,Abril,2,1,2009,20090425,25,7,115,4,2009,2009,Qtr 2,Tháng Tư,25,4,2,17
Saturday,April,Samedi,Avril,Sábado,Abril,2,1,2010,20100403,3,7,93,4,2010,2010,Qtr 2,Tháng Tư,3,4,2,14
Saturday,April,Samedi,Avril,Sábado,Abril,2,1,2010,20100410,10,7,100,4,2010,2010,Qtr 2,Tháng Tư,10,4,2,15
Saturday,April,Samedi,Avril,Sábado,Abril,2,1,2010,20100417,17,7,107,4,2010,2010,Qtr 2,Tháng Tư,17,4,2,16
Saturday,April,Samedi,Avril,Sábado,Abril,2,1,2010,20100424,24,7,114,4,2010,2010,Qtr 2,Tháng Tư,24,4,2,17
Saturday,April,Samedi,Avril,Sábado,Abril,2,1,2011,20110402,2,7,92,4,2010,2011,Qtr 2,Tháng Tư,2,4,2,14
Saturday,April,Samedi,Avril,Sábado,Abril,2,1,2011,20110409,9,7,99,4,2010,2011,Qtr 2,Tháng Tư,9,4,2,15
Saturday,April,Samedi,Avril,Sábado,Abril,2,1,2011,20110416,16,7,106,4,2010,2011,Qtr 2,Tháng Tư,16,4,2,16
Saturday,April,Samedi,Avril,Sábado,Abril,2,1,2011,20110423,23,7,113,4,2010,2011,Qtr 2,Tháng Tư,23,4,2,17
Saturday,April,Samedi,Avril,Sábado,Abril,2,1,2011,20110430,30,7,120,4,2010,2011,Qtr 2,Tháng Tư,30,4,2,18
Saturday,April,Samedi,Avril,Sábado,Abril,2,1,2012,20120407,7,7,98,4,2011,2012,Qtr 2,Tháng Tư,7,4,2,14
Saturday,April,Samedi,Avril,Sábado,Abril,2,1,2012,20120414,14,7,105,4,2011,2012,Qtr 2,Tháng Tư,14,4,2,15
Saturday,April,Samedi,Avril,Sábado,Abril,2,1,2012,20120421,21,7,112,4,2011,2012,Qtr 2,Tháng Tư,21,4,2,16
Saturday,April,Samedi,Avril,Sábado,Abril,2,1,2012,20120428,28,7,119,4,2011,2012,Qtr 2,Tháng Tư,28,4,2,17
Saturday,April,Samedi,Avril,Sábado,Abril,2,1,2013,20130406,6,7,96,4,2012,2013,Qtr 2,Tháng Tư,6,4,2,14
Saturday,April,Samedi,Avril,Sábado,Abril,2,1,2013,20130413,13,7,103,4,2012,2013,Qtr 2,Tháng Tư,13,4,2,15
Saturday,April,Samedi,Avril,Sábado,Abril,2,1,2013,20130420,20,7,110,4,2012,2013,Qtr 2,Tháng Tư,20,4,2,16
Saturday,April,Samedi,Avril,Sábado,Abril,2,1,2013,20130427,27,7,117,4,2012,2013,Qtr 2,Tháng Tư,27,4,2,17
Saturday,April,Samedi,Avril,Sábado,Abril,2,1,2014,20140405,5,7,95,4,2013,2014,Qtr 2,Tháng Tư,5,4,2,14
Saturday,April,Samedi,Avril,Sábado,Abril,2,1,2014,20140412,12,7,102,4,2013,2014,Qtr 2,Tháng Tư,12,4,2,15
Saturday,April,Samedi,Avril,Sábado,Abril,2,1,2014,20140419,19,7,109,4,2013,2014,Qtr 2,Tháng Tư,19,4,2,16
Saturday,April,Samedi,Avril,Sábado,Abril,2,1,2014,20140426,26,7,116,4,2013,2014,Qtr 2,Tháng Tư,26,4,2,17
Saturday,August,Samedi,Août,Sábado,Agosto,3,2,2005,20050806,6,7,218,1,2006,2005,Qtr 3,Tháng Tám,6,8,1,32
Saturday,August,Samedi,Août,Sábado,Agosto,3,2,2005,20050813,13,7,225,1,2006,2005,Qtr 3,Tháng Tám,13,8,1,33
Saturday,August,Samedi,Août,Sábado,Agosto,3,2,2005,20050820,20,7,232,1,2006,2005,Qtr 3,Tháng Tám,20,8,1,34
Saturday,August,Samedi,Août,Sábado,Agosto,3,2,2005,20050827,27,7,239,1,2006,2005,Qtr 3,Tháng Tám,27,8,1,35
Saturday,August,Samedi,Août,Sábado,Agosto,3,2,2006,20060805,5,7,217,1,2007,2006,Qtr 3,Tháng Tám,5,8,1,31
Saturday,August,Samedi,Août,Sábado,Agosto,3,2,2006,20060812,12,7,224,1,2007,2006,Qtr 3,Tháng Tám,12,8,1,32
Saturday,August,Samedi,Août,Sábado,Agosto,3,2,2006,20060819,19,7,231,1,2007,2006,Qtr 3,Tháng Tám,19,8,1,33
Saturday,August,Samedi,Août,Sábado,Agosto,3,2,2006,20060826,26,7,238,1,2007,2006,Qtr 3,Tháng Tám,26,8,1,34
Saturday,August,Samedi,Août,Sábado,Agosto,3,2,2007,20070804,4,7,216,1,2008,2007,Qtr 3,Tháng Tám,4,8,1,31
Saturday,August,Samedi,Août,Sábado,Agosto,3,2,2007,20070811,11,7,223,1,2008,2007,Qtr 3,Tháng Tám,11,8,1,32
Saturday,August,Samedi,Août,Sábado,Agosto,3,2,2007,20070818,18,7,230,1,2008,2007,Qtr 3,Tháng Tám,18,8,1,33
Saturday,August,Samedi,Août,Sábado,Agosto,3,2,2007,20070825,25,7,237,1,2008,2007,Qtr 3,Tháng Tám,25,8,1,34
Saturday,August,Samedi,Août,Sábado,Agosto,3,2,2008,20080802,2,7,215,1,2009,2008,Qtr 3,Tháng Tám,2,8,1,31
Saturday,August,Samedi,Août,Sábado,Agosto,3,2,2008,20080809,9,7,222,1,2009,2008,Qtr 3,Tháng Tám,9,8,1,32
Saturday,August,Samedi,Août,Sábado,Agosto,3,2,2008,20080816,16,7,229,1,2009,2008,Qtr 3,Tháng Tám,16,8,1,33
Saturday,August,Samedi,Août,Sábado,Agosto,3,2,2008,20080823,23,7,236,1,2009,2008,Qtr 3,Tháng Tám,23,8,1,34
Saturday,August,Samedi,Août,Sábado,Agosto,3,2,2008,20080830,30,7,243,1,2009,2008,Qtr 3,Tháng Tám,30,8,1,35
Saturday,August,Samedi,Août,Sábado,Agosto,3,2,2009,20090801,1,7,213,1,2010,2009,Qtr 3,Tháng Tám,1,8,1,31
Saturday,August,Samedi,Août,Sábado,Agosto,3,2,2009,20090808,8,7,220,1,2010,2009,Qtr 3,Tháng Tám,8,8,1,32
Saturday,August,Samedi,Août,Sábado,Agosto,3,2,2009,20090815,15,7,227,1,2010,2009,Qtr 3,Tháng Tám,15,8,1,33
Saturday,August,Samedi,Août,Sábado,Agosto,3,2,2009,20090822,22,7,234,1,2010,2009,Qtr 3,Tháng Tám,22,8,1,34
Saturday,August,Samedi,Août,Sábado,Agosto,3,2,2009,20090829,29,7,241,1,2010,2009,Qtr 3,Tháng Tám,29,8,1,35
Saturday,August,Samedi,Août,Sábado,Agosto,3,2,2010,20100807,7,7,219,1,2011,2010,Qtr 3,Tháng Tám,7,8,1,32
Saturday,August,Samedi,Août,Sábado,Agosto,3,2,2010,20100814,14,7,226,1,2011,2010,Qtr 3,Tháng Tám,14,8,1,33
Saturday,August,Samedi,Août,Sábado,Agosto,3,2,2010,20100821,21,7,233,1,2011,2010,Qtr 3,Tháng Tám,21,8,1,34
Saturday,August,Samedi,Août,Sábado,Agosto,3,2,2010,20100828,28,7,240,1,2011,2010,Qtr 3,Tháng Tám,28,8,1,35
Saturday,August,Samedi,Août,Sábado,Agosto,3,2,2011,20110806,6,7,218,1,2011,2011,Qtr 3,Tháng Tám,6,8,1,32
Saturday,August,Samedi,Août,Sábado,Agosto,3,2,2011,20110813,13,7,225,1,2011,2011,Qtr 3,Tháng Tám,13,8,1,33
Saturday,August,Samedi,Août,Sábado,Agosto,3,2,2011,20110820,20,7,232,1,2011,2011,Qtr 3,Tháng Tám,20,8,1,34
Saturday,August,Samedi,Août,Sábado,Agosto,3,2,2011,20110827,27,7,239,1,2011,2011,Qtr 3,Tháng Tám,27,8,1,35
Saturday,August,Samedi,Août,Sábado,Agosto,3,2,2012,20120804,4,7,217,1,2012,2012,Qtr 3,Tháng Tám,4,8,1,31
Saturday,August,Samedi,Août,Sábado,Agosto,3,2,2012,20120811,11,7,224,1,2012,2012,Qtr 3,Tháng Tám,11,8,1,32
Saturday,August,Samedi,Août,Sábado,Agosto,3,2,2012,20120818,18,7,231,1,2012,2012,Qtr 3,Tháng Tám,18,8,1,33
Saturday,August,Samedi,Août,Sábado,Agosto,3,2,2012,20120825,25,7,238,1,2012,2012,Qtr 3,Tháng Tám,25,8,1,34
Saturday,August,Samedi,Août,Sábado,Agosto,3,2,2013,20130803,3,7,215,1,2013,2013,Qtr 3,Tháng Tám,3,8,1,31
Saturday,August,Samedi,Août,Sábado,Agosto,3,2,2013,20130810,10,7,222,1,2013,2013,Qtr 3,Tháng Tám,10,8,1,32
Saturday,August,Samedi,Août,Sábado,Agosto,3,2,2013,20130817,17,7,229,1,2013,2013,Qtr 3,Tháng Tám,17,8,1,33
Saturday,August,Samedi,Août,Sábado,Agosto,3,2,2013,20130824,24,7,236,1,2013,2013,Qtr 3,Tháng Tám,24,8,1,34
Saturday,August,Samedi,Août,Sábado,Agosto,3,2,2013,20130831,31,7,243,1,2013,2013,Qtr 3,Tháng Tám,31,8,1,35
Saturday,August,Samedi,Août,Sábado,Agosto,3,2,2014,20140802,2,7,214,1,2014,2014,Qtr 3,Tháng Tám,2,8,1,31
Saturday,August,Samedi,Août,Sábado,Agosto,3,2,2014,20140809,9,7,221,1,2014,2014,Qtr 3,Tháng Tám,9,8,1,32
Saturday,August,Samedi,Août,Sábado,Agosto,3,2,2014,20140816,16,7,228,1,2014,2014,Qtr 3,Tháng Tám,16,8,1,33
Saturday,August,Samedi,Août,Sábado,Agosto,3,2,2014,20140823,23,7,235,1,2014,2014,Qtr 3,Tháng Tám,23,8,1,34
Saturday,August,Samedi,Août,Sábado,Agosto,3,2,2014,20140830,30,7,242,1,2014,2014,Qtr 3,Tháng Tám,30,8,1,35
Saturday,December,Samedi,Décembre,Sábado,Diciembre,4,2,2005,20051203,3,7,337,2,2006,2005,Qtr 4,Tháng Mười Hai,3,12,1,49
Saturday,December,Samedi,Décembre,Sábado,Diciembre,4,2,2005,20051210,10,7,344,2,2006,2005,Qtr 4,Tháng Mười Hai,10,12,1,50
Saturday,December,Samedi,Décembre,Sábado,Diciembre,4,2,2005,20051217,17,7,351,2,2006,2005,Qtr 4,Tháng Mười Hai,17,12,1,51
Saturday,December,Samedi,Décembre,Sábado,Diciembre,4,2,2005,20051224,24,7,358,2,2006,2005,Qtr 4,Tháng Mười Hai,24,12,1,52
Saturday,December,Samedi,Décembre,Sábado,Diciembre,4,2,2005,20051231,31,7,365,2,2006,2005,Qtr 4,Tháng Mười Hai,31,12,1,53
Saturday,December,Samedi,Décembre,Sábado,Diciembre,4,2,2006,20061202,2,7,336,2,2007,2006,Qtr 4,Tháng Mười Hai,2,12,1,48
Saturday,December,Samedi,Décembre,Sábado,Diciembre,4,2,2006,20061209,9,7,343,2,2007,2006,Qtr 4,Tháng Mười Hai,9,12,1,49
Saturday,December,Samedi,Décembre,Sábado,Diciembre,4,2,2006,20061216,16,7,350,2,2007,2006,Qtr 4,Tháng Mười Hai,16,12,1,50
Saturday,December,Samedi,Décembre,Sábado,Diciembre,4,2,2006,20061223,23,7,357,2,2007,2006,Qtr 4,Tháng Mười Hai,23,12,1,51
Saturday,December,Samedi,Décembre,Sábado,Diciembre,4,2,2006,20061230,30,7,364,2,2007,2006,Qtr 4,Tháng Mười Hai,30,12,1,52
Saturday,December,Samedi,Décembre,Sábado,Diciembre,4,2,2007,20071201,1,7,335,2,2008,2007,Qtr 4,Tháng Mười Hai,1,12,1,48
Saturday,December,Samedi,Décembre,Sábado,Diciembre,4,2,2007,20071208,8,7,342,2,2008,2007,Qtr 4,Tháng Mười Hai,8,12,1,49
Saturday,December,Samedi,Décembre,Sábado,Diciembre,4,2,2007,20071215,15,7,349,2,2008,2007,Qtr 4,Tháng Mười Hai,15,12,1,50
Saturday,December,Samedi,Décembre,Sábado,Diciembre,4,2,2007,20071222,22,7,356,2,2008,2007,Qtr 4,Tháng Mười Hai,22,12,1,51
Saturday,December,Samedi,Décembre,Sábado,Diciembre,4,2,2007,20071229,29,7,363,2,2008,2007,Qtr 4,Tháng Mười Hai,29,12,1,52
Saturday,December,Samedi,Décembre,Sábado,Diciembre,4,2,2008,20081206,6,7,341,2,2009,2008,Qtr 4,Tháng Mười Hai,6,12,1,49
Saturday,December,Samedi,Décembre,Sábado,Diciembre,4,2,2008,20081213,13,7,348,2,2009,2008,Qtr 4,Tháng Mười Hai,13,12,1,50
Saturday,December,Samedi,Décembre,Sábado,Diciembre,4,2,2008,20081220,20,7,355,2,2009,2008,Qtr 4,Tháng Mười Hai,20,12,1,51
Saturday,December,Samedi,Décembre,Sábado,Diciembre,4,2,2008,20081227,27,7,362,2,2009,2008,Qtr 4,Tháng Mười Hai,27,12,1,52
Saturday,December,Samedi,Décembre,Sábado,Diciembre,4,2,2009,20091205,5,7,339,2,2010,2009,Qtr 4,Tháng Mười Hai,5,12,1,49
Saturday,December,Samedi,Décembre,Sábado,Diciembre,4,2,2009,20091212,12,7,346,2,2010,2009,Qtr 4,Tháng Mười Hai,12,12,1,50
Saturday,December,Samedi,Décembre,Sábado,Diciembre,4,2,2009,20091219,19,7,353,2,2010,2009,Qtr 4,Tháng Mười Hai,19,12,1,51
Saturday,December,Samedi,Décembre,Sábado,Diciembre,4,2,2009,20091226,26,7,360,2,2010,2009,Qtr 4,Tháng Mười Hai,26,12,1,52
Saturday,December,Samedi,Décembre,Sábado,Diciembre,4,2,2010,20101204,4,7,338,2,2011,2010,Qtr 4,Tháng Mười Hai,4,12,1,49
Saturday,December,Samedi,Décembre,Sábado,Diciembre,4,2,2010,20101211,11,7,345,2,2011,2010,Qtr 4,Tháng Mười Hai,11,12,1,50
Saturday,December,Samedi,Décembre,Sábado,Diciembre,4,2,2010,20101218,18,7,352,2,2011,2010,Qtr 4,Tháng Mười Hai,18,12,1,51
Saturday,December,Samedi,Décembre,Sábado,Diciembre,4,2,2010,20101225,25,7,359,2,2011,2010,Qtr 4,Tháng Mười Hai,25,12,1,52
Saturday,December,Samedi,Décembre,Sábado,Diciembre,4,2,2011,20111203,3,7,337,2,2011,2011,Qtr 4,Tháng Mười Hai,3,12,1,49
Saturday,December,Samedi,Décembre,Sábado,Diciembre,4,2,2011,20111210,10,7,344,2,2011,2011,Qtr 4,Tháng Mười Hai,10,12,1,50
Saturday,December,Samedi,Décembre,Sábado,Diciembre,4,2,2011,20111217,17,7,351,2,2011,2011,Qtr 4,Tháng Mười Hai,17,12,1,51
Saturday,December,Samedi,Décembre,Sábado,Diciembre,4,2,2011,20111224,24,7,358,2,2011,2011,Qtr 4,Tháng Mười Hai,24,12,1,52
Saturday,December,Samedi,Décembre,Sábado,Diciembre,4,2,2011,20111231,31,7,365,2,2011,2011,Qtr 4,Tháng Mười Hai,31,12,1,53
Saturday,December,Samedi,Décembre,Sábado,Diciembre,4,2,2012,20121201,1,7,336,2,2012,2012,Qtr 4,Tháng Mười Hai,1,12,1,48
Saturday,December,Samedi,Décembre,Sábado,Diciembre,4,2,2012,20121208,8,7,343,2,2012,2012,Qtr 4,Tháng Mười Hai,8,12,1,49
Saturday,December,Samedi,Décembre,Sábado,Diciembre,4,2,2012,20121215,15,7,350,2,2012,2012,Qtr 4,Tháng Mười Hai,15,12,1,50
Saturday,December,Samedi,Décembre,Sábado,Diciembre,4,2,2012,20121222,22,7,357,2,2012,2012,Qtr 4,Tháng Mười Hai,22,12,1,51
Saturday,December,Samedi,Décembre,Sábado,Diciembre,4,2,2012,20121229,29,7,364,2,2012,2012,Qtr 4,Tháng Mười Hai,29,12,1,52
Saturday,December,Samedi,Décembre,Sábado,Diciembre,4,2,2013,20131207,7,7,341,2,2013,2013,Qtr 4,Tháng Mười Hai,7,12,1,49
Saturday,December,Samedi,Décembre,Sábado,Diciembre,4,2,2013,20131214,14,7,348,2,2013,2013,Qtr 4,Tháng Mười Hai,14,12,1,50
Saturday,December,Samedi,Décembre,Sábado,Diciembre,4,2,2013,20131221,21,7,355,2,2013,2013,Qtr 4,Tháng Mười Hai,21,12,1,51
Saturday,December,Samedi,Décembre,Sábado,Diciembre,4,2,2013,20131228,28,7,362,2,2013,2013,Qtr 4,Tháng Mười Hai,28,12,1,52
Saturday,December,Samedi,Décembre,Sábado,Diciembre,4,2,2014,20141206,6,7,340,2,2014,2014,Qtr 4,Tháng Mười Hai,6,12,1,49
Saturday,December,Samedi,Décembre,Sábado,Diciembre,4,2,2014,20141213,13,7,347,2,2014,2014,Qtr 4,Tháng Mười Hai,13,12,1,50
Saturday,December,Samedi,Décembre,Sábado,Diciembre,4,2,2014,20141220,20,7,354,2,2014,2014,Qtr 4,Tháng Mười Hai,20,12,1,51
Saturday,December,Samedi,Décembre,Sábado,Diciembre,4,2,2014,20141227,27,7,361,2,2014,2014,Qtr 4,Tháng Mười Hai,27,12,1,52
Saturday,February,Samedi,Février,Sábado,Febrero,1,1,2005,20050205,5,7,36,3,2005,2005,Qtr 1,Tháng Hai,5,2,2,6
Saturday,February,Samedi,Février,Sábado,Febrero,1,1,2005,20050212,12,7,43,3,2005,2005,Qtr 1,Tháng Hai,12,2,2,7
Saturday,February,Samedi,Février,Sábado,Febrero,1,1,2005,20050219,19,7,50,3,2005,2005,Qtr 1,Tháng Hai,19,2,2,8
Saturday,February,Samedi,Février,Sábado,Febrero,1,1,2005,20050226,26,7,57,3,2005,2005,Qtr 1,Tháng Hai,26,2,2,9
Saturday,February,Samedi,Février,Sábado,Febrero,1,1,2006,20060204,4,7,35,3,2006,2006,Qtr 1,Tháng Hai,4,2,2,5
Saturday,February,Samedi,Février,Sábado,Febrero,1,1,2006,20060211,11,7,42,3,2006,2006,Qtr 1,Tháng Hai,11,2,2,6
Saturday,February,Samedi,Février,Sábado,Febrero,1,1,2006,20060218,18,7,49,3,2006,2006,Qtr 1,Tháng Hai,18,2,2,7
Saturday,February,Samedi,Février,Sábado,Febrero,1,1,2006,20060225,25,7,56,3,2006,2006,Qtr 1,Tháng Hai,25,2,2,8
Saturday,February,Samedi,Février,Sábado,Febrero,1,1,2007,20070203,3,7,34,3,2007,2007,Qtr 1,Tháng Hai,3,2,2,5
Saturday,February,Samedi,Février,Sábado,Febrero,1,1,2007,20070210,10,7,41,3,2007,2007,Qtr 1,Tháng Hai,10,2,2,6
Saturday,February,Samedi,Février,Sábado,Febrero,1,1,2007,20070217,17,7,48,3,2007,2007,Qtr 1,Tháng Hai,17,2,2,7
Saturday,February,Samedi,Février,Sábado,Febrero,1,1,2007,20070224,24,7,55,3,2007,2007,Qtr 1,Tháng Hai,24,2,2,8
Saturday,February,Samedi,Février,Sábado,Febrero,1,1,2008,20080202,2,7,33,3,2008,2008,Qtr 1,Tháng Hai,2,2,2,5
Saturday,February,Samedi,Février,Sábado,Febrero,1,1,2008,20080209,9,7,40,3,2008,2008,Qtr 1,Tháng Hai,9,2,2,6
Saturday,February,Samedi,Février,Sábado,Febrero,1,1,2008,20080216,16,7,47,3,2008,2008,Qtr 1,Tháng Hai,16,2,2,7
Saturday,February,Samedi,Février,Sábado,Febrero,1,1,2008,20080223,23,7,54,3,2008,2008,Qtr 1,Tháng Hai,23,2,2,8
Saturday,February,Samedi,Février,Sábado,Febrero,1,1,2009,20090207,7,7,38,3,2009,2009,Qtr 1,Tháng Hai,7,2,2,6
Saturday,February,Samedi,Février,Sábado,Febrero,1,1,2009,20090214,14,7,45,3,2009,2009,Qtr 1,Tháng Hai,14,2,2,7
Saturday,February,Samedi,Février,Sábado,Febrero,1,1,2009,20090221,21,7,52,3,2009,2009,Qtr 1,Tháng Hai,21,2,2,8
Saturday,February,Samedi,Février,Sábado,Febrero,1,1,2009,20090228,28,7,59,3,2009,2009,Qtr 1,Tháng Hai,28,2,2,9
Saturday,February,Samedi,Février,Sábado,Febrero,1,1,2010,20100206,6,7,37,3,2010,2010,Qtr 1,Tháng Hai,6,2,2,6
Saturday,February,Samedi,Février,Sábado,Febrero,1,1,2010,20100213,13,7,44,3,2010,2010,Qtr 1,Tháng Hai,13,2,2,7
Saturday,February,Samedi,Février,Sábado,Febrero,1,1,2010,20100220,20,7,51,3,2010,2010,Qtr 1,Tháng Hai,20,2,2,8
Saturday,February,Samedi,Février,Sábado,Febrero,1,1,2010,20100227,27,7,58,3,2010,2010,Qtr 1,Tháng Hai,27,2,2,9
Saturday,February,Samedi,Février,Sábado,Febrero,1,1,2011,20110205,5,7,36,3,2010,2011,Qtr 1,Tháng Hai,5,2,2,6
Saturday,February,Samedi,Février,Sábado,Febrero,1,1,2011,20110212,12,7,43,3,2010,2011,Qtr 1,Tháng Hai,12,2,2,7
Saturday,February,Samedi,Février,Sábado,Febrero,1,1,2011,20110219,19,7,50,3,2010,2011,Qtr 1,Tháng Hai,19,2,2,8
Saturday,February,Samedi,Février,Sábado,Febrero,1,1,2011,20110226,26,7,57,3,2010,2011,Qtr 1,Tháng Hai,26,2,2,9
Saturday,February,Samedi,Février,Sábado,Febrero,1,1,2012,20120204,4,7,35,3,2011,2012,Qtr 1,Tháng Hai,4,2,2,5
Saturday,February,Samedi,Février,Sábado,Febrero,1,1,2012,20120211,11,7,42,3,2011,2012,Qtr 1,Tháng Hai,11,2,2,6
Saturday,February,Samedi,Février,Sábado,Febrero,1,1,2012,20120218,18,7,49,3,2011,2012,Qtr 1,Tháng Hai,18,2,2,7
Saturday,February,Samedi,Février,Sábado,Febrero,1,1,2012,20120225,25,7,56,3,2011,2012,Qtr 1,Tháng Hai,25,2,2,8
Saturday,February,Samedi,Février,Sábado,Febrero,1,1,2013,20130202,2,7,33,3,2012,2013,Qtr 1,Tháng Hai,2,2,2,5
Saturday,February,Samedi,Février,Sábado,Febrero,1,1,2013,20130209,9,7,40,3,2012,2013,Qtr 1,Tháng Hai,9,2,2,6
Saturday,February,Samedi,Février,Sábado,Febrero,1,1,2013,20130216,16,7,47,3,2012,2013,Qtr 1,Tháng Hai,16,2,2,7
Saturday,February,Samedi,Février,Sábado,Febrero,1,1,2013,20130223,23,7,54,3,2012,2013,Qtr 1,Tháng Hai,23,2,2,8
Saturday,February,Samedi,Février,Sábado,Febrero,1,1,2014,20140201,1,7,32,3,2013,2014,Qtr 1,Tháng Hai,1,2,2,5
Saturday,February,Samedi,Février,Sábado,Febrero,1,1,2014,20140208,8,7,39,3,2013,2014,Qtr 1,Tháng Hai,8,2,2,6
Saturday,February,Samedi,Février,Sábado,Febrero,1,1,2014,20140215,15,7,46,3,2013,2014,Qtr 1,Tháng Hai,15,2,2,7
Saturday,February,Samedi,Février,Sábado,Febrero,1,1,2014,20140222,22,7,53,3,2013,2014,Qtr 1,Tháng Hai,22,2,2,8
Saturday,January,Samedi,Janvier,Sábado,Enero,1,1,2005,20050101,1,7,1,3,2005,2005,Qtr 1,Tháng Giêng,1,1,2,1
Saturday,January,Samedi,Janvier,Sábado,Enero,1,1,2005,20050108,8,7,8,3,2005,2005,Qtr 1,Tháng Giêng,8,1,2,2
Saturday,January,Samedi,Janvier,Sábado,Enero,1,1,2005,20050115,15,7,15,3,2005,2005,Qtr 1,Tháng Giêng,15,1,2,3
Saturday,January,Samedi,Janvier,Sábado,Enero,1,1,2005,20050122,22,7,22,3,2005,2005,Qtr 1,Tháng Giêng,22,1,2,4
Saturday,January,Samedi,Janvier,Sábado,Enero,1,1,2005,20050129,29,7,29,3,2005,2005,Qtr 1,Tháng Giêng,29,1,2,5
Saturday,January,Samedi,Janvier,Sábado,Enero,1,1,2006,20060107,7,7,7,3,2006,2006,Qtr 1,Tháng Giêng,7,1,2,1
Saturday,January,Samedi,Janvier,Sábado,Enero,1,1,2006,20060114,14,7,14,3,2006,2006,Qtr 1,Tháng Giêng,14,1,2,2
Saturday,January,Samedi,Janvier,Sábado,Enero,1,1,2006,20060121,21,7,21,3,2006,2006,Qtr 1,Tháng Giêng,21,1,2,3
Saturday,January,Samedi,Janvier,Sábado,Enero,1,1,2006,20060128,28,7,28,3,2006,2006,Qtr 1,Tháng Giêng,28,1,2,4
Saturday,January,Samedi,Janvier,Sábado,Enero,1,1,2007,20070106,6,7,6,3,2007,2007,Qtr 1,Tháng Giêng,6,1,2,1
Saturday,January,Samedi,Janvier,Sábado,Enero,1,1,2007,20070113,13,7,13,3,2007,2007,Qtr 1,Tháng Giêng,13,1,2,2
Saturday,January,Samedi,Janvier,Sábado,Enero,1,1,2007,20070120,20,7,20,3,2007,2007,Qtr 1,Tháng Giêng,20,1,2,3
Saturday,January,Samedi,Janvier,Sábado,Enero,1,1,2007,20070127,27,7,27,3,2007,2007,Qtr 1,Tháng Giêng,27,1,2,4
Saturday,January,Samedi,Janvier,Sábado,Enero,1,1,2008,20080105,5,7,5,3,2008,2008,Qtr 1,Tháng Giêng,5,1,2,1
Saturday,January,Samedi,Janvier,Sábado,Enero,1,1,2008,20080112,12,7,12,3,2008,2008,Qtr 1,Tháng Giêng,12,1,2,2
Saturday,January,Samedi,Janvier,Sábado,Enero,1,1,2008,20080119,19,7,19,3,2008,2008,Qtr 1,Tháng Giêng,19,1,2,3
Saturday,January,Samedi,Janvier,Sábado,Enero,1,1,2008,20080126,26,7,26,3,2008,2008,Qtr 1,Tháng Giêng,26,1,2,4
Saturday,January,Samedi,Janvier,Sábado,Enero,1,1,2009,20090103,3,7,3,3,2009,2009,Qtr 1,Tháng Giêng,3,1,2,1
Saturday,January,Samedi,Janvier,Sábado,Enero,1,1,2009,20090110,10,7,10,3,2009,2009,Qtr 1,Tháng Giêng,10,1,2,2
Saturday,January,Samedi,Janvier,Sábado,Enero,1,1,2009,20090117,17,7,17,3,2009,2009,Qtr 1,Tháng Giêng,17,1,2,3
Saturday,January,Samedi,Janvier,Sábado,Enero,1,1,2009,20090124,24,7,24,3,2009,2009,Qtr 1,Tháng Giêng,24,1,2,4
Saturday,January,Samedi,Janvier,Sábado,Enero,1,1,2009,20090131,31,7,31,3,2009,2009,Qtr 1,Tháng Giêng,31,1,2,5
Saturday,January,Samedi,Janvier,Sábado,Enero,1,1,2010,20100102,2,7,2,3,2010,2010,Qtr 1,Tháng Giêng,2,1,2,1
Saturday,January,Samedi,Janvier,Sábado,Enero,1,1,2010,20100109,9,7,9,3,2010,2010,Qtr 1,Tháng Giêng,9,1,2,2
Saturday,January,Samedi,Janvier,Sábado,Enero,1,1,2010,20100116,16,7,16,3,2010,2010,Qtr 1,Tháng Giêng,16,1,2,3
Saturday,January,Samedi,Janvier,Sábado,Enero,1,1,2010,20100123,23,7,23,3,2010,2010,Qtr 1,Tháng Giêng,23,1,2,4
Saturday,January,Samedi,Janvier,Sábado,Enero,1,1,2010,20100130,30,7,30,3,2010,2010,Qtr 1,Tháng Giêng,30,1,2,5
Saturday,January,Samedi,Janvier,Sábado,Enero,1,1,2011,20110101,1,7,1,3,2010,2011,Qtr 1,Tháng Giêng,1,1,2,1
Saturday,January,Samedi,Janvier,Sábado,Enero,1,1,2011,20110108,8,7,8,3,2010,2011,Qtr 1,Tháng Giêng,8,1,2,2
Saturday,January,Samedi,Janvier,Sábado,Enero,1,1,2011,20110115,15,7,15,3,2010,2011,Qtr 1,Tháng Giêng,15,1,2,3
Saturday,January,Samedi,Janvier,Sábado,Enero,1,1,2011,20110122,22,7,22,3,2010,2011,Qtr 1,Tháng Giêng,22,1,2,4
Saturday,January,Samedi,Janvier,Sábado,Enero,1,1,2011,20110129,29,7,29,3,2010,2011,Qtr 1,Tháng Giêng,29,1,2,5
Saturday,January,Samedi,Janvier,Sábado,Enero,1,1,2012,20120107,7,7,7,3,2011,2012,Qtr 1,Tháng Giêng,7,1,2,1
Saturday,January,Samedi,Janvier,Sábado,Enero,1,1,2012,20120114,14,7,14,3,2011,2012,Qtr 1,Tháng Giêng,14,1,2,2
Saturday,January,Samedi,Janvier,Sábado,Enero,1,1,2012,20120121,21,7,21,3,2011,2012,Qtr 1,Tháng Giêng,21,1,2,3
Saturday,January,Samedi,Janvier,Sábado,Enero,1,1,2012,20120128,28,7,28,3,2011,2012,Qtr 1,Tháng Giêng,28,1,2,4
Saturday,January,Samedi,Janvier,Sábado,Enero,1,1,2013,20130105,5,7,5,3,2012,2013,Qtr 1,Tháng Giêng,5,1,2,1
Saturday,January,Samedi,Janvier,Sábado,Enero,1,1,2013,20130112,12,7,12,3,2012,2013,Qtr 1,Tháng Giêng,12,1,2,2
Saturday,January,Samedi,Janvier,Sábado,Enero,1,1,2013,20130119,19,7,19,3,2012,2013,Qtr 1,Tháng Giêng,19,1,2,3
Saturday,January,Samedi,Janvier,Sábado,Enero,1,1,2013,20130126,26,7,26,3,2012,2013,Qtr 1,Tháng Giêng,26,1,2,4
Saturday,January,Samedi,Janvier,Sábado,Enero,1,1,2014,20140104,4,7,4,3,2013,2014,Qtr 1,Tháng Giêng,4,1,2,1
Saturday,January,Samedi,Janvier,Sábado,Enero,1,1,2014,20140111,11,7,11,3,2013,2014,Qtr 1,Tháng Giêng,11,1,2,2
Saturday,January,Samedi,Janvier,Sábado,Enero,1,1,2014,20140118,18,7,18,3,2013,2014,Qtr 1,Tháng Giêng,18,1,2,3
Saturday,January,Samedi,Janvier,Sábado,Enero,1,1,2014,20140125,25,7,25,3,2013,2014,Qtr 1,Tháng Giêng,25,1,2,4
Saturday,July,Samedi,Juillet,Sábado,Julio,3,2,2005,20050702,2,7,183,1,2006,2005,Qtr 3,Tháng Bảy,2,7,1,27
Saturday,July,Samedi,Juillet,Sábado,Julio,3,2,2005,20050709,9,7,190,1,2006,2005,Qtr 3,Tháng Bảy,9,7,1,28
Saturday,July,Samedi,Juillet,Sábado,Julio,3,2,2005,20050716,16,7,197,1,2006,2005,Qtr 3,Tháng Bảy,16,7,1,29
Saturday,July,Samedi,Juillet,Sábado,Julio,3,2,2005,20050723,23,7,204,1,2006,2005,Qtr 3,Tháng Bảy,23,7,1,30
Saturday,July,Samedi,Juillet,Sábado,Julio,3,2,2005,20050730,30,7,211,1,2006,2005,Qtr 3,Tháng Bảy,30,7,1,31
Saturday,July,Samedi,Juillet,Sábado,Julio,3,2,2006,20060701,1,7,182,1,2007,2006,Qtr 3,Tháng Bảy,1,7,1,26
Saturday,July,Samedi,Juillet,Sábado,Julio,3,2,2006,20060708,8,7,189,1,2007,2006,Qtr 3,Tháng Bảy,8,7,1,27
Saturday,July,Samedi,Juillet,Sábado,Julio,3,2,2006,20060715,15,7,196,1,2007,2006,Qtr 3,Tháng Bảy,15,7,1,28
Saturday,July,Samedi,Juillet,Sábado,Julio,3,2,2006,20060722,22,7,203,1,2007,2006,Qtr 3,Tháng Bảy,22,7,1,29
Saturday,July,Samedi,Juillet,Sábado,Julio,3,2,2006,20060729,29,7,210,1,2007,2006,Qtr 3,Tháng Bảy,29,7,1,30
Saturday,July,Samedi,Juillet,Sábado,Julio,3,2,2007,20070707,7,7,188,1,2008,2007,Qtr 3,Tháng Bảy,7,7,1,27
Saturday,July,Samedi,Juillet,Sábado,Julio,3,2,2007,20070714,14,7,195,1,2008,2007,Qtr 3,Tháng Bảy,14,7,1,28
Saturday,July,Samedi,Juillet,Sábado,Julio,3,2,2007,20070721,21,7,202,1,2008,2007,Qtr 3,Tháng Bảy,21,7,1,29
Saturday,July,Samedi,Juillet,Sábado,Julio,3,2,2007,20070728,28,7,209,1,2008,2007,Qtr 3,Tháng Bảy,28,7,1,30
Saturday,July,Samedi,Juillet,Sábado,Julio,3,2,2008,20080705,5,7,187,1,2009,2008,Qtr 3,Tháng Bảy,5,7,1,27
Saturday,July,Samedi,Juillet,Sábado,Julio,3,2,2008,20080712,12,7,194,1,2009,2008,Qtr 3,Tháng Bảy,12,7,1,28
Saturday,July,Samedi,Juillet,Sábado,Julio,3,2,2008,20080719,19,7,201,1,2009,2008,Qtr 3,Tháng Bảy,19,7,1,29
Saturday,July,Samedi,Juillet,Sábado,Julio,3,2,2008,20080726,26,7,208,1,2009,2008,Qtr 3,Tháng Bảy,26,7,1,30
Saturday,July,Samedi,Juillet,Sábado,Julio,3,2,2009,20090704,4,7,185,1,2010,2009,Qtr 3,Tháng Bảy,4,7,1,27
Saturday,July,Samedi,Juillet,Sábado,Julio,3,2,2009,20090711,11,7,192,1,2010,2009,Qtr 3,Tháng Bảy,11,7,1,28
Saturday,July,Samedi,Juillet,Sábado,Julio,3,2,2009,20090718,18,7,199,1,2010,2009,Qtr 3,Tháng Bảy,18,7,1,29
Saturday,July,Samedi,Juillet,Sábado,Julio,3,2,2009,20090725,25,7,206,1,2010,2009,Qtr 3,Tháng Bảy,25,7,1,30
Saturday,July,Samedi,Juillet,Sábado,Julio,3,2,2010,20100703,3,7,184,1,2011,2010,Qtr 3,Tháng Bảy,3,7,1,27
Saturday,July,Samedi,Juillet,Sábado,Julio,3,2,2010,20100710,10,7,191,1,2011,2010,Qtr 3,Tháng Bảy,10,7,1,28
Saturday,July,Samedi,Juillet,Sábado,Julio,3,2,2010,20100717,17,7,198,1,2011,2010,Qtr 3,Tháng Bảy,17,7,1,29
Saturday,July,Samedi,Juillet,Sábado,Julio,3,2,2010,20100724,24,7,205,1,2011,2010,Qtr 3,Tháng Bảy,24,7,1,30
Saturday,July,Samedi,Juillet,Sábado,Julio,3,2,2010,20100731,31,7,212,1,2011,2010,Qtr 3,Tháng Bảy,31,7,1,31
Saturday,July,Samedi,Juillet,Sábado,Julio,3,2,2011,20110702,2,7,183,1,2011,2011,Qtr 3,Tháng Bảy,2,7,1,27
Saturday,July,Samedi,Juillet,Sábado,Julio,3,2,2011,20110709,9,7,190,1,2011,2011,Qtr 3,Tháng Bảy,9,7,1,28
Saturday,July,Samedi,Juillet,Sábado,Julio,3,2,2011,20110716,16,7,197,1,2011,2011,Qtr 3,Tháng Bảy,16,7,1,29
Saturday,July,Samedi,Juillet,Sábado,Julio,3,2,2011,20110723,23,7,204,1,2011,2011,Qtr 3,Tháng Bảy,23,7,1,30
Saturday,July,Samedi,Juillet,Sábado,Julio,3,2,2011,20110730,30,7,211,1,2011,2011,Qtr 3,Tháng Bảy,30,7,1,31
Saturday,July,Samedi,Juillet,Sábado,Julio,3,2,2012,20120707,7,7,189,1,2012,2012,Qtr 3,Tháng Bảy,7,7,1,27
Saturday,July,Samedi,Juillet,Sábado,Julio,3,2,2012,20120714,14,7,196,1,2012,2012,Qtr 3,Tháng Bảy,14,7,1,28
Saturday,July,Samedi,Juillet,Sábado,Julio,3,2,2012,20120721,21,7,203,1,2012,2012,Qtr 3,Tháng Bảy,21,7,1,29
Saturday,July,Samedi,Juillet,Sábado,Julio,3,2,2012,20120728,28,7,210,1,2012,2012,Qtr 3,Tháng Bảy,28,7,1,30
Saturday,July,Samedi,Juillet,Sábado,Julio,3,2,2013,20130706,6,7,187,1,2013,2013,Qtr 3,Tháng Bảy,6,7,1,27
Saturday,July,Samedi,Juillet,Sábado,Julio,3,2,2013,20130713,13,7,194,1,2013,2013,Qtr 3,Tháng Bảy,13,7,1,28
Saturday,July,Samedi,Juillet,Sábado,Julio,3,2,2013,20130720,20,7,201,1,2013,2013,Qtr 3,Tháng Bảy,20,7,1,29
Saturday,July,Samedi,Juillet,Sábado,Julio,3,2,2013,20130727,27,7,208,1,2013,2013,Qtr 3,Tháng Bảy,27,7,1,30
Saturday,July,Samedi,Juillet,Sábado,Julio,3,2,2014,20140705,5,7,186,1,2014,2014,Qtr 3,Tháng Bảy,5,7,1,27
Saturday,July,Samedi,Juillet,Sábado,Julio,3,2,2014,20140712,12,7,193,1,2014,2014,Qtr 3,Tháng Bảy,12,7,1,28
Saturday,July,Samedi,Juillet,Sábado,Julio,3,2,2014,20140719,19,7,200,1,2014,2014,Qtr 3,Tháng Bảy,19,7,1,29
Saturday,July,Samedi,Juillet,Sábado,Julio,3,2,2014,20140726,26,7,207,1,2014,2014,Qtr 3,Tháng Bảy,26,7,1,30
Saturday,June,Samedi,Juin,Sábado,Junio,2,1,2005,20050604,4,7,155,4,2005,2005,Qtr 2,Tháng Sáu,4,6,2,23
Saturday,June,Samedi,Juin,Sábado,Junio,2,1,2005,20050611,11,7,162,4,2005,2005,Qtr 2,Tháng Sáu,11,6,2,24
Saturday,June,Samedi,Juin,Sábado,Junio,2,1,2005,20050618,18,7,169,4,2005,2005,Qtr 2,Tháng Sáu,18,6,2,25
Saturday,June,Samedi,Juin,Sábado,Junio,2,1,2005,20050625,25,7,176,4,2005,2005,Qtr 2,Tháng Sáu,25,6,2,26
Saturday,June,Samedi,Juin,Sábado,Junio,2,1,2006,20060603,3,7,154,4,2006,2006,Qtr 2,Tháng Sáu,3,6,2,22
Saturday,June,Samedi,Juin,Sábado,Junio,2,1,2006,20060610,10,7,161,4,2006,2006,Qtr 2,Tháng Sáu,10,6,2,23
Saturday,June,Samedi,Juin,Sábado,Junio,2,1,2006,20060617,17,7,168,4,2006,2006,Qtr 2,Tháng Sáu,17,6,2,24
Saturday,June,Samedi,Juin,Sábado,Junio,2,1,2006,20060624,24,7,175,4,2006,2006,Qtr 2,Tháng Sáu,24,6,2,25
Saturday,June,Samedi,Juin,Sábado,Junio,2,1,2007,20070602,2,7,153,4,2007,2007,Qtr 2,Tháng Sáu,2,6,2,22
Saturday,June,Samedi,Juin,Sábado,Junio,2,1,2007,20070609,9,7,160,4,2007,2007,Qtr 2,Tháng Sáu,9,6,2,23
Saturday,June,Samedi,Juin,Sábado,Junio,2,1,2007,20070616,16,7,167,4,2007,2007,Qtr 2,Tháng Sáu,16,6,2,24
Saturday,June,Samedi,Juin,Sábado,Junio,2,1,2007,20070623,23,7,174,4,2007,2007,Qtr 2,Tháng Sáu,23,6,2,25
Saturday,June,Samedi,Juin,Sábado,Junio,2,1,2007,20070630,30,7,181,4,2007,2007,Qtr 2,Tháng Sáu,30,6,2,26
Saturday,June,Samedi,Juin,Sábado,Junio,2,1,2008,20080607,7,7,159,4,2008,2008,Qtr 2,Tháng Sáu,7,6,2,23
Saturday,June,Samedi,Juin,Sábado,Junio,2,1,2008,20080614,14,7,166,4,2008,2008,Qtr 2,Tháng Sáu,14,6,2,24
Saturday,June,Samedi,Juin,Sábado,Junio,2,1,2008,20080621,21,7,173,4,2008,2008,Qtr 2,Tháng Sáu,21,6,2,25
Saturday,June,Samedi,Juin,Sábado,Junio,2,1,2008,20080628,28,7,180,4,2008,2008,Qtr 2,Tháng Sáu,28,6,2,26
Saturday,June,Samedi,Juin,Sábado,Junio,2,1,2009,20090606,6,7,157,4,2009,2009,Qtr 2,Tháng Sáu,6,6,2,23
Saturday,June,Samedi,Juin,Sábado,Junio,2,1,2009,20090613,13,7,164,4,2009,2009,Qtr 2,Tháng Sáu,13,6,2,24
Saturday,June,Samedi,Juin,Sábado,Junio,2,1,2009,20090620,20,7,171,4,2009,2009,Qtr 2,Tháng Sáu,20,6,2,25
Saturday,June,Samedi,Juin,Sábado,Junio,2,1,2009,20090627,27,7,178,4,2009,2009,Qtr 2,Tháng Sáu,27,6,2,26
Saturday,June,Samedi,Juin,Sábado,Junio,2,1,2010,20100605,5,7,156,4,2010,2010,Qtr 2,Tháng Sáu,5,6,2,23
Saturday,June,Samedi,Juin,Sábado,Junio,2,1,2010,20100612,12,7,163,4,2010,2010,Qtr 2,Tháng Sáu,12,6,2,24
Saturday,June,Samedi,Juin,Sábado,Junio,2,1,2010,20100619,19,7,170,4,2010,2010,Qtr 2,Tháng Sáu,19,6,2,25
Saturday,June,Samedi,Juin,Sábado,Junio,2,1,2010,20100626,26,7,177,4,2010,2010,Qtr 2,Tháng Sáu,26,6,2,26
Saturday,June,Samedi,Juin,Sábado,Junio,2,1,2011,20110604,4,7,155,4,2010,2011,Qtr 2,Tháng Sáu,4,6,2,23
Saturday,June,Samedi,Juin,Sábado,Junio,2,1,2011,20110611,11,7,162,4,2010,2011,Qtr 2,Tháng Sáu,11,6,2,24
Saturday,June,Samedi,Juin,Sábado,Junio,2,1,2011,20110618,18,7,169,4,2010,2011,Qtr 2,Tháng Sáu,18,6,2,25
Saturday,June,Samedi,Juin,Sábado,Junio,2,1,2011,20110625,25,7,176,4,2010,2011,Qtr 2,Tháng Sáu,25,6,2,26
Saturday,June,Samedi,Juin,Sábado,Junio,2,1,2012,20120602,2,7,154,4,2011,2012,Qtr 2,Tháng Sáu,2,6,2,22
Saturday,June,Samedi,Juin,Sábado,Junio,2,1,2012,20120609,9,7,161,4,2011,2012,Qtr 2,Tháng Sáu,9,6,2,23
Saturday,June,Samedi,Juin,Sábado,Junio,2,1,2012,20120616,16,7,168,4,2011,2012,Qtr 2,Tháng Sáu,16,6,2,24
Saturday,June,Samedi,Juin,Sábado,Junio,2,1,2012,20120623,23,7,175,4,2011,2012,Qtr 2,Tháng Sáu,23,6,2,25
Saturday,June,Samedi,Juin,Sábado,Junio,2,1,2012,20120630,30,7,182,4,2011,2012,Qtr 2,Tháng Sáu,30,6,2,26
Saturday,June,Samedi,Juin,Sábado,Junio,2,1,2013,20130601,1,7,152,4,2012,2013,Qtr 2,Tháng Sáu,1,6,2,22
Saturday,June,Samedi,Juin,Sábado,Junio,2,1,2013,20130608,8,7,159,4,2012,2013,Qtr 2,Tháng Sáu,8,6,2,23
Saturday,June,Samedi,Juin,Sábado,Junio,2,1,2013,20130615,15,7,166,4,2012,2013,Qtr 2,Tháng Sáu,15,6,2,24
Saturday,June,Samedi,Juin,Sábado,Junio,2,1,2013,20130622,22,7,173,4,2012,2013,Qtr 2,Tháng Sáu,22,6,2,25
Saturday,June,Samedi,Juin,Sábado,Junio,2,1,2013,20130629,29,7,180,4,2012,2013,Qtr 2,Tháng Sáu,29,6,2,26
Saturday,June,Samedi,Juin,Sábado,Junio,2,1,2014,20140607,7,7,158,4,2013,2014,Qtr 2,Tháng Sáu,7,6,2,23
Saturday,June,Samedi,Juin,Sábado,Junio,2,1,2014,20140614,14,7,165,4,2013,2014,Qtr 2,Tháng Sáu,14,6,2,24
Saturday,June,Samedi,Juin,Sábado,Junio,2,1,2014,20140621,21,7,172,4,2013,2014,Qtr 2,Tháng Sáu,21,6,2,25
Saturday,June,Samedi,Juin,Sábado,Junio,2,1,2014,20140628,28,7,179,4,2013,2014,Qtr 2,Tháng Sáu,28,6,2,26
Saturday,March,Samedi,Mars,Sábado,Marzo,1,1,2005,20050305,5,7,64,3,2005,2005,Qtr 1,Tháng Ba,5,3,2,10
Saturday,March,Samedi,Mars,Sábado,Marzo,1,1,2005,20050312,12,7,71,3,2005,2005,Qtr 1,Tháng Ba,12,3,2,11
Saturday,March,Samedi,Mars,Sábado,Marzo,1,1,2005,20050319,19,7,78,3,2005,2005,Qtr 1,Tháng Ba,19,3,2,12
Saturday,March,Samedi,Mars,Sábado,Marzo,1,1,2005,20050326,26,7,85,3,2005,2005,Qtr 1,Tháng Ba,26,3,2,13
Saturday,March,Samedi,Mars,Sábado,Marzo,1,1,2006,20060304,4,7,63,3,2006,2006,Qtr 1,Tháng Ba,4,3,2,9
Saturday,March,Samedi,Mars,Sábado,Marzo,1,1,2006,20060311,11,7,70,3,2006,2006,Qtr 1,Tháng Ba,11,3,2,10
Saturday,March,Samedi,Mars,Sábado,Marzo,1,1,2006,20060318,18,7,77,3,2006,2006,Qtr 1,Tháng Ba,18,3,2,11
Saturday,March,Samedi,Mars,Sábado,Marzo,1,1,2006,20060325,25,7,84,3,2006,2006,Qtr 1,Tháng Ba,25,3,2,12
Saturday,March,Samedi,Mars,Sábado,Marzo,1,1,2007,20070303,3,7,62,3,2007,2007,Qtr 1,Tháng Ba,3,3,2,9
Saturday,March,Samedi,Mars,Sábado,Marzo,1,1,2007,20070310,10,7,69,3,2007,2007,Qtr 1,Tháng Ba,10,3,2,10
Saturday,March,Samedi,Mars,Sábado,Marzo,1,1,2007,20070317,17,7,76,3,2007,2007,Qtr 1,Tháng Ba,17,3,2,11
Saturday,March,Samedi,Mars,Sábado,Marzo,1,1,2007,20070324,24,7,83,3,2007,2007,Qtr 1,Tháng Ba,24,3,2,12
Saturday,March,Samedi,Mars,Sábado,Marzo,1,1,2007,20070331,31,7,90,3,2007,2007,Qtr 1,Tháng Ba,31,3,2,13
Saturday,March,Samedi,Mars,Sábado,Marzo,1,1,2008,20080301,1,7,61,3,2008,2008,Qtr 1,Tháng Ba,1,3,2,9
Saturday,March,Samedi,Mars,Sábado,Marzo,1,1,2008,20080308,8,7,68,3,2008,2008,Qtr 1,Tháng Ba,8,3,2,10
Saturday,March,Samedi,Mars,Sábado,Marzo,1,1,2008,20080315,15,7,75,3,2008,2008,Qtr 1,Tháng Ba,15,3,2,11
Saturday,March,Samedi,Mars,Sábado,Marzo,1,1,2008,20080322,22,7,82,3,2008,2008,Qtr 1,Tháng Ba,22,3,2,12
Saturday,March,Samedi,Mars,Sábado,Marzo,1,1,2008,20080329,29,7,89,3,2008,2008,Qtr 1,Tháng Ba,29,3,2,13
Saturday,March,Samedi,Mars,Sábado,Marzo,1,1,2009,20090307,7,7,66,3,2009,2009,Qtr 1,Tháng Ba,7,3,2,10
Saturday,March,Samedi,Mars,Sábado,Marzo,1,1,2009,20090314,14,7,73,3,2009,2009,Qtr 1,Tháng Ba,14,3,2,11
Saturday,March,Samedi,Mars,Sábado,Marzo,1,1,2009,20090321,21,7,80,3,2009,2009,Qtr 1,Tháng Ba,21,3,2,12
Saturday,March,Samedi,Mars,Sábado,Marzo,1,1,2009,20090328,28,7,87,3,2009,2009,Qtr 1,Tháng Ba,28,3,2,13
Saturday,March,Samedi,Mars,Sábado,Marzo,1,1,2010,20100306,6,7,65,3,2010,2010,Qtr 1,Tháng Ba,6,3,2,10
Saturday,March,Samedi,Mars,Sábado,Marzo,1,1,2010,20100313,13,7,72,3,2010,2010,Qtr 1,Tháng Ba,13,3,2,11
Saturday,March,Samedi,Mars,Sábado,Marzo,1,1,2010,20100320,20,7,79,3,2010,2010,Qtr 1,Tháng Ba,20,3,2,12
Saturday,March,Samedi,Mars,Sábado,Marzo,1,1,2010,20100327,27,7,86,3,2010,2010,Qtr 1,Tháng Ba,27,3,2,13
Saturday,March,Samedi,Mars,Sábado,Marzo,1,1,2011,20110305,5,7,64,3,2010,2011,Qtr 1,Tháng Ba,5,3,2,10
Saturday,March,Samedi,Mars,Sábado,Marzo,1,1,2011,20110312,12,7,71,3,2010,2011,Qtr 1,Tháng Ba,12,3,2,11
Saturday,March,Samedi,Mars,Sábado,Marzo,1,1,2011,20110319,19,7,78,3,2010,2011,Qtr 1,Tháng Ba,19,3,2,12
Saturday,March,Samedi,Mars,Sábado,Marzo,1,1,2011,20110326,26,7,85,3,2010,2011,Qtr 1,Tháng Ba,26,3,2,13
Saturday,March,Samedi,Mars,Sábado,Marzo,1,1,2012,20120303,3,7,63,3,2011,2012,Qtr 1,Tháng Ba,3,3,2,9
Saturday,March,Samedi,Mars,Sábado,Marzo,1,1,2012,20120310,10,7,70,3,2011,2012,Qtr 1,Tháng Ba,10,3,2,10
Saturday,March,Samedi,Mars,Sábado,Marzo,1,1,2012,20120317,17,7,77,3,2011,2012,Qtr 1,Tháng Ba,17,3,2,11
Saturday,March,Samedi,Mars,Sábado,Marzo,1,1,2012,20120324,24,7,84,3,2011,2012,Qtr 1,Tháng Ba,24,3,2,12
Saturday,March,Samedi,Mars,Sábado,Marzo,1,1,2012,20120331,31,7,91,3,2011,2012,Qtr 1,Tháng Ba,31,3,2,13
Saturday,March,Samedi,Mars,Sábado,Marzo,1,1,2013,20130302,2,7,61,3,2012,2013,Qtr 1,Tháng Ba,2,3,2,9
Saturday,March,Samedi,Mars,Sábado,Marzo,1,1,2013,20130309,9,7,68,3,2012,2013,Qtr 1,Tháng Ba,9,3,2,10
Saturday,March,Samedi,Mars,Sábado,Marzo,1,1,2013,20130316,16,7,75,3,2012,2013,Qtr 1,Tháng Ba,16,3,2,11
Saturday,March,Samedi,Mars,Sábado,Marzo,1,1,2013,20130323,23,7,82,3,2012,2013,Qtr 1,Tháng Ba,23,3,2,12
Saturday,March,Samedi,Mars,Sábado,Marzo,1,1,2013,20130330,30,7,89,3,2012,2013,Qtr 1,Tháng Ba,30,3,2,13
Saturday,March,Samedi,Mars,Sábado,Marzo,1,1,2014,20140301,1,7,60,3,2013,2014,Qtr 1,Tháng Ba,1,3,2,9
Saturday,March,Samedi,Mars,Sábado,Marzo,1,1,2014,20140308,8,7,67,3,2013,2014,Qtr 1,Tháng Ba,8,3,2,10
Saturday,March,Samedi,Mars,Sábado,Marzo,1,1,2014,20140315,15,7,74,3,2013,2014,Qtr 1,Tháng Ba,15,3,2,11
Saturday,March,Samedi,Mars,Sábado,Marzo,1,1,2014,20140322,22,7,81,3,2013,2014,Qtr 1,Tháng Ba,22,3,2,12
Saturday,March,Samedi,Mars,Sábado,Marzo,1,1,2014,20140329,29,7,88,3,2013,2014,Qtr 1,Tháng Ba,29,3,2,13
Saturday,May,Samedi,Mai,Sábado,Mayo,2,1,2005,20050507,7,7,127,4,2005,2005,Qtr 2,Tháng Năm,7,5,2,19
Saturday,May,Samedi,Mai,Sábado,Mayo,2,1,2005,20050514,14,7,134,4,2005,2005,Qtr 2,Tháng Năm,14,5,2,20
Saturday,May,Samedi,Mai,Sábado,Mayo,2,1,2005,20050521,21,7,141,4,2005,2005,Qtr 2,Tháng Năm,21,5,2,21
Saturday,May,Samedi,Mai,Sábado,Mayo,2,1,2005,20050528,28,7,148,4,2005,2005,Qtr 2,Tháng Năm,28,5,2,22
Saturday,May,Samedi,Mai,Sábado,Mayo,2,1,2006,20060506,6,7,126,4,2006,2006,Qtr 2,Tháng Năm,6,5,2,18
Saturday,May,Samedi,Mai,Sábado,Mayo,2,1,2006,20060513,13,7,133,4,2006,2006,Qtr 2,Tháng Năm,13,5,2,19
Saturday,May,Samedi,Mai,Sábado,Mayo,2,1,2006,20060520,20,7,140,4,2006,2006,Qtr 2,Tháng Năm,20,5,2,20
Saturday,May,Samedi,Mai,Sábado,Mayo,2,1,2006,20060527,27,7,147,4,2006,2006,Qtr 2,Tháng Năm,27,5,2,21
Saturday,May,Samedi,Mai,Sábado,Mayo,2,1,2007,20070505,5,7,125,4,2007,2007,Qtr 2,Tháng Năm,5,5,2,18
Saturday,May,Samedi,Mai,Sábado,Mayo,2,1,2007,20070512,12,7,132,4,2007,2007,Qtr 2,Tháng Năm,12,5,2,19
Saturday,May,Samedi,Mai,Sábado,Mayo,2,1,2007,20070519,19,7,139,4,2007,2007,Qtr 2,Tháng Năm,19,5,2,20
Saturday,May,Samedi,Mai,Sábado,Mayo,2,1,2007,20070526,26,7,146,4,2007,2007,Qtr 2,Tháng Năm,26,5,2,21
Saturday,May,Samedi,Mai,Sábado,Mayo,2,1,2008,20080503,3,7,124,4,2008,2008,Qtr 2,Tháng Năm,3,5,2,18
Saturday,May,Samedi,Mai,Sábado,Mayo,2,1,2008,20080510,10,7,131,4,2008,2008,Qtr 2,Tháng Năm,10,5,2,19
Saturday,May,Samedi,Mai,Sábado,Mayo,2,1,2008,20080517,17,7,138,4,2008,2008,Qtr 2,Tháng Năm,17,5,2,20
Saturday,May,Samedi,Mai,Sábado,Mayo,2,1,2008,20080524,24,7,145,4,2008,2008,Qtr 2,Tháng Năm,24,5,2,21
Saturday,May,Samedi,Mai,Sábado,Mayo,2,1,2008,20080531,31,7,152,4,2008,2008,Qtr 2,Tháng Năm,31,5,2,22
Saturday,May,Samedi,Mai,Sábado,Mayo,2,1,2009,20090502,2,7,122,4,2009,2009,Qtr 2,Tháng Năm,2,5,2,18
Saturday,May,Samedi,Mai,Sábado,Mayo,2,1,2009,20090509,9,7,129,4,2009,2009,Qtr 2,Tháng Năm,9,5,2,19
Saturday,May,Samedi,Mai,Sábado,Mayo,2,1,2009,20090516,16,7,136,4,2009,2009,Qtr 2,Tháng Năm,16,5,2,20
Saturday,May,Samedi,Mai,Sábado,Mayo,2,1,2009,20090523,23,7,143,4,2009,2009,Qtr 2,Tháng Năm,23,5,2,21
Saturday,May,Samedi,Mai,Sábado,Mayo,2,1,2009,20090530,30,7,150,4,2009,2009,Qtr 2,Tháng Năm,30,5,2,22
Saturday,May,Samedi,Mai,Sábado,Mayo,2,1,2010,20100501,1,7,121,4,2010,2010,Qtr 2,Tháng Năm,1,5,2,18
Saturday,May,Samedi,Mai,Sábado,Mayo,2,1,2010,20100508,8,7,128,4,2010,2010,Qtr 2,Tháng Năm,8,5,2,19
Saturday,May,Samedi,Mai,Sábado,Mayo,2,1,2010,20100515,15,7,135,4,2010,2010,Qtr 2,Tháng Năm,15,5,2,20
Saturday,May,Samedi,Mai,Sábado,Mayo,2,1,2010,20100522,22,7,142,4,2010,2010,Qtr 2,Tháng Năm,22,5,2,21
Saturday,May,Samedi,Mai,Sábado,Mayo,2,1,2010,20100529,29,7,149,4,2010,2010,Qtr 2,Tháng Năm,29,5,2,22
Saturday,May,Samedi,Mai,Sábado,Mayo,2,1,2011,20110507,7,7,127,4,2010,2011,Qtr 2,Tháng Năm,7,5,2,19
Saturday,May,Samedi,Mai,Sábado,Mayo,2,1,2011,20110514,14,7,134,4,2010,2011,Qtr 2,Tháng Năm,14,5,2,20
Saturday,May,Samedi,Mai,Sábado,Mayo,2,1,2011,20110521,21,7,141,4,2010,2011,Qtr 2,Tháng Năm,21,5,2,21
Saturday,May,Samedi,Mai,Sábado,Mayo,2,1,2011,20110528,28,7,148,4,2010,2011,Qtr 2,Tháng Năm,28,5,2,22
Saturday,May,Samedi,Mai,Sábado,Mayo,2,1,2012,20120505,5,7,126,4,2011,2012,Qtr 2,Tháng Năm,5,5,2,18
Saturday,May,Samedi,Mai,Sábado,Mayo,2,1,2012,20120512,12,7,133,4,2011,2012,Qtr 2,Tháng Năm,12,5,2,19
Saturday,May,Samedi,Mai,Sábado,Mayo,2,1,2012,20120519,19,7,140,4,2011,2012,Qtr 2,Tháng Năm,19,5,2,20
Saturday,May,Samedi,Mai,Sábado,Mayo,2,1,2012,20120526,26,7,147,4,2011,2012,Qtr 2,Tháng Năm,26,5,2,21
Saturday,May,Samedi,Mai,Sábado,Mayo,2,1,2013,20130504,4,7,124,4,2012,2013,Qtr 2,Tháng Năm,4,5,2,18
Saturday,May,Samedi,Mai,Sábado,Mayo,2,1,2013,20130511,11,7,131,4,2012,2013,Qtr 2,Tháng Năm,11,5,2,19
Saturday,May,Samedi,Mai,Sábado,Mayo,2,1,2013,20130518,18,7,138,4,2012,2013,Qtr 2,Tháng Năm,18,5,2,20
Saturday,May,Samedi,Mai,Sábado,Mayo,2,1,2013,20130525,25,7,145,4,2012,2013,Qtr 2,Tháng Năm,25,5,2,21
Saturday,May,Samedi,Mai,Sábado,Mayo,2,1,2014,20140503,3,7,123,4,2013,2014,Qtr 2,Tháng Năm,3,5,2,18
Saturday,May,Samedi,Mai,Sábado,Mayo,2,1,2014,20140510,10,7,130,4,2013,2014,Qtr 2,Tháng Năm,10,5,2,19
Saturday,May,Samedi,Mai,Sábado,Mayo,2,1,2014,20140517,17,7,137,4,2013,2014,Qtr 2,Tháng Năm,17,5,2,20
Saturday,May,Samedi,Mai,Sábado,Mayo,2,1,2014,20140524,24,7,144,4,2013,2014,Qtr 2,Tháng Năm,24,5,2,21
Saturday,May,Samedi,Mai,Sábado,Mayo,2,1,2014,20140531,31,7,151,4,2013,2014,Qtr 2,Tháng Năm,31,5,2,22
Saturday,November,Samedi,Novembre,Sábado,Noviembre,4,2,2005,20051105,5,7,309,2,2006,2005,Qtr 4,Tháng Mười Một,5,11,1,45
Saturday,November,Samedi,Novembre,Sábado,Noviembre,4,2,2005,20051112,12,7,316,2,2006,2005,Qtr 4,Tháng Mười Một,12,11,1,46
Saturday,November,Samedi,Novembre,Sábado,Noviembre,4,2,2005,20051119,19,7,323,2,2006,2005,Qtr 4,Tháng Mười Một,19,11,1,47
Saturday,November,Samedi,Novembre,Sábado,Noviembre,4,2,2005,20051126,26,7,330,2,2006,2005,Qtr 4,Tháng Mười Một,26,11,1,48
Saturday,November,Samedi,Novembre,Sábado,Noviembre,4,2,2006,20061104,4,7,308,2,2007,2006,Qtr 4,Tháng Mười Một,4,11,1,44
Saturday,November,Samedi,Novembre,Sábado,Noviembre,4,2,2006,20061111,11,7,315,2,2007,2006,Qtr 4,Tháng Mười Một,11,11,1,45
Saturday,November,Samedi,Novembre,Sábado,Noviembre,4,2,2006,20061118,18,7,322,2,2007,2006,Qtr 4,Tháng Mười Một,18,11,1,46
Saturday,November,Samedi,Novembre,Sábado,Noviembre,4,2,2006,20061125,25,7,329,2,2007,2006,Qtr 4,Tháng Mười Một,25,11,1,47
Saturday,November,Samedi,Novembre,Sábado,Noviembre,4,2,2007,20071103,3,7,307,2,2008,2007,Qtr 4,Tháng Mười Một,3,11,1,44
Saturday,November,Samedi,Novembre,Sábado,Noviembre,4,2,2007,20071110,10,7,314,2,2008,2007,Qtr 4,Tháng Mười Một,10,11,1,45
Saturday,November,Samedi,Novembre,Sábado,Noviembre,4,2,2007,20071117,17,7,321,2,2008,2007,Qtr 4,Tháng Mười Một,17,11,1,46
Saturday,November,Samedi,Novembre,Sábado,Noviembre,4,2,2007,20071124,24,7,328,2,2008,2007,Qtr 4,Tháng Mười Một,24,11,1,47
Saturday,November,Samedi,Novembre,Sábado,Noviembre,4,2,2008,20081101,1,7,306,2,2009,2008,Qtr 4,Tháng Mười Một,1,11,1,44
Saturday,November,Samedi,Novembre,Sábado,Noviembre,4,2,2008,20081108,8,7,313,2,2009,2008,Qtr 4,Tháng Mười Một,8,11,1,45
Saturday,November,Samedi,Novembre,Sábado,Noviembre,4,2,2008,20081115,15,7,320,2,2009,2008,Qtr 4,Tháng Mười Một,15,11,1,46
Saturday,November,Samedi,Novembre,Sábado,Noviembre,4,2,2008,20081122,22,7,327,2,2009,2008,Qtr 4,Tháng Mười Một,22,11,1,47
Saturday,November,Samedi,Novembre,Sábado,Noviembre,4,2,2008,20081129,29,7,334,2,2009,2008,Qtr 4,Tháng Mười Một,29,11,1,48
Saturday,November,Samedi,Novembre,Sábado,Noviembre,4,2,2009,20091107,7,7,311,2,2010,2009,Qtr 4,Tháng Mười Một,7,11,1,45
Saturday,November,Samedi,Novembre,Sábado,Noviembre,4,2,2009,20091114,14,7,318,2,2010,2009,Qtr 4,Tháng Mười Một,14,11,1,46
Saturday,November,Samedi,Novembre,Sábado,Noviembre,4,2,2009,20091121,21,7,325,2,2010,2009,Qtr 4,Tháng Mười Một,21,11,1,47
Saturday,November,Samedi,Novembre,Sábado,Noviembre,4,2,2009,20091128,28,7,332,2,2010,2009,Qtr 4,Tháng Mười Một,28,11,1,48
Saturday,November,Samedi,Novembre,Sábado,Noviembre,4,2,2010,20101106,6,7,310,2,2011,2010,Qtr 4,Tháng Mười Một,6,11,1,45
Saturday,November,Samedi,Novembre,Sábado,Noviembre,4,2,2010,20101113,13,7,317,2,2011,2010,Qtr 4,Tháng Mười Một,13,11,1,46
Saturday,November,Samedi,Novembre,Sábado,Noviembre,4,2,2010,20101120,20,7,324,2,2011,2010,Qtr 4,Tháng Mười Một,20,11,1,47
Saturday,November,Samedi,Novembre,Sábado,Noviembre,4,2,2010,20101127,27,7,331,2,2011,2010,Qtr 4,Tháng Mười Một,27,11,1,48
Saturday,November,Samedi,Novembre,Sábado,Noviembre,4,2,2011,20111105,5,7,309,2,2011,2011,Qtr 4,Tháng Mười Một,5,11,1,45
Saturday,November,Samedi,Novembre,Sábado,Noviembre,4,2,2011,20111112,12,7,316,2,2011,2011,Qtr 4,Tháng Mười Một,12,11,1,46
Saturday,November,Samedi,Novembre,Sábado,Noviembre,4,2,2011,20111119,19,7,323,2,2011,2011,Qtr 4,Tháng Mười Một,19,11,1,47
Saturday,November,Samedi,Novembre,Sábado,Noviembre,4,2,2011,20111126,26,7,330,2,2011,2011,Qtr 4,Tháng Mười Một,26,11,1,48
Saturday,November,Samedi,Novembre,Sábado,Noviembre,4,2,2012,20121103,3,7,308,2,2012,2012,Qtr 4,Tháng Mười Một,3,11,1,44
Saturday,November,Samedi,Novembre,Sábado,Noviembre,4,2,2012,20121110,10,7,315,2,2012,2012,Qtr 4,Tháng Mười Một,10,11,1,45
Saturday,November,Samedi,Novembre,Sábado,Noviembre,4,2,2012,20121117,17,7,322,2,2012,2012,Qtr 4,Tháng Mười Một,17,11,1,46
Saturday,November,Samedi,Novembre,Sábado,Noviembre,4,2,2012,20121124,24,7,329,2,2012,2012,Qtr 4,Tháng Mười Một,24,11,1,47
Saturday,November,Samedi,Novembre,Sábado,Noviembre,4,2,2013,20131102,2,7,306,2,2013,2013,Qtr 4,Tháng Mười Một,2,11,1,44
Saturday,November,Samedi,Novembre,Sábado,Noviembre,4,2,2013,20131109,9,7,313,2,2013,2013,Qtr 4,Tháng Mười Một,9,11,1,45
Saturday,November,Samedi,Novembre,Sábado,Noviembre,4,2,2013,20131116,16,7,320,2,2013,2013,Qtr 4,Tháng Mười Một,16,11,1,46
Saturday,November,Samedi,Novembre,Sábado,Noviembre,4,2,2013,20131123,23,7,327,2,2013,2013,Qtr 4,Tháng Mười Một,23,11,1,47
Saturday,November,Samedi,Novembre,Sábado,Noviembre,4,2,2013,20131130,30,7,334,2,2013,2013,Qtr 4,Tháng Mười Một,30,11,1,48
Saturday,November,Samedi,Novembre,Sábado,Noviembre,4,2,2014,20141101,1,7,305,2,2014,2014,Qtr 4,Tháng Mười Một,1,11,1,44
Saturday,November,Samedi,Novembre,Sábado,Noviembre,4,2,2014,20141108,8,7,312,2,2014,2014,Qtr 4,Tháng Mười Một,8,11,1,45
Saturday,November,Samedi,Novembre,Sábado,Noviembre,4,2,2014,20141115,15,7,319,2,2014,2014,Qtr 4,Tháng Mười Một,15,11,1,46
Saturday,November,Samedi,Novembre,Sábado,Noviembre,4,2,2014,20141122,22,7,326,2,2014,2014,Qtr 4,Tháng Mười Một,22,11,1,47
Saturday,November,Samedi,Novembre,Sábado,Noviembre,4,2,2014,20141129,29,7,333,2,2014,2014,Qtr 4,Tháng Mười Một,29,11,1,48
Saturday,October,Samedi,Octobre,Sábado,Octubre,4,2,2005,20051001,1,7,274,2,2006,2005,Qtr 4,Tháng Mười,1,10,1,40
Saturday,October,Samedi,Octobre,Sábado,Octubre,4,2,2005,20051008,8,7,281,2,2006,2005,Qtr 4,Tháng Mười,8,10,1,41
Saturday,October,Samedi,Octobre,Sábado,Octubre,4,2,2005,20051015,15,7,288,2,2006,2005,Qtr 4,Tháng Mười,15,10,1,42
Saturday,October,Samedi,Octobre,Sábado,Octubre,4,2,2005,20051022,22,7,295,2,2006,2005,Qtr 4,Tháng Mười,22,10,1,43
Saturday,October,Samedi,Octobre,Sábado,Octubre,4,2,2005,20051029,29,7,302,2,2006,2005,Qtr 4,Tháng Mười,29,10,1,44
Saturday,October,Samedi,Octobre,Sábado,Octubre,4,2,2006,20061007,7,7,280,2,2007,2006,Qtr 4,Tháng Mười,7,10,1,40
Saturday,October,Samedi,Octobre,Sábado,Octubre,4,2,2006,20061014,14,7,287,2,2007,2006,Qtr 4,Tháng Mười,14,10,1,41
Saturday,October,Samedi,Octobre,Sábado,Octubre,4,2,2006,20061021,21,7,294,2,2007,2006,Qtr 4,Tháng Mười,21,10,1,42
Saturday,October,Samedi,Octobre,Sábado,Octubre,4,2,2006,20061028,28,7,301,2,2007,2006,Qtr 4,Tháng Mười,28,10,1,43
Saturday,October,Samedi,Octobre,Sábado,Octubre,4,2,2007,20071006,6,7,279,2,2008,2007,Qtr 4,Tháng Mười,6,10,1,40
Saturday,October,Samedi,Octobre,Sábado,Octubre,4,2,2007,20071013,13,7,286,2,2008,2007,Qtr 4,Tháng Mười,13,10,1,41
Saturday,October,Samedi,Octobre,Sábado,Octubre,4,2,2007,20071020,20,7,293,2,2008,2007,Qtr 4,Tháng Mười,20,10,1,42
Saturday,October,Samedi,Octobre,Sábado,Octubre,4,2,2007,20071027,27,7,300,2,2008,2007,Qtr 4,Tháng Mười,27,10,1,43
Saturday,October,Samedi,Octobre,Sábado,Octubre,4,2,2008,20081004,4,7,278,2,2009,2008,Qtr 4,Tháng Mười,4,10,1,40
Saturday,October,Samedi,Octobre,Sábado,Octubre,4,2,2008,20081011,11,7,285,2,2009,2008,Qtr 4,Tháng Mười,11,10,1,41
Saturday,October,Samedi,Octobre,Sábado,Octubre,4,2,2008,20081018,18,7,292,2,2009,2008,Qtr 4,Tháng Mười,18,10,1,42
Saturday,October,Samedi,Octobre,Sábado,Octubre,4,2,2008,20081025,25,7,299,2,2009,2008,Qtr 4,Tháng Mười,25,10,1,43
Saturday,October,Samedi,Octobre,Sábado,Octubre,4,2,2009,20091003,3,7,276,2,2010,2009,Qtr 4,Tháng Mười,3,10,1,40
Saturday,October,Samedi,Octobre,Sábado,Octubre,4,2,2009,20091010,10,7,283,2,2010,2009,Qtr 4,Tháng Mười,10,10,1,41
Saturday,October,Samedi,Octobre,Sábado,Octubre,4,2,2009,20091017,17,7,290,2,2010,2009,Qtr 4,Tháng Mười,17,10,1,42
Saturday,October,Samedi,Octobre,Sábado,Octubre,4,2,2009,20091024,24,7,297,2,2010,2009,Qtr 4,Tháng Mười,24,10,1,43
Saturday,October,Samedi,Octobre,Sábado,Octubre,4,2,2009,20091031,31,7,304,2,2010,2009,Qtr 4,Tháng Mười,31,10,1,44
Saturday,October,Samedi,Octobre,Sábado,Octubre,4,2,2010,20101002,2,7,275,2,2011,2010,Qtr 4,Tháng Mười,2,10,1,40
Saturday,October,Samedi,Octobre,Sábado,Octubre,4,2,2010,20101009,9,7,282,2,2011,2010,Qtr 4,Tháng Mười,9,10,1,41
Saturday,October,Samedi,Octobre,Sábado,Octubre,4,2,2010,20101016,16,7,289,2,2011,2010,Qtr 4,Tháng Mười,16,10,1,42
Saturday,October,Samedi,Octobre,Sábado,Octubre,4,2,2010,20101023,23,7,296,2,2011,2010,Qtr 4,Tháng Mười,23,10,1,43
Saturday,October,Samedi,Octobre,Sábado,Octubre,4,2,2010,20101030,30,7,303,2,2011,2010,Qtr 4,Tháng Mười,30,10,1,44
Saturday,October,Samedi,Octobre,Sábado,Octubre,4,2,2011,20111001,1,7,274,2,2011,2011,Qtr 4,Tháng Mười,1,10,1,40
Saturday,October,Samedi,Octobre,Sábado,Octubre,4,2,2011,20111008,8,7,281,2,2011,2011,Qtr 4,Tháng Mười,8,10,1,41
Saturday,October,Samedi,Octobre,Sábado,Octubre,4,2,2011,20111015,15,7,288,2,2011,2011,Qtr 4,Tháng Mười,15,10,1,42
Saturday,October,Samedi,Octobre,Sábado,Octubre,4,2,2011,20111022,22,7,295,2,2011,2011,Qtr 4,Tháng Mười,22,10,1,43
Saturday,October,Samedi,Octobre,Sábado,Octubre,4,2,2011,20111029,29,7,302,2,2011,2011,Qtr 4,Tháng Mười,29,10,1,44
Saturday,October,Samedi,Octobre,Sábado,Octubre,4,2,2012,20121006,6,7,280,2,2012,2012,Qtr 4,Tháng Mười,6,10,1,40
Saturday,October,Samedi,Octobre,Sábado,Octubre,4,2,2012,20121013,13,7,287,2,2012,2012,Qtr 4,Tháng Mười,13,10,1,41
Saturday,October,Samedi,Octobre,Sábado,Octubre,4,2,2012,20121020,20,7,294,2,2012,2012,Qtr 4,Tháng Mười,20,10,1,42
Saturday,October,Samedi,Octobre,Sábado,Octubre,4,2,2012,20121027,27,7,301,2,2012,2012,Qtr 4,Tháng Mười,27,10,1,43
Saturday,October,Samedi,Octobre,Sábado,Octubre,4,2,2013,20131005,5,7,278,2,2013,2013,Qtr 4,Tháng Mười,5,10,1,40
Saturday,October,Samedi,Octobre,Sábado,Octubre,4,2,2013,20131012,12,7,285,2,2013,2013,Qtr 4,Tháng Mười,12,10,1,41
Saturday,October,Samedi,Octobre,Sábado,Octubre,4,2,2013,20131019,19,7,292,2,2013,2013,Qtr 4,Tháng Mười,19,10,1,42
Saturday,October,Samedi,Octobre,Sábado,Octubre,4,2,2013,20131026,26,7,299,2,2013,2013,Qtr 4,Tháng Mười,26,10,1,43
Saturday,October,Samedi,Octobre,Sábado,Octubre,4,2,2014,20141004,4,7,277,2,2014,2014,Qtr 4,Tháng Mười,4,10,1,40
Saturday,October,Samedi,Octobre,Sábado,Octubre,4,2,2014,20141011,11,7,284,2,2014,2014,Qtr 4,Tháng Mười,11,10,1,41
Saturday,October,Samedi,Octobre,Sábado,Octubre,4,2,2014,20141018,18,7,291,2,2014,2014,Qtr 4,Tháng Mười,18,10,1,42
Saturday,October,Samedi,Octobre,Sábado,Octubre,4,2,2014,20141025,25,7,298,2,2014,2014,Qtr 4,Tháng Mười,25,10,1,43
Saturday,September,Samedi,Septembre,Sábado,Septiembre,3,2,2005,20050903,3,7,246,1,2006,2005,Qtr 3,Tháng Chín,3,9,1,36
Saturday,September,Samedi,Septembre,Sábado,Septiembre,3,2,2005,20050910,10,7,253,1,2006,2005,Qtr 3,Tháng Chín,10,9,1,37
Saturday,September,Samedi,Septembre,Sábado,Septiembre,3,2,2005,20050917,17,7,260,1,2006,2005,Qtr 3,Tháng Chín,17,9,1,38
Saturday,September,Samedi,Septembre,Sábado,Septiembre,3,2,2005,20050924,24,7,267,1,2006,2005,Qtr 3,Tháng Chín,24,9,1,39
Saturday,September,Samedi,Septembre,Sábado,Septiembre,3,2,2006,20060902,2,7,245,1,2007,2006,Qtr 3,Tháng Chín,2,9,1,35
Saturday,September,Samedi,Septembre,Sábado,Septiembre,3,2,2006,20060909,9,7,252,1,2007,2006,Qtr 3,Tháng Chín,9,9,1,36
Saturday,September,Samedi,Septembre,Sábado,Septiembre,3,2,2006,20060916,16,7,259,1,2007,2006,Qtr 3,Tháng Chín,16,9,1,37
Saturday,September,Samedi,Septembre,Sábado,Septiembre,3,2,2006,20060923,23,7,266,1,2007,2006,Qtr 3,Tháng Chín,23,9,1,38
Saturday,September,Samedi,Septembre,Sábado,Septiembre,3,2,2006,20060930,30,7,273,1,2007,2006,Qtr 3,Tháng Chín,30,9,1,39
Saturday,September,Samedi,Septembre,Sábado,Septiembre,3,2,2007,20070901,1,7,244,1,2008,2007,Qtr 3,Tháng Chín,1,9,1,35
Saturday,September,Samedi,Septembre,Sábado,Septiembre,3,2,2007,20070908,8,7,251,1,2008,2007,Qtr 3,Tháng Chín,8,9,1,36
Saturday,September,Samedi,Septembre,Sábado,Septiembre,3,2,2007,20070915,15,7,258,1,2008,2007,Qtr 3,Tháng Chín,15,9,1,37
Saturday,September,Samedi,Septembre,Sábado,Septiembre,3,2,2007,20070922,22,7,265,1,2008,2007,Qtr 3,Tháng Chín,22,9,1,38
Saturday,September,Samedi,Septembre,Sábado,Septiembre,3,2,2007,20070929,29,7,272,1,2008,2007,Qtr 3,Tháng Chín,29,9,1,39
Saturday,September,Samedi,Septembre,Sábado,Septiembre,3,2,2008,20080906,6,7,250,1,2009,2008,Qtr 3,Tháng Chín,6,9,1,36
Saturday,September,Samedi,Septembre,Sábado,Septiembre,3,2,2008,20080913,13,7,257,1,2009,2008,Qtr 3,Tháng Chín,13,9,1,37
Saturday,September,Samedi,Septembre,Sábado,Septiembre,3,2,2008,20080920,20,7,264,1,2009,2008,Qtr 3,Tháng Chín,20,9,1,38
Saturday,September,Samedi,Septembre,Sábado,Septiembre,3,2,2008,20080927,27,7,271,1,2009,2008,Qtr 3,Tháng Chín,27,9,1,39
Saturday,September,Samedi,Septembre,Sábado,Septiembre,3,2,2009,20090905,5,7,248,1,2010,2009,Qtr 3,Tháng Chín,5,9,1,36
Saturday,September,Samedi,Septembre,Sábado,Septiembre,3,2,2009,20090912,12,7,255,1,2010,2009,Qtr 3,Tháng Chín,12,9,1,37
Saturday,September,Samedi,Septembre,Sábado,Septiembre,3,2,2009,20090919,19,7,262,1,2010,2009,Qtr 3,Tháng Chín,19,9,1,38
Saturday,September,Samedi,Septembre,Sábado,Septiembre,3,2,2009,20090926,26,7,269,1,2010,2009,Qtr 3,Tháng Chín,26,9,1,39
Saturday,September,Samedi,Septembre,Sábado,Septiembre,3,2,2010,20100904,4,7,247,1,2011,2010,Qtr 3,Tháng Chín,4,9,1,36
Saturday,September,Samedi,Septembre,Sábado,Septiembre,3,2,2010,20100911,11,7,254,1,2011,2010,Qtr 3,Tháng Chín,11,9,1,37
Saturday,September,Samedi,Septembre,Sábado,Septiembre,3,2,2010,20100918,18,7,261,1,2011,2010,Qtr 3,Tháng Chín,18,9,1,38
Saturday,September,Samedi,Septembre,Sábado,Septiembre,3,2,2010,20100925,25,7,268,1,2011,2010,Qtr 3,Tháng Chín,25,9,1,39
Saturday,September,Samedi,Septembre,Sábado,Septiembre,3,2,2011,20110903,3,7,246,1,2011,2011,Qtr 3,Tháng Chín,3,9,1,36
Saturday,September,Samedi,Septembre,Sábado,Septiembre,3,2,2011,20110910,10,7,253,1,2011,2011,Qtr 3,Tháng Chín,10,9,1,37
Saturday,September,Samedi,Septembre,Sábado,Septiembre,3,2,2011,20110917,17,7,260,1,2011,2011,Qtr 3,Tháng Chín,17,9,1,38
Saturday,September,Samedi,Septembre,Sábado,Septiembre,3,2,2011,20110924,24,7,267,1,2011,2011,Qtr 3,Tháng Chín,24,9,1,39
Saturday,September,Samedi,Septembre,Sábado,Septiembre,3,2,2012,20120901,1,7,245,1,2012,2012,Qtr 3,Tháng Chín,1,9,1,35
Saturday,September,Samedi,Septembre,Sábado,Septiembre,3,2,2012,20120908,8,7,252,1,2012,2012,Qtr 3,Tháng Chín,8,9,1,36
Saturday,September,Samedi,Septembre,Sábado,Septiembre,3,2,2012,20120915,15,7,259,1,2012,2012,Qtr 3,Tháng Chín,15,9,1,37
Saturday,September,Samedi,Septembre,Sábado,Septiembre,3,2,2012,20120922,22,7,266,1,2012,2012,Qtr 3,Tháng Chín,22,9,1,38
Saturday,September,Samedi,Septembre,Sábado,Septiembre,3,2,2012,20120929,29,7,273,1,2012,2012,Qtr 3,Tháng Chín,29,9,1,39
Saturday,September,Samedi,Septembre,Sábado,Septiembre,3,2,2013,20130907,7,7,250,1,2013,2013,Qtr 3,Tháng Chín,7,9,1,36
Saturday,September,Samedi,Septembre,Sábado,Septiembre,3,2,2013,20130914,14,7,257,1,2013,2013,Qtr 3,Tháng Chín,14,9,1,37
Saturday,September,Samedi,Septembre,Sábado,Septiembre,3,2,2013,20130921,21,7,264,1,2013,2013,Qtr 3,Tháng Chín,21,9,1,38
Saturday,September,Samedi,Septembre,Sábado,Septiembre,3,2,2013,20130928,28,7,271,1,2013,2013,Qtr 3,Tháng Chín,28,9,1,39
Saturday,September,Samedi,Septembre,Sábado,Septiembre,3,2,2014,20140906,6,7,249,1,2014,2014,Qtr 3,Tháng Chín,6,9,1,36
Saturday,September,Samedi,Septembre,Sábado,Septiembre,3,2,2014,20140913,13,7,256,1,2014,2014,Qtr 3,Tháng Chín,13,9,1,37
Saturday,September,Samedi,Septembre,Sábado,Septiembre,3,2,2014,20140920,20,7,263,1,2014,2014,Qtr 3,Tháng Chín,20,9,1,38
Saturday,September,Samedi,Septembre,Sábado,Septiembre,3,2,2014,20140927,27,7,270,1,2014,2014,Qtr 3,Tháng Chín,27,9,1,39
Sunday,April,Dimanche,Avril,Domingo,Abril,2,1,2005,20050403,3,1,93,4,2005,2005,Qtr 2,Tháng Tư,3,4,2,15
Sunday,April,Dimanche,Avril,Domingo,Abril,2,1,2005,20050410,10,1,100,4,2005,2005,Qtr 2,Tháng Tư,10,4,2,16
Sunday,April,Dimanche,Avril,Domingo,Abril,2,1,2005,20050417,17,1,107,4,2005,2005,Qtr 2,Tháng Tư,17,4,2,17
Sunday,April,Dimanche,Avril,Domingo,Abril,2,1,2005,20050424,24,1,114,4,2005,2005,Qtr 2,Tháng Tư,24,4,2,18
Sunday,April,Dimanche,Avril,Domingo,Abril,2,1,2006,20060402,2,1,92,4,2006,2006,Qtr 2,Tháng Tư,2,4,2,14
Sunday,April,Dimanche,Avril,Domingo,Abril,2,1,2006,20060409,9,1,99,4,2006,2006,Qtr 2,Tháng Tư,9,4,2,15
Sunday,April,Dimanche,Avril,Domingo,Abril,2,1,2006,20060416,16,1,106,4,2006,2006,Qtr 2,Tháng Tư,16,4,2,16
Sunday,April,Dimanche,Avril,Domingo,Abril,2,1,2006,20060423,23,1,113,4,2006,2006,Qtr 2,Tháng Tư,23,4,2,17
Sunday,April,Dimanche,Avril,Domingo,Abril,2,1,2006,20060430,30,1,120,4,2006,2006,Qtr 2,Tháng Tư,30,4,2,18
Sunday,April,Dimanche,Avril,Domingo,Abril,2,1,2007,20070401,1,1,91,4,2007,2007,Qtr 2,Tháng Tư,1,4,2,14
Sunday,April,Dimanche,Avril,Domingo,Abril,2,1,2007,20070408,8,1,98,4,2007,2007,Qtr 2,Tháng Tư,8,4,2,15
Sunday,April,Dimanche,Avril,Domingo,Abril,2,1,2007,20070415,15,1,105,4,2007,2007,Qtr 2,Tháng Tư,15,4,2,16
Sunday,April,Dimanche,Avril,Domingo,Abril,2,1,2007,20070422,22,1,112,4,2007,2007,Qtr 2,Tháng Tư,22,4,2,17
Sunday,April,Dimanche,Avril,Domingo,Abril,2,1,2007,20070429,29,1,119,4,2007,2007,Qtr 2,Tháng Tư,29,4,2,18
Sunday,April,Dimanche,Avril,Domingo,Abril,2,1,2008,20080406,6,1,97,4,2008,2008,Qtr 2,Tháng Tư,6,4,2,15
Sunday,April,Dimanche,Avril,Domingo,Abril,2,1,2008,20080413,13,1,104,4,2008,2008,Qtr 2,Tháng Tư,13,4,2,16
Sunday,April,Dimanche,Avril,Domingo,Abril,2,1,2008,20080420,20,1,111,4,2008,2008,Qtr 2,Tháng Tư,20,4,2,17
Sunday,April,Dimanche,Avril,Domingo,Abril,2,1,2008,20080427,27,1,118,4,2008,2008,Qtr 2,Tháng Tư,27,4,2,18
Sunday,April,Dimanche,Avril,Domingo,Abril,2,1,2009,20090405,5,1,95,4,2009,2009,Qtr 2,Tháng Tư,5,4,2,15
Sunday,April,Dimanche,Avril,Domingo,Abril,2,1,2009,20090412,12,1,102,4,2009,2009,Qtr 2,Tháng Tư,12,4,2,16
Sunday,April,Dimanche,Avril,Domingo,Abril,2,1,2009,20090419,19,1,109,4,2009,2009,Qtr 2,Tháng Tư,19,4,2,17
Sunday,April,Dimanche,Avril,Domingo,Abril,2,1,2009,20090426,26,1,116,4,2009,2009,Qtr 2,Tháng Tư,26,4,2,18
Sunday,April,Dimanche,Avril,Domingo,Abril,2,1,2010,20100404,4,1,94,4,2010,2010,Qtr 2,Tháng Tư,4,4,2,15
Sunday,April,Dimanche,Avril,Domingo,Abril,2,1,2010,20100411,11,1,101,4,2010,2010,Qtr 2,Tháng Tư,11,4,2,16
Sunday,April,Dimanche,Avril,Domingo,Abril,2,1,2010,20100418,18,1,108,4,2010,2010,Qtr 2,Tháng Tư,18,4,2,17
Sunday,April,Dimanche,Avril,Domingo,Abril,2,1,2010,20100425,25,1,115,4,2010,2010,Qtr 2,Tháng Tư,25,4,2,18
Sunday,April,Dimanche,Avril,Domingo,Abril,2,1,2011,20110403,3,1,93,4,2010,2011,Qtr 2,Tháng Tư,3,4,2,15
Sunday,April,Dimanche,Avril,Domingo,Abril,2,1,2011,20110410,10,1,100,4,2010,2011,Qtr 2,Tháng Tư,10,4,2,16
Sunday,April,Dimanche,Avril,Domingo,Abril,2,1,2011,20110417,17,1,107,4,2010,2011,Qtr 2,Tháng Tư,17,4,2,17
Sunday,April,Dimanche,Avril,Domingo,Abril,2,1,2011,20110424,24,1,114,4,2010,2011,Qtr 2,Tháng Tư,24,4,2,18
Sunday,April,Dimanche,Avril,Domingo,Abril,2,1,2012,20120401,1,1,92,4,2011,2012,Qtr 2,Tháng Tư,1,4,2,14
Sunday,April,Dimanche,Avril,Domingo,Abril,2,1,2012,20120408,8,1,99,4,2011,2012,Qtr 2,Tháng Tư,8,4,2,15
Sunday,April,Dimanche,Avril,Domingo,Abril,2,1,2012,20120415,15,1,106,4,2011,2012,Qtr 2,Tháng Tư,15,4,2,16
Sunday,April,Dimanche,Avril,Domingo,Abril,2,1,2012,20120422,22,1,113,4,2011,2012,Qtr 2,Tháng Tư,22,4,2,17
Sunday,April,Dimanche,Avril,Domingo,Abril,2,1,2012,20120429,29,1,120,4,2011,2012,Qtr 2,Tháng Tư,29,4,2,18
Sunday,April,Dimanche,Avril,Domingo,Abril,2,1,2013,20130407,7,1,97,4,2012,2013,Qtr 2,Tháng Tư,7,4,2,15
Sunday,April,Dimanche,Avril,Domingo,Abril,2,1,2013,20130414,14,1,104,4,2012,2013,Qtr 2,Tháng Tư,14,4,2,16
Sunday,April,Dimanche,Avril,Domingo,Abril,2,1,2013,20130421,21,1,111,4,2012,2013,Qtr 2,Tháng Tư,21,4,2,17
Sunday,April,Dimanche,Avril,Domingo,Abril,2,1,2013,20130428,28,1,118,4,2012,2013,Qtr 2,Tháng Tư,28,4,2,18
Sunday,April,Dimanche,Avril,Domingo,Abril,2,1,2014,20140406,6,1,96,4,2013,2014,Qtr 2,Tháng Tư,6,4,2,15
Sunday,April,Dimanche,Avril,Domingo,Abril,2,1,2014,20140413,13,1,103,4,2013,2014,Qtr 2,Tháng Tư,13,4,2,16
Sunday,April,Dimanche,Avril,Domingo,Abril,2,1,2014,20140420,20,1,110,4,2013,2014,Qtr 2,Tháng Tư,20,4,2,17
Sunday,April,Dimanche,Avril,Domingo,Abril,2,1,2014,20140427,27,1,117,4,2013,2014,Qtr 2,Tháng Tư,27,4,2,18
Sunday,August,Dimanche,Août,Domingo,Agosto,3,2,2005,20050807,7,1,219,1,2006,2005,Qtr 3,Tháng Tám,7,8,1,33
Sunday,August,Dimanche,Août,Domingo,Agosto,3,2,2005,20050814,14,1,226,1,2006,2005,Qtr 3,Tháng Tám,14,8,1,34
Sunday,August,Dimanche,Août,Domingo,Agosto,3,2,2005,20050821,21,1,233,1,2006,2005,Qtr 3,Tháng Tám,21,8,1,35
Sunday,August,Dimanche,Août,Domingo,Agosto,3,2,2005,20050828,28,1,240,1,2006,2005,Qtr 3,Tháng Tám,28,8,1,36
Sunday,August,Dimanche,Août,Domingo,Agosto,3,2,2006,20060806,6,1,218,1,2007,2006,Qtr 3,Tháng Tám,6,8,1,32
Sunday,August,Dimanche,Août,Domingo,Agosto,3,2,2006,20060813,13,1,225,1,2007,2006,Qtr 3,Tháng Tám,13,8,1,33
Sunday,August,Dimanche,Août,Domingo,Agosto,3,2,2006,20060820,20,1,232,1,2007,2006,Qtr 3,Tháng Tám,20,8,1,34
Sunday,August,Dimanche,Août,Domingo,Agosto,3,2,2006,20060827,27,1,239,1,2007,2006,Qtr 3,Tháng Tám,27,8,1,35
Sunday,August,Dimanche,Août,Domingo,Agosto,3,2,2007,20070805,5,1,217,1,2008,2007,Qtr 3,Tháng Tám,5,8,1,32
Sunday,August,Dimanche,Août,Domingo,Agosto,3,2,2007,20070812,12,1,224,1,2008,2007,Qtr 3,Tháng Tám,12,8,1,33
Sunday,August,Dimanche,Août,Domingo,Agosto,3,2,2007,20070819,19,1,231,1,2008,2007,Qtr 3,Tháng Tám,19,8,1,34
Sunday,August,Dimanche,Août,Domingo,Agosto,3,2,2007,20070826,26,1,238,1,2008,2007,Qtr 3,Tháng Tám,26,8,1,35
Sunday,August,Dimanche,Août,Domingo,Agosto,3,2,2008,20080803,3,1,216,1,2009,2008,Qtr 3,Tháng Tám,3,8,1,32
Sunday,August,Dimanche,Août,Domingo,Agosto,3,2,2008,20080810,10,1,223,1,2009,2008,Qtr 3,Tháng Tám,10,8,1,33
Sunday,August,Dimanche,Août,Domingo,Agosto,3,2,2008,20080817,17,1,230,1,2009,2008,Qtr 3,Tháng Tám,17,8,1,34
Sunday,August,Dimanche,Août,Domingo,Agosto,3,2,2008,20080824,24,1,237,1,2009,2008,Qtr 3,Tháng Tám,24,8,1,35
Sunday,August,Dimanche,Août,Domingo,Agosto,3,2,2008,20080831,31,1,244,1,2009,2008,Qtr 3,Tháng Tám,31,8,1,36
Sunday,August,Dimanche,Août,Domingo,Agosto,3,2,2009,20090802,2,1,214,1,2010,2009,Qtr 3,Tháng Tám,2,8,1,32
Sunday,August,Dimanche,Août,Domingo,Agosto,3,2,2009,20090809,9,1,221,1,2010,2009,Qtr 3,Tháng Tám,9,8,1,33
Sunday,August,Dimanche,Août,Domingo,Agosto,3,2,2009,20090816,16,1,228,1,2010,2009,Qtr 3,Tháng Tám,16,8,1,34
Sunday,August,Dimanche,Août,Domingo,Agosto,3,2,2009,20090823,23,1,235,1,2010,2009,Qtr 3,Tháng Tám,23,8,1,35
Sunday,August,Dimanche,Août,Domingo,Agosto,3,2,2009,20090830,30,1,242,1,2010,2009,Qtr 3,Tháng Tám,30,8,1,36
Sunday,August,Dimanche,Août,Domingo,Agosto,3,2,2010,20100801,1,1,213,1,2011,2010,Qtr 3,Tháng Tám,1,8,1,32
Sunday,August,Dimanche,Août,Domingo,Agosto,3,2,2010,20100808,8,1,220,1,2011,2010,Qtr 3,Tháng Tám,8,8,1,33
Sunday,August,Dimanche,Août,Domingo,Agosto,3,2,2010,20100815,15,1,227,1,2011,2010,Qtr 3,Tháng Tám,15,8,1,34
Sunday,August,Dimanche,Août,Domingo,Agosto,3,2,2010,20100822,22,1,234,1,2011,2010,Qtr 3,Tháng Tám,22,8,1,35
Sunday,August,Dimanche,Août,Domingo,Agosto,3,2,2010,20100829,29,1,241,1,2011,2010,Qtr 3,Tháng Tám,29,8,1,36
Sunday,August,Dimanche,Août,Domingo,Agosto,3,2,2011,20110807,7,1,219,1,2011,2011,Qtr 3,Tháng Tám,7,8,1,33
Sunday,August,Dimanche,Août,Domingo,Agosto,3,2,2011,20110814,14,1,226,1,2011,2011,Qtr 3,Tháng Tám,14,8,1,34
Sunday,August,Dimanche,Août,Domingo,Agosto,3,2,2011,20110821,21,1,233,1,2011,2011,Qtr 3,Tháng Tám,21,8,1,35
Sunday,August,Dimanche,Août,Domingo,Agosto,3,2,2011,20110828,28,1,240,1,2011,2011,Qtr 3,Tháng Tám,28,8,1,36
Sunday,August,Dimanche,Août,Domingo,Agosto,3,2,2012,20120805,5,1,218,1,2012,2012,Qtr 3,Tháng Tám,5,8,1,32
Sunday,August,Dimanche,Août,Domingo,Agosto,3,2,2012,20120812,12,1,225,1,2012,2012,Qtr 3,Tháng Tám,12,8,1,33
Sunday,August,Dimanche,Août,Domingo,Agosto,3,2,2012,20120819,19,1,232,1,2012,2012,Qtr 3,Tháng Tám,19,8,1,34
Sunday,August,Dimanche,Août,Domingo,Agosto,3,2,2012,20120826,26,1,239,1,2012,2012,Qtr 3,Tháng Tám,26,8,1,35
Sunday,August,Dimanche,Août,Domingo,Agosto,3,2,2013,20130804,4,1,216,1,2013,2013,Qtr 3,Tháng Tám,4,8,1,32
Sunday,August,Dimanche,Août,Domingo,Agosto,3,2,2013,20130811,11,1,223,1,2013,2013,Qtr 3,Tháng Tám,11,8,1,33
Sunday,August,Dimanche,Août,Domingo,Agosto,3,2,2013,20130818,18,1,230,1,2013,2013,Qtr 3,Tháng Tám,18,8,1,34
Sunday,August,Dimanche,Août,Domingo,Agosto,3,2,2013,20130825,25,1,237,1,2013,2013,Qtr 3,Tháng Tám,25,8,1,35
Sunday,August,Dimanche,Août,Domingo,Agosto,3,2,2014,20140803,3,1,215,1,2014,2014,Qtr 3,Tháng Tám,3,8,1,32
Sunday,August,Dimanche,Août,Domingo,Agosto,3,2,2014,20140810,10,1,222,1,2014,2014,Qtr 3,Tháng Tám,10,8,1,33
Sunday,August,Dimanche,Août,Domingo,Agosto,3,2,2014,20140817,17,1,229,1,2014,2014,Qtr 3,Tháng Tám,17,8,1,34
Sunday,August,Dimanche,Août,Domingo,Agosto,3,2,2014,20140824,24,1,236,1,2014,2014,Qtr 3,Tháng Tám,24,8,1,35
Sunday,August,Dimanche,Août,Domingo,Agosto,3,2,2014,20140831,31,1,243,1,2014,2014,Qtr 3,Tháng Tám,31,8,1,36
Sunday,December,Dimanche,Décembre,Domingo,Diciembre,4,2,2005,20051204,4,1,338,2,2006,2005,Qtr 4,Tháng Mười Hai,4,12,1,50
Sunday,December,Dimanche,Décembre,Domingo,Diciembre,4,2,2005,20051211,11,1,345,2,2006,2005,Qtr 4,Tháng Mười Hai,11,12,1,51
Sunday,December,Dimanche,Décembre,Domingo,Diciembre,4,2,2005,20051218,18,1,352,2,2006,2005,Qtr 4,Tháng Mười Hai,18,12,1,52
Sunday,December,Dimanche,Décembre,Domingo,Diciembre,4,2,2005,20051225,25,1,359,2,2006,2005,Qtr 4,Tháng Mười Hai,25,12,1,53
Sunday,December,Dimanche,Décembre,Domingo,Diciembre,4,2,2006,20061203,3,1,337,2,2007,2006,Qtr 4,Tháng Mười Hai,3,12,1,49
Sunday,December,Dimanche,Décembre,Domingo,Diciembre,4,2,2006,20061210,10,1,344,2,2007,2006,Qtr 4,Tháng Mười Hai,10,12,1,50
Sunday,December,Dimanche,Décembre,Domingo,Diciembre,4,2,2006,20061217,17,1,351,2,2007,2006,Qtr 4,Tháng Mười Hai,17,12,1,51
Sunday,December,Dimanche,Décembre,Domingo,Diciembre,4,2,2006,20061224,24,1,358,2,2007,2006,Qtr 4,Tháng Mười Hai,24,12,1,52
Sunday,December,Dimanche,Décembre,Domingo,Diciembre,4,2,2006,20061231,31,1,365,2,2007,2006,Qtr 4,Tháng Mười Hai,31,12,1,53
Sunday,December,Dimanche,Décembre,Domingo,Diciembre,4,2,2007,20071202,2,1,336,2,2008,2007,Qtr 4,Tháng Mười Hai,2,12,1,49
Sunday,December,Dimanche,Décembre,Domingo,Diciembre,4,2,2007,20071209,9,1,343,2,2008,2007,Qtr 4,Tháng Mười Hai,9,12,1,50
Sunday,December,Dimanche,Décembre,Domingo,Diciembre,4,2,2007,20071216,16,1,350,2,2008,2007,Qtr 4,Tháng Mười Hai,16,12,1,51
Sunday,December,Dimanche,Décembre,Domingo,Diciembre,4,2,2007,20071223,23,1,357,2,2008,2007,Qtr 4,Tháng Mười Hai,23,12,1,52
Sunday,December,Dimanche,Décembre,Domingo,Diciembre,4,2,2007,20071230,30,1,364,2,2008,2007,Qtr 4,Tháng Mười Hai,30,12,1,53
Sunday,December,Dimanche,Décembre,Domingo,Diciembre,4,2,2008,20081207,7,1,342,2,2009,2008,Qtr 4,Tháng Mười Hai,7,12,1,50
Sunday,December,Dimanche,Décembre,Domingo,Diciembre,4,2,2008,20081214,14,1,349,2,2009,2008,Qtr 4,Tháng Mười Hai,14,12,1,51
Sunday,December,Dimanche,Décembre,Domingo,Diciembre,4,2,2008,20081221,21,1,356,2,2009,2008,Qtr 4,Tháng Mười Hai,21,12,1,52
Sunday,December,Dimanche,Décembre,Domingo,Diciembre,4,2,2008,20081228,28,1,363,2,2009,2008,Qtr 4,Tháng Mười Hai,28,12,1,53
Sunday,December,Dimanche,Décembre,Domingo,Diciembre,4,2,2009,20091206,6,1,340,2,2010,2009,Qtr 4,Tháng Mười Hai,6,12,1,50
Sunday,December,Dimanche,Décembre,Domingo,Diciembre,4,2,2009,20091213,13,1,347,2,2010,2009,Qtr 4,Tháng Mười Hai,13,12,1,51
Sunday,December,Dimanche,Décembre,Domingo,Diciembre,4,2,2009,20091220,20,1,354,2,2010,2009,Qtr 4,Tháng Mười Hai,20,12,1,52
Sunday,December,Dimanche,Décembre,Domingo,Diciembre,4,2,2009,20091227,27,1,361,2,2010,2009,Qtr 4,Tháng Mười Hai,27,12,1,53
Sunday,December,Dimanche,Décembre,Domingo,Diciembre,4,2,2010,20101205,5,1,339,2,2011,2010,Qtr 4,Tháng Mười Hai,5,12,1,50
Sunday,December,Dimanche,Décembre,Domingo,Diciembre,4,2,2010,20101212,12,1,346,2,2011,2010,Qtr 4,Tháng Mười Hai,12,12,1,51
Sunday,December,Dimanche,Décembre,Domingo,Diciembre,4,2,2010,20101219,19,1,353,2,2011,2010,Qtr 4,Tháng Mười Hai,19,12,1,52
Sunday,December,Dimanche,Décembre,Domingo,Diciembre,4,2,2010,20101226,26,1,360,2,2011,2010,Qtr 4,Tháng Mười Hai,26,12,1,53
Sunday,December,Dimanche,Décembre,Domingo,Diciembre,4,2,2011,20111204,4,1,338,2,2011,2011,Qtr 4,Tháng Mười Hai,4,12,1,50
Sunday,December,Dimanche,Décembre,Domingo,Diciembre,4,2,2011,20111211,11,1,345,2,2011,2011,Qtr 4,Tháng Mười Hai,11,12,1,51
Sunday,December,Dimanche,Décembre,Domingo,Diciembre,4,2,2011,20111218,18,1,352,2,2011,2011,Qtr 4,Tháng Mười Hai,18,12,1,52
Sunday,December,Dimanche,Décembre,Domingo,Diciembre,4,2,2011,20111225,25,1,359,2,2011,2011,Qtr 4,Tháng Mười Hai,25,12,1,53
Sunday,December,Dimanche,Décembre,Domingo,Diciembre,4,2,2012,20121202,2,1,337,2,2012,2012,Qtr 4,Tháng Mười Hai,2,12,1,49
Sunday,December,Dimanche,Décembre,Domingo,Diciembre,4,2,2012,20121209,9,1,344,2,2012,2012,Qtr 4,Tháng Mười Hai,9,12,1,50
Sunday,December,Dimanche,Décembre,Domingo,Diciembre,4,2,2012,20121216,16,1,351,2,2012,2012,Qtr 4,Tháng Mười Hai,16,12,1,51
Sunday,December,Dimanche,Décembre,Domingo,Diciembre,4,2,2012,20121223,23,1,358,2,2012,2012,Qtr 4,Tháng Mười Hai,23,12,1,52
Sunday,December,Dimanche,Décembre,Domingo,Diciembre,4,2,2012,20121230,30,1,365,2,2012,2012,Qtr 4,Tháng Mười Hai,30,12,1,53
Sunday,December,Dimanche,Décembre,Domingo,Diciembre,4,2,2013,20131201,1,1,335,2,2013,2013,Qtr 4,Tháng Mười Hai,1,12,1,49
Sunday,December,Dimanche,Décembre,Domingo,Diciembre,4,2,2013,20131208,8,1,342,2,2013,2013,Qtr 4,Tháng Mười Hai,8,12,1,50
Sunday,December,Dimanche,Décembre,Domingo,Diciembre,4,2,2013,20131215,15,1,349,2,2013,2013,Qtr 4,Tháng Mười Hai,15,12,1,51
Sunday,December,Dimanche,Décembre,Domingo,Diciembre,4,2,2013,20131222,22,1,356,2,2013,2013,Qtr 4,Tháng Mười Hai,22,12,1,52
Sunday,December,Dimanche,Décembre,Domingo,Diciembre,4,2,2013,20131229,29,1,363,2,2013,2013,Qtr 4,Tháng Mười Hai,29,12,1,53
Sunday,December,Dimanche,Décembre,Domingo,Diciembre,4,2,2014,20141207,7,1,341,2,2014,2014,Qtr 4,Tháng Mười Hai,7,12,1,50
Sunday,December,Dimanche,Décembre,Domingo,Diciembre,4,2,2014,20141214,14,1,348,2,2014,2014,Qtr 4,Tháng Mười Hai,14,12,1,51
Sunday,December,Dimanche,Décembre,Domingo,Diciembre,4,2,2014,20141221,21,1,355,2,2014,2014,Qtr 4,Tháng Mười Hai,21,12,1,52
Sunday,December,Dimanche,Décembre,Domingo,Diciembre,4,2,2014,20141228,28,1,362,2,2014,2014,Qtr 4,Tháng Mười Hai,28,12,1,53
Sunday,February,Dimanche,Février,Domingo,Febrero,1,1,2005,20050206,6,1,37,3,2005,2005,Qtr 1,Tháng Hai,6,2,2,7
Sunday,February,Dimanche,Février,Domingo,Febrero,1,1,2005,20050213,13,1,44,3,2005,2005,Qtr 1,Tháng Hai,13,2,2,8
Sunday,February,Dimanche,Février,Domingo,Febrero,1,1,2005,20050220,20,1,51,3,2005,2005,Qtr 1,Tháng Hai,20,2,2,9
Sunday,February,Dimanche,Février,Domingo,Febrero,1,1,2005,20050227,27,1,58,3,2005,2005,Qtr 1,Tháng Hai,27,2,2,10
Sunday,February,Dimanche,Février,Domingo,Febrero,1,1,2006,20060205,5,1,36,3,2006,2006,Qtr 1,Tháng Hai,5,2,2,6
Sunday,February,Dimanche,Février,Domingo,Febrero,1,1,2006,20060212,12,1,43,3,2006,2006,Qtr 1,Tháng Hai,12,2,2,7
Sunday,February,Dimanche,Février,Domingo,Febrero,1,1,2006,20060219,19,1,50,3,2006,2006,Qtr 1,Tháng Hai,19,2,2,8
Sunday,February,Dimanche,Février,Domingo,Febrero,1,1,2006,20060226,26,1,57,3,2006,2006,Qtr 1,Tháng Hai,26,2,2,9
Sunday,February,Dimanche,Février,Domingo,Febrero,1,1,2007,20070204,4,1,35,3,2007,2007,Qtr 1,Tháng Hai,4,2,2,6
Sunday,February,Dimanche,Février,Domingo,Febrero,1,1,2007,20070211,11,1,42,3,2007,2007,Qtr 1,Tháng Hai,11,2,2,7
Sunday,February,Dimanche,Février,Domingo,Febrero,1,1,2007,20070218,18,1,49,3,2007,2007,Qtr 1,Tháng Hai,18,2,2,8
Sunday,February,Dimanche,Février,Domingo,Febrero,1,1,2007,20070225,25,1,56,3,2007,2007,Qtr 1,Tháng Hai,25,2,2,9
Sunday,February,Dimanche,Février,Domingo,Febrero,1,1,2008,20080203,3,1,34,3,2008,2008,Qtr 1,Tháng Hai,3,2,2,6
Sunday,February,Dimanche,Février,Domingo,Febrero,1,1,2008,20080210,10,1,41,3,2008,2008,Qtr 1,Tháng Hai,10,2,2,7
Sunday,February,Dimanche,Février,Domingo,Febrero,1,1,2008,20080217,17,1,48,3,2008,2008,Qtr 1,Tháng Hai,17,2,2,8
Sunday,February,Dimanche,Février,Domingo,Febrero,1,1,2008,20080224,24,1,55,3,2008,2008,Qtr 1,Tháng Hai,24,2,2,9
Sunday,February,Dimanche,Février,Domingo,Febrero,1,1,2009,20090201,1,1,32,3,2009,2009,Qtr 1,Tháng Hai,1,2,2,6
Sunday,February,Dimanche,Février,Domingo,Febrero,1,1,2009,20090208,8,1,39,3,2009,2009,Qtr 1,Tháng Hai,8,2,2,7
Sunday,February,Dimanche,Février,Domingo,Febrero,1,1,2009,20090215,15,1,46,3,2009,2009,Qtr 1,Tháng Hai,15,2,2,8
Sunday,February,Dimanche,Février,Domingo,Febrero,1,1,2009,20090222,22,1,53,3,2009,2009,Qtr 1,Tháng Hai,22,2,2,9
Sunday,February,Dimanche,Février,Domingo,Febrero,1,1,2010,20100207,7,1,38,3,2010,2010,Qtr 1,Tháng Hai,7,2,2,7
Sunday,February,Dimanche,Février,Domingo,Febrero,1,1,2010,20100214,14,1,45,3,2010,2010,Qtr 1,Tháng Hai,14,2,2,8
Sunday,February,Dimanche,Février,Domingo,Febrero,1,1,2010,20100221,21,1,52,3,2010,2010,Qtr 1,Tháng Hai,21,2,2,9
Sunday,February,Dimanche,Février,Domingo,Febrero,1,1,2010,20100228,28,1,59,3,2010,2010,Qtr 1,Tháng Hai,28,2,2,10
Sunday,February,Dimanche,Février,Domingo,Febrero,1,1,2011,20110206,6,1,37,3,2010,2011,Qtr 1,Tháng Hai,6,2,2,7
Sunday,February,Dimanche,Février,Domingo,Febrero,1,1,2011,20110213,13,1,44,3,2010,2011,Qtr 1,Tháng Hai,13,2,2,8
Sunday,February,Dimanche,Février,Domingo,Febrero,1,1,2011,20110220,20,1,51,3,2010,2011,Qtr 1,Tháng Hai,20,2,2,9
Sunday,February,Dimanche,Février,Domingo,Febrero,1,1,2011,20110227,27,1,58,3,2010,2011,Qtr 1,Tháng Hai,27,2,2,10
Sunday,February,Dimanche,Février,Domingo,Febrero,1,1,2012,20120205,5,1,36,3,2011,2012,Qtr 1,Tháng Hai,5,2,2,6
Sunday,February,Dimanche,Février,Domingo,Febrero,1,1,2012,20120212,12,1,43,3,2011,2012,Qtr 1,Tháng Hai,12,2,2,7
Sunday,February,Dimanche,Février,Domingo,Febrero,1,1,2012,20120219,19,1,50,3,2011,2012,Qtr 1,Tháng Hai,19,2,2,8
Sunday,February,Dimanche,Février,Domingo,Febrero,1,1,2012,20120226,26,1,57,3,2011,2012,Qtr 1,Tháng Hai,26,2,2,9
Sunday,February,Dimanche,Février,Domingo,Febrero,1,1,2013,20130203,3,1,34,3,2012,2013,Qtr 1,Tháng Hai,3,2,2,6
Sunday,February,Dimanche,Février,Domingo,Febrero,1,1,2013,20130210,10,1,41,3,2012,2013,Qtr 1,Tháng Hai,10,2,2,7
Sunday,February,Dimanche,Février,Domingo,Febrero,1,1,2013,20130217,17,1,48,3,2012,2013,Qtr 1,Tháng Hai,17,2,2,8
Sunday,February,Dimanche,Février,Domingo,Febrero,1,1,2013,20130224,24,1,55,3,2012,2013,Qtr 1,Tháng Hai,24,2,2,9
Sunday,February,Dimanche,Février,Domingo,Febrero,1,1,2014,20140202,2,1,33,3,2013,2014,Qtr 1,Tháng Hai,2,2,2,6
Sunday,February,Dimanche,Février,Domingo,Febrero,1,1,2014,20140209,9,1,40,3,2013,2014,Qtr 1,Tháng Hai,9,2,2,7
Sunday,February,Dimanche,Février,Domingo,Febrero,1,1,2014,20140216,16,1,47,3,2013,2014,Qtr 1,Tháng Hai,16,2,2,8
Sunday,February,Dimanche,Février,Domingo,Febrero,1,1,2014,20140223,23,1,54,3,2013,2014,Qtr 1,Tháng Hai,23,2,2,9
Sunday,January,Dimanche,Janvier,Domingo,Enero,1,1,2005,20050102,2,1,2,3,2005,2005,Qtr 1,Tháng Giêng,2,1,2,2
Sunday,January,Dimanche,Janvier,Domingo,Enero,1,1,2005,20050109,9,1,9,3,2005,2005,Qtr 1,Tháng Giêng,9,1,2,3
Sunday,January,Dimanche,Janvier,Domingo,Enero,1,1,2005,20050116,16,1,16,3,2005,2005,Qtr 1,Tháng Giêng,16,1,2,4
Sunday,January,Dimanche,Janvier,Domingo,Enero,1,1,2005,20050123,23,1,23,3,2005,2005,Qtr 1,Tháng Giêng,23,1,2,5
Sunday,January,Dimanche,Janvier,Domingo,Enero,1,1,2005,20050130,30,1,30,3,2005,2005,Qtr 1,Tháng Giêng,30,1,2,6
Sunday,January,Dimanche,Janvier,Domingo,Enero,1,1,2006,20060101,1,1,1,3,2006,2006,Qtr 1,Tháng Giêng,1,1,2,1
Sunday,January,Dimanche,Janvier,Domingo,Enero,1,1,2006,20060108,8,1,8,3,2006,2006,Qtr 1,Tháng Giêng,8,1,2,2
Sunday,January,Dimanche,Janvier,Domingo,Enero,1,1,2006,20060115,15,1,15,3,2006,2006,Qtr 1,Tháng Giêng,15,1,2,3
Sunday,January,Dimanche,Janvier,Domingo,Enero,1,1,2006,20060122,22,1,22,3,2006,2006,Qtr 1,Tháng Giêng,22,1,2,4
Sunday,January,Dimanche,Janvier,Domingo,Enero,1,1,2006,20060129,29,1,29,3,2006,2006,Qtr 1,Tháng Giêng,29,1,2,5
Sunday,January,Dimanche,Janvier,Domingo,Enero,1,1,2007,20070107,7,1,7,3,2007,2007,Qtr 1,Tháng Giêng,7,1,2,2
Sunday,January,Dimanche,Janvier,Domingo,Enero,1,1,2007,20070114,14,1,14,3,2007,2007,Qtr 1,Tháng Giêng,14,1,2,3
Sunday,January,Dimanche,Janvier,Domingo,Enero,1,1,2007,20070121,21,1,21,3,2007,2007,Qtr 1,Tháng Giêng,21,1,2,4
Sunday,January,Dimanche,Janvier,Domingo,Enero,1,1,2007,20070128,28,1,28,3,2007,2007,Qtr 1,Tháng Giêng,28,1,2,5
Sunday,January,Dimanche,Janvier,Domingo,Enero,1,1,2008,20080106,6,1,6,3,2008,2008,Qtr 1,Tháng Giêng,6,1,2,2
Sunday,January,Dimanche,Janvier,Domingo,Enero,1,1,2008,20080113,13,1,13,3,2008,2008,Qtr 1,Tháng Giêng,13,1,2,3
Sunday,January,Dimanche,Janvier,Domingo,Enero,1,1,2008,20080120,20,1,20,3,2008,2008,Qtr 1,Tháng Giêng,20,1,2,4
Sunday,January,Dimanche,Janvier,Domingo,Enero,1,1,2008,20080127,27,1,27,3,2008,2008,Qtr 1,Tháng Giêng,27,1,2,5
Sunday,January,Dimanche,Janvier,Domingo,Enero,1,1,2009,20090104,4,1,4,3,2009,2009,Qtr 1,Tháng Giêng,4,1,2,2
Sunday,January,Dimanche,Janvier,Domingo,Enero,1,1,2009,20090111,11,1,11,3,2009,2009,Qtr 1,Tháng Giêng,11,1,2,3
Sunday,January,Dimanche,Janvier,Domingo,Enero,1,1,2009,20090118,18,1,18,3,2009,2009,Qtr 1,Tháng Giêng,18,1,2,4
Sunday,January,Dimanche,Janvier,Domingo,Enero,1,1,2009,20090125,25,1,25,3,2009,2009,Qtr 1,Tháng Giêng,25,1,2,5
Sunday,January,Dimanche,Janvier,Domingo,Enero,1,1,2010,20100103,3,1,3,3,2010,2010,Qtr 1,Tháng Giêng,3,1,2,2
Sunday,January,Dimanche,Janvier,Domingo,Enero,1,1,2010,20100110,10,1,10,3,2010,2010,Qtr 1,Tháng Giêng,10,1,2,3
Sunday,January,Dimanche,Janvier,Domingo,Enero,1,1,2010,20100117,17,1,17,3,2010,2010,Qtr 1,Tháng Giêng,17,1,2,4
Sunday,January,Dimanche,Janvier,Domingo,Enero,1,1,2010,20100124,24,1,24,3,2010,2010,Qtr 1,Tháng Giêng,24,1,2,5
Sunday,January,Dimanche,Janvier,Domingo,Enero,1,1,2010,20100131,31,1,31,3,2010,2010,Qtr 1,Tháng Giêng,31,1,2,6
Sunday,January,Dimanche,Janvier,Domingo,Enero,1,1,2011,20110102,2,1,2,3,2010,2011,Qtr 1,Tháng Giêng,2,1,2,2
Sunday,January,Dimanche,Janvier,Domingo,Enero,1,1,2011,20110109,9,1,9,3,2010,2011,Qtr 1,Tháng Giêng,9,1,2,3
Sunday,January,Dimanche,Janvier,Domingo,Enero,1,1,2011,20110116,16,1,16,3,2010,2011,Qtr 1,Tháng Giêng,16,1,2,4
Sunday,January,Dimanche,Janvier,Domingo,Enero,1,1,2011,20110123,23,1,23,3,2010,2011,Qtr 1,Tháng Giêng,23,1,2,5
Sunday,January,Dimanche,Janvier,Domingo,Enero,1,1,2011,20110130,30,1,30,3,2010,2011,Qtr 1,Tháng Giêng,30,1,2,6
Sunday,January,Dimanche,Janvier,Domingo,Enero,1,1,2012,20120101,1,1,1,3,2011,2012,Qtr 1,Tháng Giêng,1,1,2,1
Sunday,January,Dimanche,Janvier,Domingo,Enero,1,1,2012,20120108,8,1,8,3,2011,2012,Qtr 1,Tháng Giêng,8,1,2,2
Sunday,January,Dimanche,Janvier,Domingo,Enero,1,1,2012,20120115,15,1,15,3,2011,2012,Qtr 1,Tháng Giêng,15,1,2,3
Sunday,January,Dimanche,Janvier,Domingo,Enero,1,1,2012,20120122,22,1,22,3,2011,2012,Qtr 1,Tháng Giêng,22,1,2,4
Sunday,January,Dimanche,Janvier,Domingo,Enero,1,1,2012,20120129,29,1,29,3,2011,2012,Qtr 1,Tháng Giêng,29,1,2,5
Sunday,January,Dimanche,Janvier,Domingo,Enero,1,1,2013,20130106,6,1,6,3,2012,2013,Qtr 1,Tháng Giêng,6,1,2,2
Sunday,January,Dimanche,Janvier,Domingo,Enero,1,1,2013,20130113,13,1,13,3,2012,2013,Qtr 1,Tháng Giêng,13,1,2,3
Sunday,January,Dimanche,Janvier,Domingo,Enero,1,1,2013,20130120,20,1,20,3,2012,2013,Qtr 1,Tháng Giêng,20,1,2,4
Sunday,January,Dimanche,Janvier,Domingo,Enero,1,1,2013,20130127,27,1,27,3,2012,2013,Qtr 1,Tháng Giêng,27,1,2,5
Sunday,January,Dimanche,Janvier,Domingo,Enero,1,1,2014,20140105,5,1,5,3,2013,2014,Qtr 1,Tháng Giêng,5,1,2,2
Sunday,January,Dimanche,Janvier,Domingo,Enero,1,1,2014,20140112,12,1,12,3,2013,2014,Qtr 1,Tháng Giêng,12,1,2,3
Sunday,January,Dimanche,Janvier,Domingo,Enero,1,1,2014,20140119,19,1,19,3,2013,2014,Qtr 1,Tháng Giêng,19,1,2,4
Sunday,January,Dimanche,Janvier,Domingo,Enero,1,1,2014,20140126,26,1,26,3,2013,2014,Qtr 1,Tháng Giêng,26,1,2,5
Sunday,July,Dimanche,Juillet,Domingo,Julio,3,2,2005,20050703,3,1,184,1,2006,2005,Qtr 3,Tháng Bảy,3,7,1,28
Sunday,July,Dimanche,Juillet,Domingo,Julio,3,2,2005,20050710,10,1,191,1,2006,2005,Qtr 3,Tháng Bảy,10,7,1,29
Sunday,July,Dimanche,Juillet,Domingo,Julio,3,2,2005,20050717,17,1,198,1,2006,2005,Qtr 3,Tháng Bảy,17,7,1,30
Sunday,July,Dimanche,Juillet,Domingo,Julio,3,2,2005,20050724,24,1,205,1,2006,2005,Qtr 3,Tháng Bảy,24,7,1,31
Sunday,July,Dimanche,Juillet,Domingo,Julio,3,2,2005,20050731,31,1,212,1,2006,2005,Qtr 3,Tháng Bảy,31,7,1,32
Sunday,July,Dimanche,Juillet,Domingo,Julio,3,2,2006,20060702,2,1,183,1,2007,2006,Qtr 3,Tháng Bảy,2,7,1,27
Sunday,July,Dimanche,Juillet,Domingo,Julio,3,2,2006,20060709,9,1,190,1,2007,2006,Qtr 3,Tháng Bảy,9,7,1,28
Sunday,July,Dimanche,Juillet,Domingo,Julio,3,2,2006,20060716,16,1,197,1,2007,2006,Qtr 3,Tháng Bảy,16,7,1,29
Sunday,July,Dimanche,Juillet,Domingo,Julio,3,2,2006,20060723,23,1,204,1,2007,2006,Qtr 3,Tháng Bảy,23,7,1,30
Sunday,July,Dimanche,Juillet,Domingo,Julio,3,2,2006,20060730,30,1,211,1,2007,2006,Qtr 3,Tháng Bảy,30,7,1,31
Sunday,July,Dimanche,Juillet,Domingo,Julio,3,2,2007,20070701,1,1,182,1,2008,2007,Qtr 3,Tháng Bảy,1,7,1,27
Sunday,July,Dimanche,Juillet,Domingo,Julio,3,2,2007,20070708,8,1,189,1,2008,2007,Qtr 3,Tháng Bảy,8,7,1,28
Sunday,July,Dimanche,Juillet,Domingo,Julio,3,2,2007,20070715,15,1,196,1,2008,2007,Qtr 3,Tháng Bảy,15,7,1,29
Sunday,July,Dimanche,Juillet,Domingo,Julio,3,2,2007,20070722,22,1,203,1,2008,2007,Qtr 3,Tháng Bảy,22,7,1,30
Sunday,July,Dimanche,Juillet,Domingo,Julio,3,2,2007,20070729,29,1,210,1,2008,2007,Qtr 3,Tháng Bảy,29,7,1,31
Sunday,July,Dimanche,Juillet,Domingo,Julio,3,2,2008,20080706,6,1,188,1,2009,2008,Qtr 3,Tháng Bảy,6,7,1,28
Sunday,July,Dimanche,Juillet,Domingo,Julio,3,2,2008,20080713,13,1,195,1,2009,2008,Qtr 3,Tháng Bảy,13,7,1,29
Sunday,July,Dimanche,Juillet,Domingo,Julio,3,2,2008,20080720,20,1,202,1,2009,2008,Qtr 3,Tháng Bảy,20,7,1,30
Sunday,July,Dimanche,Juillet,Domingo,Julio,3,2,2008,20080727,27,1,209,1,2009,2008,Qtr 3,Tháng Bảy,27,7,1,31
Sunday,July,Dimanche,Juillet,Domingo,Julio,3,2,2009,20090705,5,1,186,1,2010,2009,Qtr 3,Tháng Bảy,5,7,1,28
Sunday,July,Dimanche,Juillet,Domingo,Julio,3,2,2009,20090712,12,1,193,1,2010,2009,Qtr 3,Tháng Bảy,12,7,1,29
Sunday,July,Dimanche,Juillet,Domingo,Julio,3,2,2009,20090719,19,1,200,1,2010,2009,Qtr 3,Tháng Bảy,19,7,1,30
Sunday,July,Dimanche,Juillet,Domingo,Julio,3,2,2009,20090726,26,1,207,1,2010,2009,Qtr 3,Tháng Bảy,26,7,1,31
Sunday,July,Dimanche,Juillet,Domingo,Julio,3,2,2010,20100704,4,1,185,1,2011,2010,Qtr 3,Tháng Bảy,4,7,1,28
Sunday,July,Dimanche,Juillet,Domingo,Julio,3,2,2010,20100711,11,1,192,1,2011,2010,Qtr 3,Tháng Bảy,11,7,1,29
Sunday,July,Dimanche,Juillet,Domingo,Julio,3,2,2010,20100718,18,1,199,1,2011,2010,Qtr 3,Tháng Bảy,18,7,1,30
Sunday,July,Dimanche,Juillet,Domingo,Julio,3,2,2010,20100725,25,1,206,1,2011,2010,Qtr 3,Tháng Bảy,25,7,1,31
Sunday,July,Dimanche,Juillet,Domingo,Julio,3,2,2011,20110703,3,1,184,1,2011,2011,Qtr 3,Tháng Bảy,3,7,1,28
Sunday,July,Dimanche,Juillet,Domingo,Julio,3,2,2011,20110710,10,1,191,1,2011,2011,Qtr 3,Tháng Bảy,10,7,1,29
Sunday,July,Dimanche,Juillet,Domingo,Julio,3,2,2011,20110717,17,1,198,1,2011,2011,Qtr 3,Tháng Bảy,17,7,1,30
Sunday,July,Dimanche,Juillet,Domingo,Julio,3,2,2011,20110724,24,1,205,1,2011,2011,Qtr 3,Tháng Bảy,24,7,1,31
Sunday,July,Dimanche,Juillet,Domingo,Julio,3,2,2011,20110731,31,1,212,1,2011,2011,Qtr 3,Tháng Bảy,31,7,1,32
Sunday,July,Dimanche,Juillet,Domingo,Julio,3,2,2012,20120701,1,1,183,1,2012,2012,Qtr 3,Tháng Bảy,1,7,1,27
Sunday,July,Dimanche,Juillet,Domingo,Julio,3,2,2012,20120708,8,1,190,1,2012,2012,Qtr 3,Tháng Bảy,8,7,1,28
Sunday,July,Dimanche,Juillet,Domingo,Julio,3,2,2012,20120715,15,1,197,1,2012,2012,Qtr 3,Tháng Bảy,15,7,1,29
Sunday,July,Dimanche,Juillet,Domingo,Julio,3,2,2012,20120722,22,1,204,1,2012,2012,Qtr 3,Tháng Bảy,22,7,1,30
Sunday,July,Dimanche,Juillet,Domingo,Julio,3,2,2012,20120729,29,1,211,1,2012,2012,Qtr 3,Tháng Bảy,29,7,1,31
Sunday,July,Dimanche,Juillet,Domingo,Julio,3,2,2013,20130707,7,1,188,1,2013,2013,Qtr 3,Tháng Bảy,7,7,1,28
Sunday,July,Dimanche,Juillet,Domingo,Julio,3,2,2013,20130714,14,1,195,1,2013,2013,Qtr 3,Tháng Bảy,14,7,1,29
Sunday,July,Dimanche,Juillet,Domingo,Julio,3,2,2013,20130721,21,1,202,1,2013,2013,Qtr 3,Tháng Bảy,21,7,1,30
Sunday,July,Dimanche,Juillet,Domingo,Julio,3,2,2013,20130728,28,1,209,1,2013,2013,Qtr 3,Tháng Bảy,28,7,1,31
Sunday,July,Dimanche,Juillet,Domingo,Julio,3,2,2014,20140706,6,1,187,1,2014,2014,Qtr 3,Tháng Bảy,6,7,1,28
Sunday,July,Dimanche,Juillet,Domingo,Julio,3,2,2014,20140713,13,1,194,1,2014,2014,Qtr 3,Tháng Bảy,13,7,1,29
Sunday,July,Dimanche,Juillet,Domingo,Julio,3,2,2014,20140720,20,1,201,1,2014,2014,Qtr 3,Tháng Bảy,20,7,1,30
Sunday,July,Dimanche,Juillet,Domingo,Julio,3,2,2014,20140727,27,1,208,1,2014,2014,Qtr 3,Tháng Bảy,27,7,1,31
Sunday,June,Dimanche,Juin,Domingo,Junio,2,1,2005,20050605,5,1,156,4,2005,2005,Qtr 2,Tháng Sáu,5,6,2,24
Sunday,June,Dimanche,Juin,Domingo,Junio,2,1,2005,20050612,12,1,163,4,2005,2005,Qtr 2,Tháng Sáu,12,6,2,25
Sunday,June,Dimanche,Juin,Domingo,Junio,2,1,2005,20050619,19,1,170,4,2005,2005,Qtr 2,Tháng Sáu,19,6,2,26
Sunday,June,Dimanche,Juin,Domingo,Junio,2,1,2005,20050626,26,1,177,4,2005,2005,Qtr 2,Tháng Sáu,26,6,2,27
Sunday,June,Dimanche,Juin,Domingo,Junio,2,1,2006,20060604,4,1,155,4,2006,2006,Qtr 2,Tháng Sáu,4,6,2,23
Sunday,June,Dimanche,Juin,Domingo,Junio,2,1,2006,20060611,11,1,162,4,2006,2006,Qtr 2,Tháng Sáu,11,6,2,24
Sunday,June,Dimanche,Juin,Domingo,Junio,2,1,2006,20060618,18,1,169,4,2006,2006,Qtr 2,Tháng Sáu,18,6,2,25
Sunday,June,Dimanche,Juin,Domingo,Junio,2,1,2006,20060625,25,1,176,4,2006,2006,Qtr 2,Tháng Sáu,25,6,2,26
Sunday,June,Dimanche,Juin,Domingo,Junio,2,1,2007,20070603,3,1,154,4,2007,2007,Qtr 2,Tháng Sáu,3,6,2,23
Sunday,June,Dimanche,Juin,Domingo,Junio,2,1,2007,20070610,10,1,161,4,2007,2007,Qtr 2,Tháng Sáu,10,6,2,24
Sunday,June,Dimanche,Juin,Domingo,Junio,2,1,2007,20070617,17,1,168,4,2007,2007,Qtr 2,Tháng Sáu,17,6,2,25
Sunday,June,Dimanche,Juin,Domingo,Junio,2,1,2007,20070624,24,1,175,4,2007,2007,Qtr 2,Tháng Sáu,24,6,2,26
Sunday,June,Dimanche,Juin,Domingo,Junio,2,1,2008,20080601,1,1,153,4,2008,2008,Qtr 2,Tháng Sáu,1,6,2,23
Sunday,June,Dimanche,Juin,Domingo,Junio,2,1,2008,20080608,8,1,160,4,2008,2008,Qtr 2,Tháng Sáu,8,6,2,24
Sunday,June,Dimanche,Juin,Domingo,Junio,2,1,2008,20080615,15,1,167,4,2008,2008,Qtr 2,Tháng Sáu,15,6,2,25
Sunday,June,Dimanche,Juin,Domingo,Junio,2,1,2008,20080622,22,1,174,4,2008,2008,Qtr 2,Tháng Sáu,22,6,2,26
Sunday,June,Dimanche,Juin,Domingo,Junio,2,1,2008,20080629,29,1,181,4,2008,2008,Qtr 2,Tháng Sáu,29,6,2,27
Sunday,June,Dimanche,Juin,Domingo,Junio,2,1,2009,20090607,7,1,158,4,2009,2009,Qtr 2,Tháng Sáu,7,6,2,24
Sunday,June,Dimanche,Juin,Domingo,Junio,2,1,2009,20090614,14,1,165,4,2009,2009,Qtr 2,Tháng Sáu,14,6,2,25
Sunday,June,Dimanche,Juin,Domingo,Junio,2,1,2009,20090621,21,1,172,4,2009,2009,Qtr 2,Tháng Sáu,21,6,2,26
Sunday,June,Dimanche,Juin,Domingo,Junio,2,1,2009,20090628,28,1,179,4,2009,2009,Qtr 2,Tháng Sáu,28,6,2,27
Sunday,June,Dimanche,Juin,Domingo,Junio,2,1,2010,20100606,6,1,157,4,2010,2010,Qtr 2,Tháng Sáu,6,6,2,24
Sunday,June,Dimanche,Juin,Domingo,Junio,2,1,2010,20100613,13,1,164,4,2010,2010,Qtr 2,Tháng Sáu,13,6,2,25
Sunday,June,Dimanche,Juin,Domingo,Junio,2,1,2010,20100620,20,1,171,4,2010,2010,Qtr 2,Tháng Sáu,20,6,2,26
Sunday,June,Dimanche,Juin,Domingo,Junio,2,1,2010,20100627,27,1,178,4,2010,2010,Qtr 2,Tháng Sáu,27,6,2,27
Sunday,June,Dimanche,Juin,Domingo,Junio,2,1,2011,20110605,5,1,156,4,2010,2011,Qtr 2,Tháng Sáu,5,6,2,24
Sunday,June,Dimanche,Juin,Domingo,Junio,2,1,2011,20110612,12,1,163,4,2010,2011,Qtr 2,Tháng Sáu,12,6,2,25
Sunday,June,Dimanche,Juin,Domingo,Junio,2,1,2011,20110619,19,1,170,4,2010,2011,Qtr 2,Tháng Sáu,19,6,2,26
Sunday,June,Dimanche,Juin,Domingo,Junio,2,1,2011,20110626,26,1,177,4,2010,2011,Qtr 2,Tháng Sáu,26,6,2,27
Sunday,June,Dimanche,Juin,Domingo,Junio,2,1,2012,20120603,3,1,155,4,2011,2012,Qtr 2,Tháng Sáu,3,6,2,23
Sunday,June,Dimanche,Juin,Domingo,Junio,2,1,2012,20120610,10,1,162,4,2011,2012,Qtr 2,Tháng Sáu,10,6,2,24
Sunday,June,Dimanche,Juin,Domingo,Junio,2,1,2012,20120617,17,1,169,4,2011,2012,Qtr 2,Tháng Sáu,17,6,2,25
Sunday,June,Dimanche,Juin,Domingo,Junio,2,1,2012,20120624,24,1,176,4,2011,2012,Qtr 2,Tháng Sáu,24,6,2,26
Sunday,June,Dimanche,Juin,Domingo,Junio,2,1,2013,20130602,2,1,153,4,2012,2013,Qtr 2,Tháng Sáu,2,6,2,23
Sunday,June,Dimanche,Juin,Domingo,Junio,2,1,2013,20130609,9,1,160,4,2012,2013,Qtr 2,Tháng Sáu,9,6,2,24
Sunday,June,Dimanche,Juin,Domingo,Junio,2,1,2013,20130616,16,1,167,4,2012,2013,Qtr 2,Tháng Sáu,16,6,2,25
Sunday,June,Dimanche,Juin,Domingo,Junio,2,1,2013,20130623,23,1,174,4,2012,2013,Qtr 2,Tháng Sáu,23,6,2,26
Sunday,June,Dimanche,Juin,Domingo,Junio,2,1,2013,20130630,30,1,181,4,2012,2013,Qtr 2,Tháng Sáu,30,6,2,27
Sunday,June,Dimanche,Juin,Domingo,Junio,2,1,2014,20140601,1,1,152,4,2013,2014,Qtr 2,Tháng Sáu,1,6,2,23
Sunday,June,Dimanche,Juin,Domingo,Junio,2,1,2014,20140608,8,1,159,4,2013,2014,Qtr 2,Tháng Sáu,8,6,2,24
Sunday,June,Dimanche,Juin,Domingo,Junio,2,1,2014,20140615,15,1,166,4,2013,2014,Qtr 2,Tháng Sáu,15,6,2,25
Sunday,June,Dimanche,Juin,Domingo,Junio,2,1,2014,20140622,22,1,173,4,2013,2014,Qtr 2,Tháng Sáu,22,6,2,26
Sunday,June,Dimanche,Juin,Domingo,Junio,2,1,2014,20140629,29,1,180,4,2013,2014,Qtr 2,Tháng Sáu,29,6,2,27
Sunday,March,Dimanche,Mars,Domingo,Marzo,1,1,2005,20050306,6,1,65,3,2005,2005,Qtr 1,Tháng Ba,6,3,2,11
Sunday,March,Dimanche,Mars,Domingo,Marzo,1,1,2005,20050313,13,1,72,3,2005,2005,Qtr 1,Tháng Ba,13,3,2,12
Sunday,March,Dimanche,Mars,Domingo,Marzo,1,1,2005,20050320,20,1,79,3,2005,2005,Qtr 1,Tháng Ba,20,3,2,13
Sunday,March,Dimanche,Mars,Domingo,Marzo,1,1,2005,20050327,27,1,86,3,2005,2005,Qtr 1,Tháng Ba,27,3,2,14
Sunday,March,Dimanche,Mars,Domingo,Marzo,1,1,2006,20060305,5,1,64,3,2006,2006,Qtr 1,Tháng Ba,5,3,2,10
Sunday,March,Dimanche,Mars,Domingo,Marzo,1,1,2006,20060312,12,1,71,3,2006,2006,Qtr 1,Tháng Ba,12,3,2,11
Sunday,March,Dimanche,Mars,Domingo,Marzo,1,1,2006,20060319,19,1,78,3,2006,2006,Qtr 1,Tháng Ba,19,3,2,12
Sunday,March,Dimanche,Mars,Domingo,Marzo,1,1,2006,20060326,26,1,85,3,2006,2006,Qtr 1,Tháng Ba,26,3,2,13
Sunday,March,Dimanche,Mars,Domingo,Marzo,1,1,2007,20070304,4,1,63,3,2007,2007,Qtr 1,Tháng Ba,4,3,2,10
Sunday,March,Dimanche,Mars,Domingo,Marzo,1,1,2007,20070311,11,1,70,3,2007,2007,Qtr 1,Tháng Ba,11,3,2,11
Sunday,March,Dimanche,Mars,Domingo,Marzo,1,1,2007,20070318,18,1,77,3,2007,2007,Qtr 1,Tháng Ba,18,3,2,12
Sunday,March,Dimanche,Mars,Domingo,Marzo,1,1,2007,20070325,25,1,84,3,2007,2007,Qtr 1,Tháng Ba,25,3,2,13
Sunday,March,Dimanche,Mars,Domingo,Marzo,1,1,2008,20080302,2,1,62,3,2008,2008,Qtr 1,Tháng Ba,2,3,2,10
Sunday,March,Dimanche,Mars,Domingo,Marzo,1,1,2008,20080309,9,1,69,3,2008,2008,Qtr 1,Tháng Ba,9,3,2,11
Sunday,March,Dimanche,Mars,Domingo,Marzo,1,1,2008,20080316,16,1,76,3,2008,2008,Qtr 1,Tháng Ba,16,3,2,12
Sunday,March,Dimanche,Mars,Domingo,Marzo,1,1,2008,20080323,23,1,83,3,2008,2008,Qtr 1,Tháng Ba,23,3,2,13
Sunday,March,Dimanche,Mars,Domingo,Marzo,1,1,2008,20080330,30,1,90,3,2008,2008,Qtr 1,Tháng Ba,30,3,2,14
Sunday,March,Dimanche,Mars,Domingo,Marzo,1,1,2009,20090301,1,1,60,3,2009,2009,Qtr 1,Tháng Ba,1,3,2,10
Sunday,March,Dimanche,Mars,Domingo,Marzo,1,1,2009,20090308,8,1,67,3,2009,2009,Qtr 1,Tháng Ba,8,3,2,11
Sunday,March,Dimanche,Mars,Domingo,Marzo,1,1,2009,20090315,15,1,74,3,2009,2009,Qtr 1,Tháng Ba,15,3,2,12
Sunday,March,Dimanche,Mars,Domingo,Marzo,1,1,2009,20090322,22,1,81,3,2009,2009,Qtr 1,Tháng Ba,22,3,2,13
Sunday,March,Dimanche,Mars,Domingo,Marzo,1,1,2009,20090329,29,1,88,3,2009,2009,Qtr 1,Tháng Ba,29,3,2,14
Sunday,March,Dimanche,Mars,Domingo,Marzo,1,1,2010,20100307,7,1,66,3,2010,2010,Qtr 1,Tháng Ba,7,3,2,11
Sunday,March,Dimanche,Mars,Domingo,Marzo,1,1,2010,20100314,14,1,73,3,2010,2010,Qtr 1,Tháng Ba,14,3,2,12
Sunday,March,Dimanche,Mars,Domingo,Marzo,1,1,2010,20100321,21,1,80,3,2010,2010,Qtr 1,Tháng Ba,21,3,2,13
Sunday,March,Dimanche,Mars,Domingo,Marzo,1,1,2010,20100328,28,1,87,3,2010,2010,Qtr 1,Tháng Ba,28,3,2,14
Sunday,March,Dimanche,Mars,Domingo,Marzo,1,1,2011,20110306,6,1,65,3,2010,2011,Qtr 1,Tháng Ba,6,3,2,11
Sunday,March,Dimanche,Mars,Domingo,Marzo,1,1,2011,20110313,13,1,72,3,2010,2011,Qtr 1,Tháng Ba,13,3,2,12
Sunday,March,Dimanche,Mars,Domingo,Marzo,1,1,2011,20110320,20,1,79,3,2010,2011,Qtr 1,Tháng Ba,20,3,2,13
Sunday,March,Dimanche,Mars,Domingo,Marzo,1,1,2011,20110327,27,1,86,3,2010,2011,Qtr 1,Tháng Ba,27,3,2,14
Sunday,March,Dimanche,Mars,Domingo,Marzo,1,1,2012,20120304,4,1,64,3,2011,2012,Qtr 1,Tháng Ba,4,3,2,10
Sunday,March,Dimanche,Mars,Domingo,Marzo,1,1,2012,20120311,11,1,71,3,2011,2012,Qtr 1,Tháng Ba,11,3,2,11
Sunday,March,Dimanche,Mars,Domingo,Marzo,1,1,2012,20120318,18,1,78,3,2011,2012,Qtr 1,Tháng Ba,18,3,2,12
Sunday,March,Dimanche,Mars,Domingo,Marzo,1,1,2012,20120325,25,1,85,3,2011,2012,Qtr 1,Tháng Ba,25,3,2,13
Sunday,March,Dimanche,Mars,Domingo,Marzo,1,1,2013,20130303,3,1,62,3,2012,2013,Qtr 1,Tháng Ba,3,3,2,10
Sunday,March,Dimanche,Mars,Domingo,Marzo,1,1,2013,20130310,10,1,69,3,2012,2013,Qtr 1,Tháng Ba,10,3,2,11
Sunday,March,Dimanche,Mars,Domingo,Marzo,1,1,2013,20130317,17,1,76,3,2012,2013,Qtr 1,Tháng Ba,17,3,2,12
Sunday,March,Dimanche,Mars,Domingo,Marzo,1,1,2013,20130324,24,1,83,3,2012,2013,Qtr 1,Tháng Ba,24,3,2,13
Sunday,March,Dimanche,Mars,Domingo,Marzo,1,1,2013,20130331,31,1,90,3,2012,2013,Qtr 1,Tháng Ba,31,3,2,14
Sunday,March,Dimanche,Mars,Domingo,Marzo,1,1,2014,20140302,2,1,61,3,2013,2014,Qtr 1,Tháng Ba,2,3,2,10
Sunday,March,Dimanche,Mars,Domingo,Marzo,1,1,2014,20140309,9,1,68,3,2013,2014,Qtr 1,Tháng Ba,9,3,2,11
Sunday,March,Dimanche,Mars,Domingo,Marzo,1,1,2014,20140316,16,1,75,3,2013,2014,Qtr 1,Tháng Ba,16,3,2,12
Sunday,March,Dimanche,Mars,Domingo,Marzo,1,1,2014,20140323,23,1,82,3,2013,2014,Qtr 1,Tháng Ba,23,3,2,13
Sunday,March,Dimanche,Mars,Domingo,Marzo,1,1,2014,20140330,30,1,89,3,2013,2014,Qtr 1,Tháng Ba,30,3,2,14
Sunday,May,Dimanche,Mai,Domingo,Mayo,2,1,2005,20050501,1,1,121,4,2005,2005,Qtr 2,Tháng Năm,1,5,2,19
Sunday,May,Dimanche,Mai,Domingo,Mayo,2,1,2005,20050508,8,1,128,4,2005,2005,Qtr 2,Tháng Năm,8,5,2,20
Sunday,May,Dimanche,Mai,Domingo,Mayo,2,1,2005,20050515,15,1,135,4,2005,2005,Qtr 2,Tháng Năm,15,5,2,21
Sunday,May,Dimanche,Mai,Domingo,Mayo,2,1,2005,20050522,22,1,142,4,2005,2005,Qtr 2,Tháng Năm,22,5,2,22
Sunday,May,Dimanche,Mai,Domingo,Mayo,2,1,2005,20050529,29,1,149,4,2005,2005,Qtr 2,Tháng Năm,29,5,2,23
Sunday,May,Dimanche,Mai,Domingo,Mayo,2,1,2006,20060507,7,1,127,4,2006,2006,Qtr 2,Tháng Năm,7,5,2,19
Sunday,May,Dimanche,Mai,Domingo,Mayo,2,1,2006,20060514,14,1,134,4,2006,2006,Qtr 2,Tháng Năm,14,5,2,20
Sunday,May,Dimanche,Mai,Domingo,Mayo,2,1,2006,20060521,21,1,141,4,2006,2006,Qtr 2,Tháng Năm,21,5,2,21
Sunday,May,Dimanche,Mai,Domingo,Mayo,2,1,2006,20060528,28,1,148,4,2006,2006,Qtr 2,Tháng Năm,28,5,2,22
Sunday,May,Dimanche,Mai,Domingo,Mayo,2,1,2007,20070506,6,1,126,4,2007,2007,Qtr 2,Tháng Năm,6,5,2,19
Sunday,May,Dimanche,Mai,Domingo,Mayo,2,1,2007,20070513,13,1,133,4,2007,2007,Qtr 2,Tháng Năm,13,5,2,20
Sunday,May,Dimanche,Mai,Domingo,Mayo,2,1,2007,20070520,20,1,140,4,2007,2007,Qtr 2,Tháng Năm,20,5,2,21
Sunday,May,Dimanche,Mai,Domingo,Mayo,2,1,2007,20070527,27,1,147,4,2007,2007,Qtr 2,Tháng Năm,27,5,2,22
Sunday,May,Dimanche,Mai,Domingo,Mayo,2,1,2008,20080504,4,1,125,4,2008,2008,Qtr 2,Tháng Năm,4,5,2,19
Sunday,May,Dimanche,Mai,Domingo,Mayo,2,1,2008,20080511,11,1,132,4,2008,2008,Qtr 2,Tháng Năm,11,5,2,20
Sunday,May,Dimanche,Mai,Domingo,Mayo,2,1,2008,20080518,18,1,139,4,2008,2008,Qtr 2,Tháng Năm,18,5,2,21
Sunday,May,Dimanche,Mai,Domingo,Mayo,2,1,2008,20080525,25,1,146,4,2008,2008,Qtr 2,Tháng Năm,25,5,2,22
Sunday,May,Dimanche,Mai,Domingo,Mayo,2,1,2009,20090503,3,1,123,4,2009,2009,Qtr 2,Tháng Năm,3,5,2,19
Sunday,May,Dimanche,Mai,Domingo,Mayo,2,1,2009,20090510,10,1,130,4,2009,2009,Qtr 2,Tháng Năm,10,5,2,20
Sunday,May,Dimanche,Mai,Domingo,Mayo,2,1,2009,20090517,17,1,137,4,2009,2009,Qtr 2,Tháng Năm,17,5,2,21
Sunday,May,Dimanche,Mai,Domingo,Mayo,2,1,2009,20090524,24,1,144,4,2009,2009,Qtr 2,Tháng Năm,24,5,2,22
Sunday,May,Dimanche,Mai,Domingo,Mayo,2,1,2009,20090531,31,1,151,4,2009,2009,Qtr 2,Tháng Năm,31,5,2,23
Sunday,May,Dimanche,Mai,Domingo,Mayo,2,1,2010,20100502,2,1,122,4,2010,2010,Qtr 2,Tháng Năm,2,5,2,19
Sunday,May,Dimanche,Mai,Domingo,Mayo,2,1,2010,20100509,9,1,129,4,2010,2010,Qtr 2,Tháng Năm,9,5,2,20
Sunday,May,Dimanche,Mai,Domingo,Mayo,2,1,2010,20100516,16,1,136,4,2010,2010,Qtr 2,Tháng Năm,16,5,2,21
Sunday,May,Dimanche,Mai,Domingo,Mayo,2,1,2010,20100523,23,1,143,4,2010,2010,Qtr 2,Tháng Năm,23,5,2,22
Sunday,May,Dimanche,Mai,Domingo,Mayo,2,1,2010,20100530,30,1,150,4,2010,2010,Qtr 2,Tháng Năm,30,5,2,23
Sunday,May,Dimanche,Mai,Domingo,Mayo,2,1,2011,20110501,1,1,121,4,2010,2011,Qtr 2,Tháng Năm,1,5,2,19
Sunday,May,Dimanche,Mai,Domingo,Mayo,2,1,2011,20110508,8,1,128,4,2010,2011,Qtr 2,Tháng Năm,8,5,2,20
Sunday,May,Dimanche,Mai,Domingo,Mayo,2,1,2011,20110515,15,1,135,4,2010,2011,Qtr 2,Tháng Năm,15,5,2,21
Sunday,May,Dimanche,Mai,Domingo,Mayo,2,1,2011,20110522,22,1,142,4,2010,2011,Qtr 2,Tháng Năm,22,5,2,22
Sunday,May,Dimanche,Mai,Domingo,Mayo,2,1,2011,20110529,29,1,149,4,2010,2011,Qtr 2,Tháng Năm,29,5,2,23
Sunday,May,Dimanche,Mai,Domingo,Mayo,2,1,2012,20120506,6,1,127,4,2011,2012,Qtr 2,Tháng Năm,6,5,2,19
Sunday,May,Dimanche,Mai,Domingo,Mayo,2,1,2012,20120513,13,1,134,4,2011,2012,Qtr 2,Tháng Năm,13,5,2,20
Sunday,May,Dimanche,Mai,Domingo,Mayo,2,1,2012,20120520,20,1,141,4,2011,2012,Qtr 2,Tháng Năm,20,5,2,21
Sunday,May,Dimanche,Mai,Domingo,Mayo,2,1,2012,20120527,27,1,148,4,2011,2012,Qtr 2,Tháng Năm,27,5,2,22
Sunday,May,Dimanche,Mai,Domingo,Mayo,2,1,2013,20130505,5,1,125,4,2012,2013,Qtr 2,Tháng Năm,5,5,2,19
Sunday,May,Dimanche,Mai,Domingo,Mayo,2,1,2013,20130512,12,1,132,4,2012,2013,Qtr 2,Tháng Năm,12,5,2,20
Sunday,May,Dimanche,Mai,Domingo,Mayo,2,1,2013,20130519,19,1,139,4,2012,2013,Qtr 2,Tháng Năm,19,5,2,21
Sunday,May,Dimanche,Mai,Domingo,Mayo,2,1,2013,20130526,26,1,146,4,2012,2013,Qtr 2,Tháng Năm,26,5,2,22
Sunday,May,Dimanche,Mai,Domingo,Mayo,2,1,2014,20140504,4,1,124,4,2013,2014,Qtr 2,Tháng Năm,4,5,2,19
Sunday,May,Dimanche,Mai,Domingo,Mayo,2,1,2014,20140511,11,1,131,4,2013,2014,Qtr 2,Tháng Năm,11,5,2,20
Sunday,May,Dimanche,Mai,Domingo,Mayo,2,1,2014,20140518,18,1,138,4,2013,2014,Qtr 2,Tháng Năm,18,5,2,21
Sunday,May,Dimanche,Mai,Domingo,Mayo,2,1,2014,20140525,25,1,145,4,2013,2014,Qtr 2,Tháng Năm,25,5,2,22
Sunday,November,Dimanche,Novembre,Domingo,Noviembre,4,2,2005,20051106,6,1,310,2,2006,2005,Qtr 4,Tháng Mười Một,6,11,1,46
Sunday,November,Dimanche,Novembre,Domingo,Noviembre,4,2,2005,20051113,13,1,317,2,2006,2005,Qtr 4,Tháng Mười Một,13,11,1,47
Sunday,November,Dimanche,Novembre,Domingo,Noviembre,4,2,2005,20051120,20,1,324,2,2006,2005,Qtr 4,Tháng Mười Một,20,11,1,48
Sunday,November,Dimanche,Novembre,Domingo,Noviembre,4,2,2005,20051127,27,1,331,2,2006,2005,Qtr 4,Tháng Mười Một,27,11,1,49
Sunday,November,Dimanche,Novembre,Domingo,Noviembre,4,2,2006,20061105,5,1,309,2,2007,2006,Qtr 4,Tháng Mười Một,5,11,1,45
Sunday,November,Dimanche,Novembre,Domingo,Noviembre,4,2,2006,20061112,12,1,316,2,2007,2006,Qtr 4,Tháng Mười Một,12,11,1,46
Sunday,November,Dimanche,Novembre,Domingo,Noviembre,4,2,2006,20061119,19,1,323,2,2007,2006,Qtr 4,Tháng Mười Một,19,11,1,47
Sunday,November,Dimanche,Novembre,Domingo,Noviembre,4,2,2006,20061126,26,1,330,2,2007,2006,Qtr 4,Tháng Mười Một,26,11,1,48
Sunday,November,Dimanche,Novembre,Domingo,Noviembre,4,2,2007,20071104,4,1,308,2,2008,2007,Qtr 4,Tháng Mười Một,4,11,1,45
Sunday,November,Dimanche,Novembre,Domingo,Noviembre,4,2,2007,20071111,11,1,315,2,2008,2007,Qtr 4,Tháng Mười Một,11,11,1,46
Sunday,November,Dimanche,Novembre,Domingo,Noviembre,4,2,2007,20071118,18,1,322,2,2008,2007,Qtr 4,Tháng Mười Một,18,11,1,47
Sunday,November,Dimanche,Novembre,Domingo,Noviembre,4,2,2007,20071125,25,1,329,2,2008,2007,Qtr 4,Tháng Mười Một,25,11,1,48
Sunday,November,Dimanche,Novembre,Domingo,Noviembre,4,2,2008,20081102,2,1,307,2,2009,2008,Qtr 4,Tháng Mười Một,2,11,1,45
Sunday,November,Dimanche,Novembre,Domingo,Noviembre,4,2,2008,20081109,9,1,314,2,2009,2008,Qtr 4,Tháng Mười Một,9,11,1,46
Sunday,November,Dimanche,Novembre,Domingo,Noviembre,4,2,2008,20081116,16,1,321,2,2009,2008,Qtr 4,Tháng Mười Một,16,11,1,47
Sunday,November,Dimanche,Novembre,Domingo,Noviembre,4,2,2008,20081123,23,1,328,2,2009,2008,Qtr 4,Tháng Mười Một,23,11,1,48
Sunday,November,Dimanche,Novembre,Domingo,Noviembre,4,2,2008,20081130,30,1,335,2,2009,2008,Qtr 4,Tháng Mười Một,30,11,1,49
Sunday,November,Dimanche,Novembre,Domingo,Noviembre,4,2,2009,20091101,1,1,305,2,2010,2009,Qtr 4,Tháng Mười Một,1,11,1,45
Sunday,November,Dimanche,Novembre,Domingo,Noviembre,4,2,2009,20091108,8,1,312,2,2010,2009,Qtr 4,Tháng Mười Một,8,11,1,46
Sunday,November,Dimanche,Novembre,Domingo,Noviembre,4,2,2009,20091115,15,1,319,2,2010,2009,Qtr 4,Tháng Mười Một,15,11,1,47
Sunday,November,Dimanche,Novembre,Domingo,Noviembre,4,2,2009,20091122,22,1,326,2,2010,2009,Qtr 4,Tháng Mười Một,22,11,1,48
Sunday,November,Dimanche,Novembre,Domingo,Noviembre,4,2,2009,20091129,29,1,333,2,2010,2009,Qtr 4,Tháng Mười Một,29,11,1,49
Sunday,November,Dimanche,Novembre,Domingo,Noviembre,4,2,2010,20101107,7,1,311,2,2011,2010,Qtr 4,Tháng Mười Một,7,11,1,46
Sunday,November,Dimanche,Novembre,Domingo,Noviembre,4,2,2010,20101114,14,1,318,2,2011,2010,Qtr 4,Tháng Mười Một,14,11,1,47
Sunday,November,Dimanche,Novembre,Domingo,Noviembre,4,2,2010,20101121,21,1,325,2,2011,2010,Qtr 4,Tháng Mười Một,21,11,1,48
Sunday,November,Dimanche,Novembre,Domingo,Noviembre,4,2,2010,20101128,28,1,332,2,2011,2010,Qtr 4,Tháng Mười Một,28,11,1,49
Sunday,November,Dimanche,Novembre,Domingo,Noviembre,4,2,2011,20111106,6,1,310,2,2011,2011,Qtr 4,Tháng Mười Một,6,11,1,46
Sunday,November,Dimanche,Novembre,Domingo,Noviembre,4,2,2011,20111113,13,1,317,2,2011,2011,Qtr 4,Tháng Mười Một,13,11,1,47
Sunday,November,Dimanche,Novembre,Domingo,Noviembre,4,2,2011,20111120,20,1,324,2,2011,2011,Qtr 4,Tháng Mười Một,20,11,1,48
Sunday,November,Dimanche,Novembre,Domingo,Noviembre,4,2,2011,20111127,27,1,331,2,2011,2011,Qtr 4,Tháng Mười Một,27,11,1,49
Sunday,November,Dimanche,Novembre,Domingo,Noviembre,4,2,2012,20121104,4,1,309,2,2012,2012,Qtr 4,Tháng Mười Một,4,11,1,45
Sunday,November,Dimanche,Novembre,Domingo,Noviembre,4,2,2012,20121111,11,1,316,2,2012,2012,Qtr 4,Tháng Mười Một,11,11,1,46
Sunday,November,Dimanche,Novembre,Domingo,Noviembre,4,2,2012,20121118,18,1,323,2,2012,2012,Qtr 4,Tháng Mười Một,18,11,1,47
Sunday,November,Dimanche,Novembre,Domingo,Noviembre,4,2,2012,20121125,25,1,330,2,2012,2012,Qtr 4,Tháng Mười Một,25,11,1,48
Sunday,November,Dimanche,Novembre,Domingo,Noviembre,4,2,2013,20131103,3,1,307,2,2013,2013,Qtr 4,Tháng Mười Một,3,11,1,45
Sunday,November,Dimanche,Novembre,Domingo,Noviembre,4,2,2013,20131110,10,1,314,2,2013,2013,Qtr 4,Tháng Mười Một,10,11,1,46
Sunday,November,Dimanche,Novembre,Domingo,Noviembre,4,2,2013,20131117,17,1,321,2,2013,2013,Qtr 4,Tháng Mười Một,17,11,1,47
Sunday,November,Dimanche,Novembre,Domingo,Noviembre,4,2,2013,20131124,24,1,328,2,2013,2013,Qtr 4,Tháng Mười Một,24,11,1,48
Sunday,November,Dimanche,Novembre,Domingo,Noviembre,4,2,2014,20141102,2,1,306,2,2014,2014,Qtr 4,Tháng Mười Một,2,11,1,45
Sunday,November,Dimanche,Novembre,Domingo,Noviembre,4,2,2014,20141109,9,1,313,2,2014,2014,Qtr 4,Tháng Mười Một,9,11,1,46
Sunday,November,Dimanche,Novembre,Domingo,Noviembre,4,2,2014,20141116,16,1,320,2,2014,2014,Qtr 4,Tháng Mười Một,16,11,1,47
Sunday,November,Dimanche,Novembre,Domingo,Noviembre,4,2,2014,20141123,23,1,327,2,2014,2014,Qtr 4,Tháng Mười Một,23,11,1,48
Sunday,November,Dimanche,Novembre,Domingo,Noviembre,4,2,2014,20141130,30,1,334,2,2014,2014,Qtr 4,Tháng Mười Một,30,11,1,49
Sunday,October,Dimanche,Octobre,Domingo,Octubre,4,2,2005,20051002,2,1,275,2,2006,2005,Qtr 4,Tháng Mười,2,10,1,41
Sunday,October,Dimanche,Octobre,Domingo,Octubre,4,2,2005,20051009,9,1,282,2,2006,2005,Qtr 4,Tháng Mười,9,10,1,42
Sunday,October,Dimanche,Octobre,Domingo,Octubre,4,2,2005,20051016,16,1,289,2,2006,2005,Qtr 4,Tháng Mười,16,10,1,43
Sunday,October,Dimanche,Octobre,Domingo,Octubre,4,2,2005,20051023,23,1,296,2,2006,2005,Qtr 4,Tháng Mười,23,10,1,44
Sunday,October,Dimanche,Octobre,Domingo,Octubre,4,2,2005,20051030,30,1,303,2,2006,2005,Qtr 4,Tháng Mười,30,10,1,45
Sunday,October,Dimanche,Octobre,Domingo,Octubre,4,2,2006,20061001,1,1,274,2,2007,2006,Qtr 4,Tháng Mười,1,10,1,40
Sunday,October,Dimanche,Octobre,Domingo,Octubre,4,2,2006,20061008,8,1,281,2,2007,2006,Qtr 4,Tháng Mười,8,10,1,41
Sunday,October,Dimanche,Octobre,Domingo,Octubre,4,2,2006,20061015,15,1,288,2,2007,2006,Qtr 4,Tháng Mười,15,10,1,42
Sunday,October,Dimanche,Octobre,Domingo,Octubre,4,2,2006,20061022,22,1,295,2,2007,2006,Qtr 4,Tháng Mười,22,10,1,43
Sunday,October,Dimanche,Octobre,Domingo,Octubre,4,2,2006,20061029,29,1,302,2,2007,2006,Qtr 4,Tháng Mười,29,10,1,44
Sunday,October,Dimanche,Octobre,Domingo,Octubre,4,2,2007,20071007,7,1,280,2,2008,2007,Qtr 4,Tháng Mười,7,10,1,41
Sunday,October,Dimanche,Octobre,Domingo,Octubre,4,2,2007,20071014,14,1,287,2,2008,2007,Qtr 4,Tháng Mười,14,10,1,42
Sunday,October,Dimanche,Octobre,Domingo,Octubre,4,2,2007,20071021,21,1,294,2,2008,2007,Qtr 4,Tháng Mười,21,10,1,43
Sunday,October,Dimanche,Octobre,Domingo,Octubre,4,2,2007,20071028,28,1,301,2,2008,2007,Qtr 4,Tháng Mười,28,10,1,44
Sunday,October,Dimanche,Octobre,Domingo,Octubre,4,2,2008,20081005,5,1,279,2,2009,2008,Qtr 4,Tháng Mười,5,10,1,41
Sunday,October,Dimanche,Octobre,Domingo,Octubre,4,2,2008,20081012,12,1,286,2,2009,2008,Qtr 4,Tháng Mười,12,10,1,42
Sunday,October,Dimanche,Octobre,Domingo,Octubre,4,2,2008,20081019,19,1,293,2,2009,2008,Qtr 4,Tháng Mười,19,10,1,43
Sunday,October,Dimanche,Octobre,Domingo,Octubre,4,2,2008,20081026,26,1,300,2,2009,2008,Qtr 4,Tháng Mười,26,10,1,44
Sunday,October,Dimanche,Octobre,Domingo,Octubre,4,2,2009,20091004,4,1,277,2,2010,2009,Qtr 4,Tháng Mười,4,10,1,41
Sunday,October,Dimanche,Octobre,Domingo,Octubre,4,2,2009,20091011,11,1,284,2,2010,2009,Qtr 4,Tháng Mười,11,10,1,42
Sunday,October,Dimanche,Octobre,Domingo,Octubre,4,2,2009,20091018,18,1,291,2,2010,2009,Qtr 4,Tháng Mười,18,10,1,43
Sunday,October,Dimanche,Octobre,Domingo,Octubre,4,2,2009,20091025,25,1,298,2,2010,2009,Qtr 4,Tháng Mười,25,10,1,44
Sunday,October,Dimanche,Octobre,Domingo,Octubre,4,2,2010,20101003,3,1,276,2,2011,2010,Qtr 4,Tháng Mười,3,10,1,41
Sunday,October,Dimanche,Octobre,Domingo,Octubre,4,2,2010,20101010,10,1,283,2,2011,2010,Qtr 4,Tháng Mười,10,10,1,42
Sunday,October,Dimanche,Octobre,Domingo,Octubre,4,2,2010,20101017,17,1,290,2,2011,2010,Qtr 4,Tháng Mười,17,10,1,43
Sunday,October,Dimanche,Octobre,Domingo,Octubre,4,2,2010,20101024,24,1,297,2,2011,2010,Qtr 4,Tháng Mười,24,10,1,44
Sunday,October,Dimanche,Octobre,Domingo,Octubre,4,2,2010,20101031,31,1,304,2,2011,2010,Qtr 4,Tháng Mười,31,10,1,45
Sunday,October,Dimanche,Octobre,Domingo,Octubre,4,2,2011,20111002,2,1,275,2,2011,2011,Qtr 4,Tháng Mười,2,10,1,41
Sunday,October,Dimanche,Octobre,Domingo,Octubre,4,2,2011,20111009,9,1,282,2,2011,2011,Qtr 4,Tháng Mười,9,10,1,42
Sunday,October,Dimanche,Octobre,Domingo,Octubre,4,2,2011,20111016,16,1,289,2,2011,2011,Qtr 4,Tháng Mười,16,10,1,43
Sunday,October,Dimanche,Octobre,Domingo,Octubre,4,2,2011,20111023,23,1,296,2,2011,2011,Qtr 4,Tháng Mười,23,10,1,44
Sunday,October,Dimanche,Octobre,Domingo,Octubre,4,2,2011,20111030,30,1,303,2,2011,2011,Qtr 4,Tháng Mười,30,10,1,45
Sunday,October,Dimanche,Octobre,Domingo,Octubre,4,2,2012,20121007,7,1,281,2,2012,2012,Qtr 4,Tháng Mười,7,10,1,41
Sunday,October,Dimanche,Octobre,Domingo,Octubre,4,2,2012,20121014,14,1,288,2,2012,2012,Qtr 4,Tháng Mười,14,10,1,42
Sunday,October,Dimanche,Octobre,Domingo,Octubre,4,2,2012,20121021,21,1,295,2,2012,2012,Qtr 4,Tháng Mười,21,10,1,43
Sunday,October,Dimanche,Octobre,Domingo,Octubre,4,2,2012,20121028,28,1,302,2,2012,2012,Qtr 4,Tháng Mười,28,10,1,44
Sunday,October,Dimanche,Octobre,Domingo,Octubre,4,2,2013,20131006,6,1,279,2,2013,2013,Qtr 4,Tháng Mười,6,10,1,41
Sunday,October,Dimanche,Octobre,Domingo,Octubre,4,2,2013,20131013,13,1,286,2,2013,2013,Qtr 4,Tháng Mười,13,10,1,42
Sunday,October,Dimanche,Octobre,Domingo,Octubre,4,2,2013,20131020,20,1,293,2,2013,2013,Qtr 4,Tháng Mười,20,10,1,43
Sunday,October,Dimanche,Octobre,Domingo,Octubre,4,2,2013,20131027,27,1,300,2,2013,2013,Qtr 4,Tháng Mười,27,10,1,44
Sunday,October,Dimanche,Octobre,Domingo,Octubre,4,2,2014,20141005,5,1,278,2,2014,2014,Qtr 4,Tháng Mười,5,10,1,41
Sunday,October,Dimanche,Octobre,Domingo,Octubre,4,2,2014,20141012,12,1,285,2,2014,2014,Qtr 4,Tháng Mười,12,10,1,42
Sunday,October,Dimanche,Octobre,Domingo,Octubre,4,2,2014,20141019,19,1,292,2,2014,2014,Qtr 4,Tháng Mười,19,10,1,43
Sunday,October,Dimanche,Octobre,Domingo,Octubre,4,2,2014,20141026,26,1,299,2,2014,2014,Qtr 4,Tháng Mười,26,10,1,44
Sunday,September,Dimanche,Septembre,Domingo,Septiembre,3,2,2005,20050904,4,1,247,1,2006,2005,Qtr 3,Tháng Chín,4,9,1,37
Sunday,September,Dimanche,Septembre,Domingo,Septiembre,3,2,2005,20050911,11,1,254,1,2006,2005,Qtr 3,Tháng Chín,11,9,1,38
Sunday,September,Dimanche,Septembre,Domingo,Septiembre,3,2,2005,20050918,18,1,261,1,2006,2005,Qtr 3,Tháng Chín,18,9,1,39
Sunday,September,Dimanche,Septembre,Domingo,Septiembre,3,2,2005,20050925,25,1,268,1,2006,2005,Qtr 3,Tháng Chín,25,9,1,40
Sunday,September,Dimanche,Septembre,Domingo,Septiembre,3,2,2006,20060903,3,1,246,1,2007,2006,Qtr 3,Tháng Chín,3,9,1,36
Sunday,September,Dimanche,Septembre,Domingo,Septiembre,3,2,2006,20060910,10,1,253,1,2007,2006,Qtr 3,Tháng Chín,10,9,1,37
Sunday,September,Dimanche,Septembre,Domingo,Septiembre,3,2,2006,20060917,17,1,260,1,2007,2006,Qtr 3,Tháng Chín,17,9,1,38
Sunday,September,Dimanche,Septembre,Domingo,Septiembre,3,2,2006,20060924,24,1,267,1,2007,2006,Qtr 3,Tháng Chín,24,9,1,39
Sunday,September,Dimanche,Septembre,Domingo,Septiembre,3,2,2007,20070902,2,1,245,1,2008,2007,Qtr 3,Tháng Chín,2,9,1,36
Sunday,September,Dimanche,Septembre,Domingo,Septiembre,3,2,2007,20070909,9,1,252,1,2008,2007,Qtr 3,Tháng Chín,9,9,1,37
Sunday,September,Dimanche,Septembre,Domingo,Septiembre,3,2,2007,20070916,16,1,259,1,2008,2007,Qtr 3,Tháng Chín,16,9,1,38
Sunday,September,Dimanche,Septembre,Domingo,Septiembre,3,2,2007,20070923,23,1,266,1,2008,2007,Qtr 3,Tháng Chín,23,9,1,39
Sunday,September,Dimanche,Septembre,Domingo,Septiembre,3,2,2007,20070930,30,1,273,1,2008,2007,Qtr 3,Tháng Chín,30,9,1,40
Sunday,September,Dimanche,Septembre,Domingo,Septiembre,3,2,2008,20080907,7,1,251,1,2009,2008,Qtr 3,Tháng Chín,7,9,1,37
Sunday,September,Dimanche,Septembre,Domingo,Septiembre,3,2,2008,20080914,14,1,258,1,2009,2008,Qtr 3,Tháng Chín,14,9,1,38
Sunday,September,Dimanche,Septembre,Domingo,Septiembre,3,2,2008,20080921,21,1,265,1,2009,2008,Qtr 3,Tháng Chín,21,9,1,39
Sunday,September,Dimanche,Septembre,Domingo,Septiembre,3,2,2008,20080928,28,1,272,1,2009,2008,Qtr 3,Tháng Chín,28,9,1,40
Sunday,September,Dimanche,Septembre,Domingo,Septiembre,3,2,2009,20090906,6,1,249,1,2010,2009,Qtr 3,Tháng Chín,6,9,1,37
Sunday,September,Dimanche,Septembre,Domingo,Septiembre,3,2,2009,20090913,13,1,256,1,2010,2009,Qtr 3,Tháng Chín,13,9,1,38
Sunday,September,Dimanche,Septembre,Domingo,Septiembre,3,2,2009,20090920,20,1,263,1,2010,2009,Qtr 3,Tháng Chín,20,9,1,39
Sunday,September,Dimanche,Septembre,Domingo,Septiembre,3,2,2009,20090927,27,1,270,1,2010,2009,Qtr 3,Tháng Chín,27,9,1,40
Sunday,September,Dimanche,Septembre,Domingo,Septiembre,3,2,2010,20100905,5,1,248,1,2011,2010,Qtr 3,Tháng Chín,5,9,1,37
Sunday,September,Dimanche,Septembre,Domingo,Septiembre,3,2,2010,20100912,12,1,255,1,2011,2010,Qtr 3,Tháng Chín,12,9,1,38
Sunday,September,Dimanche,Septembre,Domingo,Septiembre,3,2,2010,20100919,19,1,262,1,2011,2010,Qtr 3,Tháng Chín,19,9,1,39
Sunday,September,Dimanche,Septembre,Domingo,Septiembre,3,2,2010,20100926,26,1,269,1,2011,2010,Qtr 3,Tháng Chín,26,9,1,40
Sunday,September,Dimanche,Septembre,Domingo,Septiembre,3,2,2011,20110904,4,1,247,1,2011,2011,Qtr 3,Tháng Chín,4,9,1,37
Sunday,September,Dimanche,Septembre,Domingo,Septiembre,3,2,2011,20110911,11,1,254,1,2011,2011,Qtr 3,Tháng Chín,11,9,1,38
Sunday,September,Dimanche,Septembre,Domingo,Septiembre,3,2,2011,20110918,18,1,261,1,2011,2011,Qtr 3,Tháng Chín,18,9,1,39
Sunday,September,Dimanche,Septembre,Domingo,Septiembre,3,2,2011,20110925,25,1,268,1,2011,2011,Qtr 3,Tháng Chín,25,9,1,40
Sunday,September,Dimanche,Septembre,Domingo,Septiembre,3,2,2012,20120902,2,1,246,1,2012,2012,Qtr 3,Tháng Chín,2,9,1,36
Sunday,September,Dimanche,Septembre,Domingo,Septiembre,3,2,2012,20120909,9,1,253,1,2012,2012,Qtr 3,Tháng Chín,9,9,1,37
Sunday,September,Dimanche,Septembre,Domingo,Septiembre,3,2,2012,20120916,16,1,260,1,2012,2012,Qtr 3,Tháng Chín,16,9,1,38
Sunday,September,Dimanche,Septembre,Domingo,Septiembre,3,2,2012,20120923,23,1,267,1,2012,2012,Qtr 3,Tháng Chín,23,9,1,39
Sunday,September,Dimanche,Septembre,Domingo,Septiembre,3,2,2012,20120930,30,1,274,1,2012,2012,Qtr 3,Tháng Chín,30,9,1,40
Sunday,September,Dimanche,Septembre,Domingo,Septiembre,3,2,2013,20130901,1,1,244,1,2013,2013,Qtr 3,Tháng Chín,1,9,1,36
Sunday,September,Dimanche,Septembre,Domingo,Septiembre,3,2,2013,20130908,8,1,251,1,2013,2013,Qtr 3,Tháng Chín,8,9,1,37
Sunday,September,Dimanche,Septembre,Domingo,Septiembre,3,2,2013,20130915,15,1,258,1,2013,2013,Qtr 3,Tháng Chín,15,9,1,38
Sunday,September,Dimanche,Septembre,Domingo,Septiembre,3,2,2013,20130922,22,1,265,1,2013,2013,Qtr 3,Tháng Chín,22,9,1,39
Sunday,September,Dimanche,Septembre,Domingo,Septiembre,3,2,2013,20130929,29,1,272,1,2013,2013,Qtr 3,Tháng Chín,29,9,1,40
Sunday,September,Dimanche,Septembre,Domingo,Septiembre,3,2,2014,20140907,7,1,250,1,2014,2014,Qtr 3,Tháng Chín,7,9,1,37
Sunday,September,Dimanche,Septembre,Domingo,Septiembre,3,2,2014,20140914,14,1,257,1,2014,2014,Qtr 3,Tháng Chín,14,9,1,38
Sunday,September,Dimanche,Septembre,Domingo,Septiembre,3,2,2014,20140921,21,1,264,1,2014,2014,Qtr 3,Tháng Chín,21,9,1,39
Sunday,September,Dimanche,Septembre,Domingo,Septiembre,3,2,2014,20140928,28,1,271,1,2014,2014,Qtr 3,Tháng Chín,28,9,1,40
Tuesday,April,Mardi,Avril,Martes,Abril,2,1,2005,20050405,5,3,95,4,2005,2005,Qtr 2,Tháng Tư,5,4,2,15
Tuesday,April,Mardi,Avril,Martes,Abril,2,1,2005,20050412,12,3,102,4,2005,2005,Qtr 2,Tháng Tư,12,4,2,16
Tuesday,April,Mardi,Avril,Martes,Abril,2,1,2005,20050419,19,3,109,4,2005,2005,Qtr 2,Tháng Tư,19,4,2,17
Tuesday,April,Mardi,Avril,Martes,Abril,2,1,2005,20050426,26,3,116,4,2005,2005,Qtr 2,Tháng Tư,26,4,2,18
Tuesday,April,Mardi,Avril,Martes,Abril,2,1,2006,20060404,4,3,94,4,2006,2006,Qtr 2,Tháng Tư,4,4,2,14
Tuesday,April,Mardi,Avril,Martes,Abril,2,1,2006,20060411,11,3,101,4,2006,2006,Qtr 2,Tháng Tư,11,4,2,15
Tuesday,April,Mardi,Avril,Martes,Abril,2,1,2006,20060418,18,3,108,4,2006,2006,Qtr 2,Tháng Tư,18,4,2,16
Tuesday,April,Mardi,Avril,Martes,Abril,2,1,2006,20060425,25,3,115,4,2006,2006,Qtr 2,Tháng Tư,25,4,2,17
Tuesday,April,Mardi,Avril,Martes,Abril,2,1,2007,20070403,3,3,93,4,2007,2007,Qtr 2,Tháng Tư,3,4,2,14
Tuesday,April,Mardi,Avril,Martes,Abril,2,1,2007,20070410,10,3,100,4,2007,2007,Qtr 2,Tháng Tư,10,4,2,15
Tuesday,April,Mardi,Avril,Martes,Abril,2,1,2007,20070417,17,3,107,4,2007,2007,Qtr 2,Tháng Tư,17,4,2,16
Tuesday,April,Mardi,Avril,Martes,Abril,2,1,2007,20070424,24,3,114,4,2007,2007,Qtr 2,Tháng Tư,24,4,2,17
Tuesday,April,Mardi,Avril,Martes,Abril,2,1,2008,20080401,1,3,92,4,2008,2008,Qtr 2,Tháng Tư,1,4,2,14
Tuesday,April,Mardi,Avril,Martes,Abril,2,1,2008,20080408,8,3,99,4,2008,2008,Qtr 2,Tháng Tư,8,4,2,15
Tuesday,April,Mardi,Avril,Martes,Abril,2,1,2008,20080415,15,3,106,4,2008,2008,Qtr 2,Tháng Tư,15,4,2,16
Tuesday,April,Mardi,Avril,Martes,Abril,2,1,2008,20080422,22,3,113,4,2008,2008,Qtr 2,Tháng Tư,22,4,2,17
Tuesday,April,Mardi,Avril,Martes,Abril,2,1,2008,20080429,29,3,120,4,2008,2008,Qtr 2,Tháng Tư,29,4,2,18
Tuesday,April,Mardi,Avril,Martes,Abril,2,1,2009,20090407,7,3,97,4,2009,2009,Qtr 2,Tháng Tư,7,4,2,15
Tuesday,April,Mardi,Avril,Martes,Abril,2,1,2009,20090414,14,3,104,4,2009,2009,Qtr 2,Tháng Tư,14,4,2,16
Tuesday,April,Mardi,Avril,Martes,Abril,2,1,2009,20090421,21,3,111,4,2009,2009,Qtr 2,Tháng Tư,21,4,2,17
Tuesday,April,Mardi,Avril,Martes,Abril,2,1,2009,20090428,28,3,118,4,2009,2009,Qtr 2,Tháng Tư,28,4,2,18
Tuesday,April,Mardi,Avril,Martes,Abril,2,1,2010,20100406,6,3,96,4,2010,2010,Qtr 2,Tháng Tư,6,4,2,15
Tuesday,April,Mardi,Avril,Martes,Abril,2,1,2010,20100413,13,3,103,4,2010,2010,Qtr 2,Tháng Tư,13,4,2,16
Tuesday,April,Mardi,Avril,Martes,Abril,2,1,2010,20100420,20,3,110,4,2010,2010,Qtr 2,Tháng Tư,20,4,2,17
Tuesday,April,Mardi,Avril,Martes,Abril,2,1,2010,20100427,27,3,117,4,2010,2010,Qtr 2,Tháng Tư,27,4,2,18
Tuesday,April,Mardi,Avril,Martes,Abril,2,1,2011,20110405,5,3,95,4,2010,2011,Qtr 2,Tháng Tư,5,4,2,15
Tuesday,April,Mardi,Avril,Martes,Abril,2,1,2011,20110412,12,3,102,4,2010,2011,Qtr 2,Tháng Tư,12,4,2,16
Tuesday,April,Mardi,Avril,Martes,Abril,2,1,2011,20110419,19,3,109,4,2010,2011,Qtr 2,Tháng Tư,19,4,2,17
Tuesday,April,Mardi,Avril,Martes,Abril,2,1,2011,20110426,26,3,116,4,2010,2011,Qtr 2,Tháng Tư,26,4,2,18
Tuesday,April,Mardi,Avril,Martes,Abril,2,1,2012,20120403,3,3,94,4,2011,2012,Qtr 2,Tháng Tư,3,4,2,14
Tuesday,April,Mardi,Avril,Martes,Abril,2,1,2012,20120410,10,3,101,4,2011,2012,Qtr 2,Tháng Tư,10,4,2,15
Tuesday,April,Mardi,Avril,Martes,Abril,2,1,2012,20120417,17,3,108,4,2011,2012,Qtr 2,Tháng Tư,17,4,2,16
Tuesday,April,Mardi,Avril,Martes,Abril,2,1,2012,20120424,24,3,115,4,2011,2012,Qtr 2,Tháng Tư,24,4,2,17
Tuesday,April,Mardi,Avril,Martes,Abril,2,1,2013,20130402,2,3,92,4,2012,2013,Qtr 2,Tháng Tư,2,4,2,14
Tuesday,April,Mardi,Avril,Martes,Abril,2,1,2013,20130409,9,3,99,4,2012,2013,Qtr 2,Tháng Tư,9,4,2,15
Tuesday,April,Mardi,Avril,Martes,Abril,2,1,2013,20130416,16,3,106,4,2012,2013,Qtr 2,Tháng Tư,16,4,2,16
Tuesday,April,Mardi,Avril,Martes,Abril,2,1,2013,20130423,23,3,113,4,2012,2013,Qtr 2,Tháng Tư,23,4,2,17
Tuesday,April,Mardi,Avril,Martes,Abril,2,1,2013,20130430,30,3,120,4,2012,2013,Qtr 2,Tháng Tư,30,4,2,18
Tuesday,April,Mardi,Avril,Martes,Abril,2,1,2014,20140401,1,3,91,4,2013,2014,Qtr 2,Tháng Tư,1,4,2,14
Tuesday,April,Mardi,Avril,Martes,Abril,2,1,2014,20140408,8,3,98,4,2013,2014,Qtr 2,Tháng Tư,8,4,2,15
Tuesday,April,Mardi,Avril,Martes,Abril,2,1,2014,20140415,15,3,105,4,2013,2014,Qtr 2,Tháng Tư,15,4,2,16
Tuesday,April,Mardi,Avril,Martes,Abril,2,1,2014,20140422,22,3,112,4,2013,2014,Qtr 2,Tháng Tư,22,4,2,17
Tuesday,April,Mardi,Avril,Martes,Abril,2,1,2014,20140429,29,3,119,4,2013,2014,Qtr 2,Tháng Tư,29,4,2,18
Tuesday,August,Mardi,Août,Martes,Agosto,3,2,2005,20050802,2,3,214,1,2006,2005,Qtr 3,Tháng Tám,2,8,1,32
Tuesday,August,Mardi,Août,Martes,Agosto,3,2,2005,20050809,9,3,221,1,2006,2005,Qtr 3,Tháng Tám,9,8,1,33
Tuesday,August,Mardi,Août,Martes,Agosto,3,2,2005,20050816,16,3,228,1,2006,2005,Qtr 3,Tháng Tám,16,8,1,34
Tuesday,August,Mardi,Août,Martes,Agosto,3,2,2005,20050823,23,3,235,1,2006,2005,Qtr 3,Tháng Tám,23,8,1,35
Tuesday,August,Mardi,Août,Martes,Agosto,3,2,2005,20050830,30,3,242,1,2006,2005,Qtr 3,Tháng Tám,30,8,1,36
Tuesday,August,Mardi,Août,Martes,Agosto,3,2,2006,20060801,1,3,213,1,2007,2006,Qtr 3,Tháng Tám,1,8,1,31
Tuesday,August,Mardi,Août,Martes,Agosto,3,2,2006,20060808,8,3,220,1,2007,2006,Qtr 3,Tháng Tám,8,8,1,32
Tuesday,August,Mardi,Août,Martes,Agosto,3,2,2006,20060815,15,3,227,1,2007,2006,Qtr 3,Tháng Tám,15,8,1,33
Tuesday,August,Mardi,Août,Martes,Agosto,3,2,2006,20060822,22,3,234,1,2007,2006,Qtr 3,Tháng Tám,22,8,1,34
Tuesday,August,Mardi,Août,Martes,Agosto,3,2,2006,20060829,29,3,241,1,2007,2006,Qtr 3,Tháng Tám,29,8,1,35
Tuesday,August,Mardi,Août,Martes,Agosto,3,2,2007,20070807,7,3,219,1,2008,2007,Qtr 3,Tháng Tám,7,8,1,32
Tuesday,August,Mardi,Août,Martes,Agosto,3,2,2007,20070814,14,3,226,1,2008,2007,Qtr 3,Tháng Tám,14,8,1,33
Tuesday,August,Mardi,Août,Martes,Agosto,3,2,2007,20070821,21,3,233,1,2008,2007,Qtr 3,Tháng Tám,21,8,1,34
Tuesday,August,Mardi,Août,Martes,Agosto,3,2,2007,20070828,28,3,240,1,2008,2007,Qtr 3,Tháng Tám,28,8,1,35
Tuesday,August,Mardi,Août,Martes,Agosto,3,2,2008,20080805,5,3,218,1,2009,2008,Qtr 3,Tháng Tám,5,8,1,32
Tuesday,August,Mardi,Août,Martes,Agosto,3,2,2008,20080812,12,3,225,1,2009,2008,Qtr 3,Tháng Tám,12,8,1,33
Tuesday,August,Mardi,Août,Martes,Agosto,3,2,2008,20080819,19,3,232,1,2009,2008,Qtr 3,Tháng Tám,19,8,1,34
Tuesday,August,Mardi,Août,Martes,Agosto,3,2,2008,20080826,26,3,239,1,2009,2008,Qtr 3,Tháng Tám,26,8,1,35
Tuesday,August,Mardi,Août,Martes,Agosto,3,2,2009,20090804,4,3,216,1,2010,2009,Qtr 3,Tháng Tám,4,8,1,32
Tuesday,August,Mardi,Août,Martes,Agosto,3,2,2009,20090811,11,3,223,1,2010,2009,Qtr 3,Tháng Tám,11,8,1,33
Tuesday,August,Mardi,Août,Martes,Agosto,3,2,2009,20090818,18,3,230,1,2010,2009,Qtr 3,Tháng Tám,18,8,1,34
Tuesday,August,Mardi,Août,Martes,Agosto,3,2,2009,20090825,25,3,237,1,2010,2009,Qtr 3,Tháng Tám,25,8,1,35
Tuesday,August,Mardi,Août,Martes,Agosto,3,2,2010,20100803,3,3,215,1,2011,2010,Qtr 3,Tháng Tám,3,8,1,32
Tuesday,August,Mardi,Août,Martes,Agosto,3,2,2010,20100810,10,3,222,1,2011,2010,Qtr 3,Tháng Tám,10,8,1,33
Tuesday,August,Mardi,Août,Martes,Agosto,3,2,2010,20100817,17,3,229,1,2011,2010,Qtr 3,Tháng Tám,17,8,1,34
Tuesday,August,Mardi,Août,Martes,Agosto,3,2,2010,20100824,24,3,236,1,2011,2010,Qtr 3,Tháng Tám,24,8,1,35
Tuesday,August,Mardi,Août,Martes,Agosto,3,2,2010,20100831,31,3,243,1,2011,2010,Qtr 3,Tháng Tám,31,8,1,36
Tuesday,August,Mardi,Août,Martes,Agosto,3,2,2011,20110802,2,3,214,1,2011,2011,Qtr 3,Tháng Tám,2,8,1,32
Tuesday,August,Mardi,Août,Martes,Agosto,3,2,2011,20110809,9,3,221,1,2011,2011,Qtr 3,Tháng Tám,9,8,1,33
Tuesday,August,Mardi,Août,Martes,Agosto,3,2,2011,20110816,16,3,228,1,2011,2011,Qtr 3,Tháng Tám,16,8,1,34
Tuesday,August,Mardi,Août,Martes,Agosto,3,2,2011,20110823,23,3,235,1,2011,2011,Qtr 3,Tháng Tám,23,8,1,35
Tuesday,August,Mardi,Août,Martes,Agosto,3,2,2011,20110830,30,3,242,1,2011,2011,Qtr 3,Tháng Tám,30,8,1,36
Tuesday,August,Mardi,Août,Martes,Agosto,3,2,2012,20120807,7,3,220,1,2012,2012,Qtr 3,Tháng Tám,7,8,1,32
Tuesday,August,Mardi,Août,Martes,Agosto,3,2,2012,20120814,14,3,227,1,2012,2012,Qtr 3,Tháng Tám,14,8,1,33
Tuesday,August,Mardi,Août,Martes,Agosto,3,2,2012,20120821,21,3,234,1,2012,2012,Qtr 3,Tháng Tám,21,8,1,34
Tuesday,August,Mardi,Août,Martes,Agosto,3,2,2012,20120828,28,3,241,1,2012,2012,Qtr 3,Tháng Tám,28,8,1,35
Tuesday,August,Mardi,Août,Martes,Agosto,3,2,2013,20130806,6,3,218,1,2013,2013,Qtr 3,Tháng Tám,6,8,1,32
Tuesday,August,Mardi,Août,Martes,Agosto,3,2,2013,20130813,13,3,225,1,2013,2013,Qtr 3,Tháng Tám,13,8,1,33
Tuesday,August,Mardi,Août,Martes,Agosto,3,2,2013,20130820,20,3,232,1,2013,2013,Qtr 3,Tháng Tám,20,8,1,34
Tuesday,August,Mardi,Août,Martes,Agosto,3,2,2013,20130827,27,3,239,1,2013,2013,Qtr 3,Tháng Tám,27,8,1,35
Tuesday,August,Mardi,Août,Martes,Agosto,3,2,2014,20140805,5,3,217,1,2014,2014,Qtr 3,Tháng Tám,5,8,1,32
Tuesday,August,Mardi,Août,Martes,Agosto,3,2,2014,20140812,12,3,224,1,2014,2014,Qtr 3,Tháng Tám,12,8,1,33
Tuesday,August,Mardi,Août,Martes,Agosto,3,2,2014,20140819,19,3,231,1,2014,2014,Qtr 3,Tháng Tám,19,8,1,34
Tuesday,August,Mardi,Août,Martes,Agosto,3,2,2014,20140826,26,3,238,1,2014,2014,Qtr 3,Tháng Tám,26,8,1,35
Tuesday,December,Mardi,Décembre,Martes,Diciembre,4,2,2005,20051206,6,3,340,2,2006,2005,Qtr 4,Tháng Mười Hai,6,12,1,50
Tuesday,December,Mardi,Décembre,Martes,Diciembre,4,2,2005,20051213,13,3,347,2,2006,2005,Qtr 4,Tháng Mười Hai,13,12,1,51
Tuesday,December,Mardi,Décembre,Martes,Diciembre,4,2,2005,20051220,20,3,354,2,2006,2005,Qtr 4,Tháng Mười Hai,20,12,1,52
Tuesday,December,Mardi,Décembre,Martes,Diciembre,4,2,2005,20051227,27,3,361,2,2006,2005,Qtr 4,Tháng Mười Hai,27,12,1,53
Tuesday,December,Mardi,Décembre,Martes,Diciembre,4,2,2006,20061205,5,3,339,2,2007,2006,Qtr 4,Tháng Mười Hai,5,12,1,49
Tuesday,December,Mardi,Décembre,Martes,Diciembre,4,2,2006,20061212,12,3,346,2,2007,2006,Qtr 4,Tháng Mười Hai,12,12,1,50
Tuesday,December,Mardi,Décembre,Martes,Diciembre,4,2,2006,20061219,19,3,353,2,2007,2006,Qtr 4,Tháng Mười Hai,19,12,1,51
Tuesday,December,Mardi,Décembre,Martes,Diciembre,4,2,2006,20061226,26,3,360,2,2007,2006,Qtr 4,Tháng Mười Hai,26,12,1,52
Tuesday,December,Mardi,Décembre,Martes,Diciembre,4,2,2007,20071204,4,3,338,2,2008,2007,Qtr 4,Tháng Mười Hai,4,12,1,49
Tuesday,December,Mardi,Décembre,Martes,Diciembre,4,2,2007,20071211,11,3,345,2,2008,2007,Qtr 4,Tháng Mười Hai,11,12,1,50
Tuesday,December,Mardi,Décembre,Martes,Diciembre,4,2,2007,20071218,18,3,352,2,2008,2007,Qtr 4,Tháng Mười Hai,18,12,1,51
Tuesday,December,Mardi,Décembre,Martes,Diciembre,4,2,2007,20071225,25,3,359,2,2008,2007,Qtr 4,Tháng Mười Hai,25,12,1,52
Tuesday,December,Mardi,Décembre,Martes,Diciembre,4,2,2008,20081202,2,3,337,2,2009,2008,Qtr 4,Tháng Mười Hai,2,12,1,49
Tuesday,December,Mardi,Décembre,Martes,Diciembre,4,2,2008,20081209,9,3,344,2,2009,2008,Qtr 4,Tháng Mười Hai,9,12,1,50
Tuesday,December,Mardi,Décembre,Martes,Diciembre,4,2,2008,20081216,16,3,351,2,2009,2008,Qtr 4,Tháng Mười Hai,16,12,1,51
Tuesday,December,Mardi,Décembre,Martes,Diciembre,4,2,2008,20081223,23,3,358,2,2009,2008,Qtr 4,Tháng Mười Hai,23,12,1,52
Tuesday,December,Mardi,Décembre,Martes,Diciembre,4,2,2008,20081230,30,3,365,2,2009,2008,Qtr 4,Tháng Mười Hai,30,12,1,53
Tuesday,December,Mardi,Décembre,Martes,Diciembre,4,2,2009,20091201,1,3,335,2,2010,2009,Qtr 4,Tháng Mười Hai,1,12,1,49
Tuesday,December,Mardi,Décembre,Martes,Diciembre,4,2,2009,20091208,8,3,342,2,2010,2009,Qtr 4,Tháng Mười Hai,8,12,1,50
Tuesday,December,Mardi,Décembre,Martes,Diciembre,4,2,2009,20091215,15,3,349,2,2010,2009,Qtr 4,Tháng Mười Hai,15,12,1,51
Tuesday,December,Mardi,Décembre,Martes,Diciembre,4,2,2009,20091222,22,3,356,2,2010,2009,Qtr 4,Tháng Mười Hai,22,12,1,52
Tuesday,December,Mardi,Décembre,Martes,Diciembre,4,2,2009,20091229,29,3,363,2,2010,2009,Qtr 4,Tháng Mười Hai,29,12,1,53
Tuesday,December,Mardi,Décembre,Martes,Diciembre,4,2,2010,20101207,7,3,341,2,2011,2010,Qtr 4,Tháng Mười Hai,7,12,1,50
Tuesday,December,Mardi,Décembre,Martes,Diciembre,4,2,2010,20101214,14,3,348,2,2011,2010,Qtr 4,Tháng Mười Hai,14,12,1,51
Tuesday,December,Mardi,Décembre,Martes,Diciembre,4,2,2010,20101221,21,3,355,2,2011,2010,Qtr 4,Tháng Mười Hai,21,12,1,52
Tuesday,December,Mardi,Décembre,Martes,Diciembre,4,2,2010,20101228,28,3,362,2,2011,2010,Qtr 4,Tháng Mười Hai,28,12,1,53
Tuesday,December,Mardi,Décembre,Martes,Diciembre,4,2,2011,20111206,6,3,340,2,2011,2011,Qtr 4,Tháng Mười Hai,6,12,1,50
Tuesday,December,Mardi,Décembre,Martes,Diciembre,4,2,2011,20111213,13,3,347,2,2011,2011,Qtr 4,Tháng Mười Hai,13,12,1,51
Tuesday,December,Mardi,Décembre,Martes,Diciembre,4,2,2011,20111220,20,3,354,2,2011,2011,Qtr 4,Tháng Mười Hai,20,12,1,52
Tuesday,December,Mardi,Décembre,Martes,Diciembre,4,2,2011,20111227,27,3,361,2,2011,2011,Qtr 4,Tháng Mười Hai,27,12,1,53
Tuesday,December,Mardi,Décembre,Martes,Diciembre,4,2,2012,20121204,4,3,339,2,2012,2012,Qtr 4,Tháng Mười Hai,4,12,1,49
Tuesday,December,Mardi,Décembre,Martes,Diciembre,4,2,2012,20121211,11,3,346,2,2012,2012,Qtr 4,Tháng Mười Hai,11,12,1,50
Tuesday,December,Mardi,Décembre,Martes,Diciembre,4,2,2012,20121218,18,3,353,2,2012,2012,Qtr 4,Tháng Mười Hai,18,12,1,51
Tuesday,December,Mardi,Décembre,Martes,Diciembre,4,2,2012,20121225,25,3,360,2,2012,2012,Qtr 4,Tháng Mười Hai,25,12,1,52
Tuesday,December,Mardi,Décembre,Martes,Diciembre,4,2,2013,20131203,3,3,337,2,2013,2013,Qtr 4,Tháng Mười Hai,3,12,1,49
Tuesday,December,Mardi,Décembre,Martes,Diciembre,4,2,2013,20131210,10,3,344,2,2013,2013,Qtr 4,Tháng Mười Hai,10,12,1,50
Tuesday,December,Mardi,Décembre,Martes,Diciembre,4,2,2013,20131217,17,3,351,2,2013,2013,Qtr 4,Tháng Mười Hai,17,12,1,51
Tuesday,December,Mardi,Décembre,Martes,Diciembre,4,2,2013,20131224,24,3,358,2,2013,2013,Qtr 4,Tháng Mười Hai,24,12,1,52
Tuesday,December,Mardi,Décembre,Martes,Diciembre,4,2,2013,20131231,31,3,365,2,2013,2013,Qtr 4,Tháng Mười Hai,31,12,1,53
Tuesday,December,Mardi,Décembre,Martes,Diciembre,4,2,2014,20141202,2,3,336,2,2014,2014,Qtr 4,Tháng Mười Hai,2,12,1,49
Tuesday,December,Mardi,Décembre,Martes,Diciembre,4,2,2014,20141209,9,3,343,2,2014,2014,Qtr 4,Tháng Mười Hai,9,12,1,50
Tuesday,December,Mardi,Décembre,Martes,Diciembre,4,2,2014,20141216,16,3,350,2,2014,2014,Qtr 4,Tháng Mười Hai,16,12,1,51
Tuesday,December,Mardi,Décembre,Martes,Diciembre,4,2,2014,20141223,23,3,357,2,2014,2014,Qtr 4,Tháng Mười Hai,23,12,1,52
Tuesday,December,Mardi,Décembre,Martes,Diciembre,4,2,2014,20141230,30,3,364,2,2014,2014,Qtr 4,Tháng Mười Hai,30,12,1,53
Tuesday,February,Mardi,Février,Martes,Febrero,1,1,2005,20050201,1,3,32,3,2005,2005,Qtr 1,Tháng Hai,1,2,2,6
Tuesday,February,Mardi,Février,Martes,Febrero,1,1,2005,20050208,8,3,39,3,2005,2005,Qtr 1,Tháng Hai,8,2,2,7
Tuesday,February,Mardi,Février,Martes,Febrero,1,1,2005,20050215,15,3,46,3,2005,2005,Qtr 1,Tháng Hai,15,2,2,8
Tuesday,February,Mardi,Février,Martes,Febrero,1,1,2005,20050222,22,3,53,3,2005,2005,Qtr 1,Tháng Hai,22,2,2,9
Tuesday,February,Mardi,Février,Martes,Febrero,1,1,2006,20060207,7,3,38,3,2006,2006,Qtr 1,Tháng Hai,7,2,2,6
Tuesday,February,Mardi,Février,Martes,Febrero,1,1,2006,20060214,14,3,45,3,2006,2006,Qtr 1,Tháng Hai,14,2,2,7
Tuesday,February,Mardi,Février,Martes,Febrero,1,1,2006,20060221,21,3,52,3,2006,2006,Qtr 1,Tháng Hai,21,2,2,8
Tuesday,February,Mardi,Février,Martes,Febrero,1,1,2006,20060228,28,3,59,3,2006,2006,Qtr 1,Tháng Hai,28,2,2,9
Tuesday,February,Mardi,Février,Martes,Febrero,1,1,2007,20070206,6,3,37,3,2007,2007,Qtr 1,Tháng Hai,6,2,2,6
Tuesday,February,Mardi,Février,Martes,Febrero,1,1,2007,20070213,13,3,44,3,2007,2007,Qtr 1,Tháng Hai,13,2,2,7
Tuesday,February,Mardi,Février,Martes,Febrero,1,1,2007,20070220,20,3,51,3,2007,2007,Qtr 1,Tháng Hai,20,2,2,8
Tuesday,February,Mardi,Février,Martes,Febrero,1,1,2007,20070227,27,3,58,3,2007,2007,Qtr 1,Tháng Hai,27,2,2,9
Tuesday,February,Mardi,Février,Martes,Febrero,1,1,2008,20080205,5,3,36,3,2008,2008,Qtr 1,Tháng Hai,5,2,2,6
Tuesday,February,Mardi,Février,Martes,Febrero,1,1,2008,20080212,12,3,43,3,2008,2008,Qtr 1,Tháng Hai,12,2,2,7
Tuesday,February,Mardi,Février,Martes,Febrero,1,1,2008,20080219,19,3,50,3,2008,2008,Qtr 1,Tháng Hai,19,2,2,8
Tuesday,February,Mardi,Février,Martes,Febrero,1,1,2008,20080226,26,3,57,3,2008,2008,Qtr 1,Tháng Hai,26,2,2,9
Tuesday,February,Mardi,Février,Martes,Febrero,1,1,2009,20090203,3,3,34,3,2009,2009,Qtr 1,Tháng Hai,3,2,2,6
Tuesday,February,Mardi,Février,Martes,Febrero,1,1,2009,20090210,10,3,41,3,2009,2009,Qtr 1,Tháng Hai,10,2,2,7
Tuesday,February,Mardi,Février,Martes,Febrero,1,1,2009,20090217,17,3,48,3,2009,2009,Qtr 1,Tháng Hai,17,2,2,8
Tuesday,February,Mardi,Février,Martes,Febrero,1,1,2009,20090224,24,3,55,3,2009,2009,Qtr 1,Tháng Hai,24,2,2,9
Tuesday,February,Mardi,Février,Martes,Febrero,1,1,2010,20100202,2,3,33,3,2010,2010,Qtr 1,Tháng Hai,2,2,2,6
Tuesday,February,Mardi,Février,Martes,Febrero,1,1,2010,20100209,9,3,40,3,2010,2010,Qtr 1,Tháng Hai,9,2,2,7
Tuesday,February,Mardi,Février,Martes,Febrero,1,1,2010,20100216,16,3,47,3,2010,2010,Qtr 1,Tháng Hai,16,2,2,8
Tuesday,February,Mardi,Février,Martes,Febrero,1,1,2010,20100223,23,3,54,3,2010,2010,Qtr 1,Tháng Hai,23,2,2,9
Tuesday,February,Mardi,Février,Martes,Febrero,1,1,2011,20110201,1,3,32,3,2010,2011,Qtr 1,Tháng Hai,1,2,2,6
Tuesday,February,Mardi,Février,Martes,Febrero,1,1,2011,20110208,8,3,39,3,2010,2011,Qtr 1,Tháng Hai,8,2,2,7
Tuesday,February,Mardi,Février,Martes,Febrero,1,1,2011,20110215,15,3,46,3,2010,2011,Qtr 1,Tháng Hai,15,2,2,8
Tuesday,February,Mardi,Février,Martes,Febrero,1,1,2011,20110222,22,3,53,3,2010,2011,Qtr 1,Tháng Hai,22,2,2,9
Tuesday,February,Mardi,Février,Martes,Febrero,1,1,2012,20120207,7,3,38,3,2011,2012,Qtr 1,Tháng Hai,7,2,2,6
Tuesday,February,Mardi,Février,Martes,Febrero,1,1,2012,20120214,14,3,45,3,2011,2012,Qtr 1,Tháng Hai,14,2,2,7
Tuesday,February,Mardi,Février,Martes,Febrero,1,1,2012,20120221,21,3,52,3,2011,2012,Qtr 1,Tháng Hai,21,2,2,8
Tuesday,February,Mardi,Février,Martes,Febrero,1,1,2012,20120228,28,3,59,3,2011,2012,Qtr 1,Tháng Hai,28,2,2,9
Tuesday,February,Mardi,Février,Martes,Febrero,1,1,2013,20130205,5,3,36,3,2012,2013,Qtr 1,Tháng Hai,5,2,2,6
Tuesday,February,Mardi,Février,Martes,Febrero,1,1,2013,20130212,12,3,43,3,2012,2013,Qtr 1,Tháng Hai,12,2,2,7
Tuesday,February,Mardi,Février,Martes,Febrero,1,1,2013,20130219,19,3,50,3,2012,2013,Qtr 1,Tháng Hai,19,2,2,8
Tuesday,February,Mardi,Février,Martes,Febrero,1,1,2013,20130226,26,3,57,3,2012,2013,Qtr 1,Tháng Hai,26,2,2,9
Tuesday,February,Mardi,Février,Martes,Febrero,1,1,2014,20140204,4,3,35,3,2013,2014,Qtr 1,Tháng Hai,4,2,2,6
Tuesday,February,Mardi,Février,Martes,Febrero,1,1,2014,20140211,11,3,42,3,2013,2014,Qtr 1,Tháng Hai,11,2,2,7
Tuesday,February,Mardi,Février,Martes,Febrero,1,1,2014,20140218,18,3,49,3,2013,2014,Qtr 1,Tháng Hai,18,2,2,8
Tuesday,February,Mardi,Février,Martes,Febrero,1,1,2014,20140225,25,3,56,3,2013,2014,Qtr 1,Tháng Hai,25,2,2,9
Tuesday,January,Mardi,Janvier,Martes,Enero,1,1,2005,20050104,4,3,4,3,2005,2005,Qtr 1,Tháng Giêng,4,1,2,2
Tuesday,January,Mardi,Janvier,Martes,Enero,1,1,2005,20050111,11,3,11,3,2005,2005,Qtr 1,Tháng Giêng,11,1,2,3
Tuesday,January,Mardi,Janvier,Martes,Enero,1,1,2005,20050118,18,3,18,3,2005,2005,Qtr 1,Tháng Giêng,18,1,2,4
Tuesday,January,Mardi,Janvier,Martes,Enero,1,1,2005,20050125,25,3,25,3,2005,2005,Qtr 1,Tháng Giêng,25,1,2,5
Tuesday,January,Mardi,Janvier,Martes,Enero,1,1,2006,20060103,3,3,3,3,2006,2006,Qtr 1,Tháng Giêng,3,1,2,1
Tuesday,January,Mardi,Janvier,Martes,Enero,1,1,2006,20060110,10,3,10,3,2006,2006,Qtr 1,Tháng Giêng,10,1,2,2
Tuesday,January,Mardi,Janvier,Martes,Enero,1,1,2006,20060117,17,3,17,3,2006,2006,Qtr 1,Tháng Giêng,17,1,2,3
Tuesday,January,Mardi,Janvier,Martes,Enero,1,1,2006,20060124,24,3,24,3,2006,2006,Qtr 1,Tháng Giêng,24,1,2,4
Tuesday,January,Mardi,Janvier,Martes,Enero,1,1,2006,20060131,31,3,31,3,2006,2006,Qtr 1,Tháng Giêng,31,1,2,5
Tuesday,January,Mardi,Janvier,Martes,Enero,1,1,2007,20070102,2,3,2,3,2007,2007,Qtr 1,Tháng Giêng,2,1,2,1
Tuesday,January,Mardi,Janvier,Martes,Enero,1,1,2007,20070109,9,3,9,3,2007,2007,Qtr 1,Tháng Giêng,9,1,2,2
Tuesday,January,Mardi,Janvier,Martes,Enero,1,1,2007,20070116,16,3,16,3,2007,2007,Qtr 1,Tháng Giêng,16,1,2,3
Tuesday,January,Mardi,Janvier,Martes,Enero,1,1,2007,20070123,23,3,23,3,2007,2007,Qtr 1,Tháng Giêng,23,1,2,4
Tuesday,January,Mardi,Janvier,Martes,Enero,1,1,2007,20070130,30,3,30,3,2007,2007,Qtr 1,Tháng Giêng,30,1,2,5
Tuesday,January,Mardi,Janvier,Martes,Enero,1,1,2008,20080101,1,3,1,3,2008,2008,Qtr 1,Tháng Giêng,1,1,2,1
Tuesday,January,Mardi,Janvier,Martes,Enero,1,1,2008,20080108,8,3,8,3,2008,2008,Qtr 1,Tháng Giêng,8,1,2,2
Tuesday,January,Mardi,Janvier,Martes,Enero,1,1,2008,20080115,15,3,15,3,2008,2008,Qtr 1,Tháng Giêng,15,1,2,3
Tuesday,January,Mardi,Janvier,Martes,Enero,1,1,2008,20080122,22,3,22,3,2008,2008,Qtr 1,Tháng Giêng,22,1,2,4
Tuesday,January,Mardi,Janvier,Martes,Enero,1,1,2008,20080129,29,3,29,3,2008,2008,Qtr 1,Tháng Giêng,29,1,2,5
Tuesday,January,Mardi,Janvier,Martes,Enero,1,1,2009,20090106,6,3,6,3,2009,2009,Qtr 1,Tháng Giêng,6,1,2,2
Tuesday,January,Mardi,Janvier,Martes,Enero,1,1,2009,20090113,13,3,13,3,2009,2009,Qtr 1,Tháng Giêng,13,1,2,3
Tuesday,January,Mardi,Janvier,Martes,Enero,1,1,2009,20090120,20,3,20,3,2009,2009,Qtr 1,Tháng Giêng,20,1,2,4
Tuesday,January,Mardi,Janvier,Martes,Enero,1,1,2009,20090127,27,3,27,3,2009,2009,Qtr 1,Tháng Giêng,27,1,2,5
Tuesday,January,Mardi,Janvier,Martes,Enero,1,1,2010,20100105,5,3,5,3,2010,2010,Qtr 1,Tháng Giêng,5,1,2,2
Tuesday,January,Mardi,Janvier,Martes,Enero,1,1,2010,20100112,12,3,12,3,2010,2010,Qtr 1,Tháng Giêng,12,1,2,3
Tuesday,January,Mardi,Janvier,Martes,Enero,1,1,2010,20100119,19,3,19,3,2010,2010,Qtr 1,Tháng Giêng,19,1,2,4
Tuesday,January,Mardi,Janvier,Martes,Enero,1,1,2010,20100126,26,3,26,3,2010,2010,Qtr 1,Tháng Giêng,26,1,2,5
Tuesday,January,Mardi,Janvier,Martes,Enero,1,1,2011,20110104,4,3,4,3,2010,2011,Qtr 1,Tháng Giêng,4,1,2,2
Tuesday,January,Mardi,Janvier,Martes,Enero,1,1,2011,20110111,11,3,11,3,2010,2011,Qtr 1,Tháng Giêng,11,1,2,3
Tuesday,January,Mardi,Janvier,Martes,Enero,1,1,2011,20110118,18,3,18,3,2010,2011,Qtr 1,Tháng Giêng,18,1,2,4
Tuesday,January,Mardi,Janvier,Martes,Enero,1,1,2011,20110125,25,3,25,3,2010,2011,Qtr 1,Tháng Giêng,25,1,2,5
Tuesday,January,Mardi,Janvier,Martes,Enero,1,1,2012,20120103,3,3,3,3,2011,2012,Qtr 1,Tháng Giêng,3,1,2,1
Tuesday,January,Mardi,Janvier,Martes,Enero,1,1,2012,20120110,10,3,10,3,2011,2012,Qtr 1,Tháng Giêng,10,1,2,2
Tuesday,January,Mardi,Janvier,Martes,Enero,1,1,2012,20120117,17,3,17,3,2011,2012,Qtr 1,Tháng Giêng,17,1,2,3
Tuesday,January,Mardi,Janvier,Martes,Enero,1,1,2012,20120124,24,3,24,3,2011,2012,Qtr 1,Tháng Giêng,24,1,2,4
Tuesday,January,Mardi,Janvier,Martes,Enero,1,1,2012,20120131,31,3,31,3,2011,2012,Qtr 1,Tháng Giêng,31,1,2,5
Tuesday,January,Mardi,Janvier,Martes,Enero,1,1,2013,20130101,1,3,1,3,2012,2013,Qtr 1,Tháng Giêng,1,1,2,1
Tuesday,January,Mardi,Janvier,Martes,Enero,1,1,2013,20130108,8,3,8,3,2012,2013,Qtr 1,Tháng Giêng,8,1,2,2
Tuesday,January,Mardi,Janvier,Martes,Enero,1,1,2013,20130115,15,3,15,3,2012,2013,Qtr 1,Tháng Giêng,15,1,2,3
Tuesday,January,Mardi,Janvier,Martes,Enero,1,1,2013,20130122,22,3,22,3,2012,2013,Qtr 1,Tháng Giêng,22,1,2,4
Tuesday,January,Mardi,Janvier,Martes,Enero,1,1,2013,20130129,29,3,29,3,2012,2013,Qtr 1,Tháng Giêng,29,1,2,5
Tuesday,January,Mardi,Janvier,Martes,Enero,1,1,2014,20140107,7,3,7,3,2013,2014,Qtr 1,Tháng Giêng,7,1,2,2
Tuesday,January,Mardi,Janvier,Martes,Enero,1,1,2014,20140114,14,3,14,3,2013,2014,Qtr 1,Tháng Giêng,14,1,2,3
Tuesday,January,Mardi,Janvier,Martes,Enero,1,1,2014,20140121,21,3,21,3,2013,2014,Qtr 1,Tháng Giêng,21,1,2,4
Tuesday,January,Mardi,Janvier,Martes,Enero,1,1,2014,20140128,28,3,28,3,2013,2014,Qtr 1,Tháng Giêng,28,1,2,5
Tuesday,July,Mardi,Juillet,Martes,Julio,3,2,2005,20050705,5,3,186,1,2006,2005,Qtr 3,Tháng Bảy,5,7,1,28
Tuesday,July,Mardi,Juillet,Martes,Julio,3,2,2005,20050712,12,3,193,1,2006,2005,Qtr 3,Tháng Bảy,12,7,1,29
Tuesday,July,Mardi,Juillet,Martes,Julio,3,2,2005,20050719,19,3,200,1,2006,2005,Qtr 3,Tháng Bảy,19,7,1,30
Tuesday,July,Mardi,Juillet,Martes,Julio,3,2,2005,20050726,26,3,207,1,2006,2005,Qtr 3,Tháng Bảy,26,7,1,31
Tuesday,July,Mardi,Juillet,Martes,Julio,3,2,2006,20060704,4,3,185,1,2007,2006,Qtr 3,Tháng Bảy,4,7,1,27
Tuesday,July,Mardi,Juillet,Martes,Julio,3,2,2006,20060711,11,3,192,1,2007,2006,Qtr 3,Tháng Bảy,11,7,1,28
Tuesday,July,Mardi,Juillet,Martes,Julio,3,2,2006,20060718,18,3,199,1,2007,2006,Qtr 3,Tháng Bảy,18,7,1,29
Tuesday,July,Mardi,Juillet,Martes,Julio,3,2,2006,20060725,25,3,206,1,2007,2006,Qtr 3,Tháng Bảy,25,7,1,30
Tuesday,July,Mardi,Juillet,Martes,Julio,3,2,2007,20070703,3,3,184,1,2008,2007,Qtr 3,Tháng Bảy,3,7,1,27
Tuesday,July,Mardi,Juillet,Martes,Julio,3,2,2007,20070710,10,3,191,1,2008,2007,Qtr 3,Tháng Bảy,10,7,1,28
Tuesday,July,Mardi,Juillet,Martes,Julio,3,2,2007,20070717,17,3,198,1,2008,2007,Qtr 3,Tháng Bảy,17,7,1,29
Tuesday,July,Mardi,Juillet,Martes,Julio,3,2,2007,20070724,24,3,205,1,2008,2007,Qtr 3,Tháng Bảy,24,7,1,30
Tuesday,July,Mardi,Juillet,Martes,Julio,3,2,2007,20070731,31,3,212,1,2008,2007,Qtr 3,Tháng Bảy,31,7,1,31
Tuesday,July,Mardi,Juillet,Martes,Julio,3,2,2008,20080701,1,3,183,1,2009,2008,Qtr 3,Tháng Bảy,1,7,1,27
Tuesday,July,Mardi,Juillet,Martes,Julio,3,2,2008,20080708,8,3,190,1,2009,2008,Qtr 3,Tháng Bảy,8,7,1,28
Tuesday,July,Mardi,Juillet,Martes,Julio,3,2,2008,20080715,15,3,197,1,2009,2008,Qtr 3,Tháng Bảy,15,7,1,29
Tuesday,July,Mardi,Juillet,Martes,Julio,3,2,2008,20080722,22,3,204,1,2009,2008,Qtr 3,Tháng Bảy,22,7,1,30
Tuesday,July,Mardi,Juillet,Martes,Julio,3,2,2008,20080729,29,3,211,1,2009,2008,Qtr 3,Tháng Bảy,29,7,1,31
Tuesday,July,Mardi,Juillet,Martes,Julio,3,2,2009,20090707,7,3,188,1,2010,2009,Qtr 3,Tháng Bảy,7,7,1,28
Tuesday,July,Mardi,Juillet,Martes,Julio,3,2,2009,20090714,14,3,195,1,2010,2009,Qtr 3,Tháng Bảy,14,7,1,29
Tuesday,July,Mardi,Juillet,Martes,Julio,3,2,2009,20090721,21,3,202,1,2010,2009,Qtr 3,Tháng Bảy,21,7,1,30
Tuesday,July,Mardi,Juillet,Martes,Julio,3,2,2009,20090728,28,3,209,1,2010,2009,Qtr 3,Tháng Bảy,28,7,1,31
Tuesday,July,Mardi,Juillet,Martes,Julio,3,2,2010,20100706,6,3,187,1,2011,2010,Qtr 3,Tháng Bảy,6,7,1,28
Tuesday,July,Mardi,Juillet,Martes,Julio,3,2,2010,20100713,13,3,194,1,2011,2010,Qtr 3,Tháng Bảy,13,7,1,29
Tuesday,July,Mardi,Juillet,Martes,Julio,3,2,2010,20100720,20,3,201,1,2011,2010,Qtr 3,Tháng Bảy,20,7,1,30
Tuesday,July,Mardi,Juillet,Martes,Julio,3,2,2010,20100727,27,3,208,1,2011,2010,Qtr 3,Tháng Bảy,27,7,1,31
Tuesday,July,Mardi,Juillet,Martes,Julio,3,2,2011,20110705,5,3,186,1,2011,2011,Qtr 3,Tháng Bảy,5,7,1,28
Tuesday,July,Mardi,Juillet,Martes,Julio,3,2,2011,20110712,12,3,193,1,2011,2011,Qtr 3,Tháng Bảy,12,7,1,29
Tuesday,July,Mardi,Juillet,Martes,Julio,3,2,2011,20110719,19,3,200,1,2011,2011,Qtr 3,Tháng Bảy,19,7,1,30
Tuesday,July,Mardi,Juillet,Martes,Julio,3,2,2011,20110726,26,3,207,1,2011,2011,Qtr 3,Tháng Bảy,26,7,1,31
Tuesday,July,Mardi,Juillet,Martes,Julio,3,2,2012,20120703,3,3,185,1,2012,2012,Qtr 3,Tháng Bảy,3,7,1,27
Tuesday,July,Mardi,Juillet,Martes,Julio,3,2,2012,20120710,10,3,192,1,2012,2012,Qtr 3,Tháng Bảy,10,7,1,28
Tuesday,July,Mardi,Juillet,Martes,Julio,3,2,2012,20120717,17,3,199,1,2012,2012,Qtr 3,Tháng Bảy,17,7,1,29
Tuesday,July,Mardi,Juillet,Martes,Julio,3,2,2012,20120724,24,3,206,1,2012,2012,Qtr 3,Tháng Bảy,24,7,1,30
Tuesday,July,Mardi,Juillet,Martes,Julio,3,2,2012,20120731,31,3,213,1,2012,2012,Qtr 3,Tháng Bảy,31,7,1,31
Tuesday,July,Mardi,Juillet,Martes,Julio,3,2,2013,20130702,2,3,183,1,2013,2013,Qtr 3,Tháng Bảy,2,7,1,27
Tuesday,July,Mardi,Juillet,Martes,Julio,3,2,2013,20130709,9,3,190,1,2013,2013,Qtr 3,Tháng Bảy,9,7,1,28
Tuesday,July,Mardi,Juillet,Martes,Julio,3,2,2013,20130716,16,3,197,1,2013,2013,Qtr 3,Tháng Bảy,16,7,1,29
Tuesday,July,Mardi,Juillet,Martes,Julio,3,2,2013,20130723,23,3,204,1,2013,2013,Qtr 3,Tháng Bảy,23,7,1,30
Tuesday,July,Mardi,Juillet,Martes,Julio,3,2,2013,20130730,30,3,211,1,2013,2013,Qtr 3,Tháng Bảy,30,7,1,31
Tuesday,July,Mardi,Juillet,Martes,Julio,3,2,2014,20140701,1,3,182,1,2014,2014,Qtr 3,Tháng Bảy,1,7,1,27
Tuesday,July,Mardi,Juillet,Martes,Julio,3,2,2014,20140708,8,3,189,1,2014,2014,Qtr 3,Tháng Bảy,8,7,1,28
Tuesday,July,Mardi,Juillet,Martes,Julio,3,2,2014,20140715,15,3,196,1,2014,2014,Qtr 3,Tháng Bảy,15,7,1,29
Tuesday,July,Mardi,Juillet,Martes,Julio,3,2,2014,20140722,22,3,203,1,2014,2014,Qtr 3,Tháng Bảy,22,7,1,30
Tuesday,July,Mardi,Juillet,Martes,Julio,3,2,2014,20140729,29,3,210,1,2014,2014,Qtr 3,Tháng Bảy,29,7,1,31
Tuesday,June,Mardi,Juin,Martes,Junio,2,1,2005,20050607,7,3,158,4,2005,2005,Qtr 2,Tháng Sáu,7,6,2,24
Tuesday,June,Mardi,Juin,Martes,Junio,2,1,2005,20050614,14,3,165,4,2005,2005,Qtr 2,Tháng Sáu,14,6,2,25
Tuesday,June,Mardi,Juin,Martes,Junio,2,1,2005,20050621,21,3,172,4,2005,2005,Qtr 2,Tháng Sáu,21,6,2,26
Tuesday,June,Mardi,Juin,Martes,Junio,2,1,2005,20050628,28,3,179,4,2005,2005,Qtr 2,Tháng Sáu,28,6,2,27
Tuesday,June,Mardi,Juin,Martes,Junio,2,1,2006,20060606,6,3,157,4,2006,2006,Qtr 2,Tháng Sáu,6,6,2,23
Tuesday,June,Mardi,Juin,Martes,Junio,2,1,2006,20060613,13,3,164,4,2006,2006,Qtr 2,Tháng Sáu,13,6,2,24
Tuesday,June,Mardi,Juin,Martes,Junio,2,1,2006,20060620,20,3,171,4,2006,2006,Qtr 2,Tháng Sáu,20,6,2,25
Tuesday,June,Mardi,Juin,Martes,Junio,2,1,2006,20060627,27,3,178,4,2006,2006,Qtr 2,Tháng Sáu,27,6,2,26
Tuesday,June,Mardi,Juin,Martes,Junio,2,1,2007,20070605,5,3,156,4,2007,2007,Qtr 2,Tháng Sáu,5,6,2,23
Tuesday,June,Mardi,Juin,Martes,Junio,2,1,2007,20070612,12,3,163,4,2007,2007,Qtr 2,Tháng Sáu,12,6,2,24
Tuesday,June,Mardi,Juin,Martes,Junio,2,1,2007,20070619,19,3,170,4,2007,2007,Qtr 2,Tháng Sáu,19,6,2,25
Tuesday,June,Mardi,Juin,Martes,Junio,2,1,2007,20070626,26,3,177,4,2007,2007,Qtr 2,Tháng Sáu,26,6,2,26
Tuesday,June,Mardi,Juin,Martes,Junio,2,1,2008,20080603,3,3,155,4,2008,2008,Qtr 2,Tháng Sáu,3,6,2,23
Tuesday,June,Mardi,Juin,Martes,Junio,2,1,2008,20080610,10,3,162,4,2008,2008,Qtr 2,Tháng Sáu,10,6,2,24
Tuesday,June,Mardi,Juin,Martes,Junio,2,1,2008,20080617,17,3,169,4,2008,2008,Qtr 2,Tháng Sáu,17,6,2,25
Tuesday,June,Mardi,Juin,Martes,Junio,2,1,2008,20080624,24,3,176,4,2008,2008,Qtr 2,Tháng Sáu,24,6,2,26
Tuesday,June,Mardi,Juin,Martes,Junio,2,1,2009,20090602,2,3,153,4,2009,2009,Qtr 2,Tháng Sáu,2,6,2,23
Tuesday,June,Mardi,Juin,Martes,Junio,2,1,2009,20090609,9,3,160,4,2009,2009,Qtr 2,Tháng Sáu,9,6,2,24
Tuesday,June,Mardi,Juin,Martes,Junio,2,1,2009,20090616,16,3,167,4,2009,2009,Qtr 2,Tháng Sáu,16,6,2,25
Tuesday,June,Mardi,Juin,Martes,Junio,2,1,2009,20090623,23,3,174,4,2009,2009,Qtr 2,Tháng Sáu,23,6,2,26
Tuesday,June,Mardi,Juin,Martes,Junio,2,1,2009,20090630,30,3,181,4,2009,2009,Qtr 2,Tháng Sáu,30,6,2,27
Tuesday,June,Mardi,Juin,Martes,Junio,2,1,2010,20100601,1,3,152,4,2010,2010,Qtr 2,Tháng Sáu,1,6,2,23
Tuesday,June,Mardi,Juin,Martes,Junio,2,1,2010,20100608,8,3,159,4,2010,2010,Qtr 2,Tháng Sáu,8,6,2,24
Tuesday,June,Mardi,Juin,Martes,Junio,2,1,2010,20100615,15,3,166,4,2010,2010,Qtr 2,Tháng Sáu,15,6,2,25
Tuesday,June,Mardi,Juin,Martes,Junio,2,1,2010,20100622,22,3,173,4,2010,2010,Qtr 2,Tháng Sáu,22,6,2,26
Tuesday,June,Mardi,Juin,Martes,Junio,2,1,2010,20100629,29,3,180,4,2010,2010,Qtr 2,Tháng Sáu,29,6,2,27
Tuesday,June,Mardi,Juin,Martes,Junio,2,1,2011,20110607,7,3,158,4,2010,2011,Qtr 2,Tháng Sáu,7,6,2,24
Tuesday,June,Mardi,Juin,Martes,Junio,2,1,2011,20110614,14,3,165,4,2010,2011,Qtr 2,Tháng Sáu,14,6,2,25
Tuesday,June,Mardi,Juin,Martes,Junio,2,1,2011,20110621,21,3,172,4,2010,2011,Qtr 2,Tháng Sáu,21,6,2,26
Tuesday,June,Mardi,Juin,Martes,Junio,2,1,2011,20110628,28,3,179,4,2010,2011,Qtr 2,Tháng Sáu,28,6,2,27
Tuesday,June,Mardi,Juin,Martes,Junio,2,1,2012,20120605,5,3,157,4,2011,2012,Qtr 2,Tháng Sáu,5,6,2,23
Tuesday,June,Mardi,Juin,Martes,Junio,2,1,2012,20120612,12,3,164,4,2011,2012,Qtr 2,Tháng Sáu,12,6,2,24
Tuesday,June,Mardi,Juin,Martes,Junio,2,1,2012,20120619,19,3,171,4,2011,2012,Qtr 2,Tháng Sáu,19,6,2,25
Tuesday,June,Mardi,Juin,Martes,Junio,2,1,2012,20120626,26,3,178,4,2011,2012,Qtr 2,Tháng Sáu,26,6,2,26
Tuesday,June,Mardi,Juin,Martes,Junio,2,1,2013,20130604,4,3,155,4,2012,2013,Qtr 2,Tháng Sáu,4,6,2,23
Tuesday,June,Mardi,Juin,Martes,Junio,2,1,2013,20130611,11,3,162,4,2012,2013,Qtr 2,Tháng Sáu,11,6,2,24
Tuesday,June,Mardi,Juin,Martes,Junio,2,1,2013,20130618,18,3,169,4,2012,2013,Qtr 2,Tháng Sáu,18,6,2,25
Tuesday,June,Mardi,Juin,Martes,Junio,2,1,2013,20130625,25,3,176,4,2012,2013,Qtr 2,Tháng Sáu,25,6,2,26
Tuesday,June,Mardi,Juin,Martes,Junio,2,1,2014,20140603,3,3,154,4,2013,2014,Qtr 2,Tháng Sáu,3,6,2,23
Tuesday,June,Mardi,Juin,Martes,Junio,2,1,2014,20140610,10,3,161,4,2013,2014,Qtr 2,Tháng Sáu,10,6,2,24
Tuesday,June,Mardi,Juin,Martes,Junio,2,1,2014,20140617,17,3,168,4,2013,2014,Qtr 2,Tháng Sáu,17,6,2,25
Tuesday,June,Mardi,Juin,Martes,Junio,2,1,2014,20140624,24,3,175,4,2013,2014,Qtr 2,Tháng Sáu,24,6,2,26
Tuesday,March,Mardi,Mars,Martes,Marzo,1,1,2005,20050301,1,3,60,3,2005,2005,Qtr 1,Tháng Ba,1,3,2,10
Tuesday,March,Mardi,Mars,Martes,Marzo,1,1,2005,20050308,8,3,67,3,2005,2005,Qtr 1,Tháng Ba,8,3,2,11
Tuesday,March,Mardi,Mars,Martes,Marzo,1,1,2005,20050315,15,3,74,3,2005,2005,Qtr 1,Tháng Ba,15,3,2,12
Tuesday,March,Mardi,Mars,Martes,Marzo,1,1,2005,20050322,22,3,81,3,2005,2005,Qtr 1,Tháng Ba,22,3,2,13
Tuesday,March,Mardi,Mars,Martes,Marzo,1,1,2005,20050329,29,3,88,3,2005,2005,Qtr 1,Tháng Ba,29,3,2,14
Tuesday,March,Mardi,Mars,Martes,Marzo,1,1,2006,20060307,7,3,66,3,2006,2006,Qtr 1,Tháng Ba,7,3,2,10
Tuesday,March,Mardi,Mars,Martes,Marzo,1,1,2006,20060314,14,3,73,3,2006,2006,Qtr 1,Tháng Ba,14,3,2,11
Tuesday,March,Mardi,Mars,Martes,Marzo,1,1,2006,20060321,21,3,80,3,2006,2006,Qtr 1,Tháng Ba,21,3,2,12
Tuesday,March,Mardi,Mars,Martes,Marzo,1,1,2006,20060328,28,3,87,3,2006,2006,Qtr 1,Tháng Ba,28,3,2,13
Tuesday,March,Mardi,Mars,Martes,Marzo,1,1,2007,20070306,6,3,65,3,2007,2007,Qtr 1,Tháng Ba,6,3,2,10
Tuesday,March,Mardi,Mars,Martes,Marzo,1,1,2007,20070313,13,3,72,3,2007,2007,Qtr 1,Tháng Ba,13,3,2,11
Tuesday,March,Mardi,Mars,Martes,Marzo,1,1,2007,20070320,20,3,79,3,2007,2007,Qtr 1,Tháng Ba,20,3,2,12
Tuesday,March,Mardi,Mars,Martes,Marzo,1,1,2007,20070327,27,3,86,3,2007,2007,Qtr 1,Tháng Ba,27,3,2,13
Tuesday,March,Mardi,Mars,Martes,Marzo,1,1,2008,20080304,4,3,64,3,2008,2008,Qtr 1,Tháng Ba,4,3,2,10
Tuesday,March,Mardi,Mars,Martes,Marzo,1,1,2008,20080311,11,3,71,3,2008,2008,Qtr 1,Tháng Ba,11,3,2,11
Tuesday,March,Mardi,Mars,Martes,Marzo,1,1,2008,20080318,18,3,78,3,2008,2008,Qtr 1,Tháng Ba,18,3,2,12
Tuesday,March,Mardi,Mars,Martes,Marzo,1,1,2008,20080325,25,3,85,3,2008,2008,Qtr 1,Tháng Ba,25,3,2,13
Tuesday,March,Mardi,Mars,Martes,Marzo,1,1,2009,20090303,3,3,62,3,2009,2009,Qtr 1,Tháng Ba,3,3,2,10
Tuesday,March,Mardi,Mars,Martes,Marzo,1,1,2009,20090310,10,3,69,3,2009,2009,Qtr 1,Tháng Ba,10,3,2,11
Tuesday,March,Mardi,Mars,Martes,Marzo,1,1,2009,20090317,17,3,76,3,2009,2009,Qtr 1,Tháng Ba,17,3,2,12
Tuesday,March,Mardi,Mars,Martes,Marzo,1,1,2009,20090324,24,3,83,3,2009,2009,Qtr 1,Tháng Ba,24,3,2,13
Tuesday,March,Mardi,Mars,Martes,Marzo,1,1,2009,20090331,31,3,90,3,2009,2009,Qtr 1,Tháng Ba,31,3,2,14
Tuesday,March,Mardi,Mars,Martes,Marzo,1,1,2010,20100302,2,3,61,3,2010,2010,Qtr 1,Tháng Ba,2,3,2,10
Tuesday,March,Mardi,Mars,Martes,Marzo,1,1,2010,20100309,9,3,68,3,2010,2010,Qtr 1,Tháng Ba,9,3,2,11
Tuesday,March,Mardi,Mars,Martes,Marzo,1,1,2010,20100316,16,3,75,3,2010,2010,Qtr 1,Tháng Ba,16,3,2,12
Tuesday,March,Mardi,Mars,Martes,Marzo,1,1,2010,20100323,23,3,82,3,2010,2010,Qtr 1,Tháng Ba,23,3,2,13
Tuesday,March,Mardi,Mars,Martes,Marzo,1,1,2010,20100330,30,3,89,3,2010,2010,Qtr 1,Tháng Ba,30,3,2,14
Tuesday,March,Mardi,Mars,Martes,Marzo,1,1,2011,20110301,1,3,60,3,2010,2011,Qtr 1,Tháng Ba,1,3,2,10
Tuesday,March,Mardi,Mars,Martes,Marzo,1,1,2011,20110308,8,3,67,3,2010,2011,Qtr 1,Tháng Ba,8,3,2,11
Tuesday,March,Mardi,Mars,Martes,Marzo,1,1,2011,20110315,15,3,74,3,2010,2011,Qtr 1,Tháng Ba,15,3,2,12
Tuesday,March,Mardi,Mars,Martes,Marzo,1,1,2011,20110322,22,3,81,3,2010,2011,Qtr 1,Tháng Ba,22,3,2,13
Tuesday,March,Mardi,Mars,Martes,Marzo,1,1,2011,20110329,29,3,88,3,2010,2011,Qtr 1,Tháng Ba,29,3,2,14
Tuesday,March,Mardi,Mars,Martes,Marzo,1,1,2012,20120306,6,3,66,3,2011,2012,Qtr 1,Tháng Ba,6,3,2,10
Tuesday,March,Mardi,Mars,Martes,Marzo,1,1,2012,20120313,13,3,73,3,2011,2012,Qtr 1,Tháng Ba,13,3,2,11
Tuesday,March,Mardi,Mars,Martes,Marzo,1,1,2012,20120320,20,3,80,3,2011,2012,Qtr 1,Tháng Ba,20,3,2,12
Tuesday,March,Mardi,Mars,Martes,Marzo,1,1,2012,20120327,27,3,87,3,2011,2012,Qtr 1,Tháng Ba,27,3,2,13
Tuesday,March,Mardi,Mars,Martes,Marzo,1,1,2013,20130305,5,3,64,3,2012,2013,Qtr 1,Tháng Ba,5,3,2,10
Tuesday,March,Mardi,Mars,Martes,Marzo,1,1,2013,20130312,12,3,71,3,2012,2013,Qtr 1,Tháng Ba,12,3,2,11
Tuesday,March,Mardi,Mars,Martes,Marzo,1,1,2013,20130319,19,3,78,3,2012,2013,Qtr 1,Tháng Ba,19,3,2,12
Tuesday,March,Mardi,Mars,Martes,Marzo,1,1,2013,20130326,26,3,85,3,2012,2013,Qtr 1,Tháng Ba,26,3,2,13
Tuesday,March,Mardi,Mars,Martes,Marzo,1,1,2014,20140304,4,3,63,3,2013,2014,Qtr 1,Tháng Ba,4,3,2,10
Tuesday,March,Mardi,Mars,Martes,Marzo,1,1,2014,20140311,11,3,70,3,2013,2014,Qtr 1,Tháng Ba,11,3,2,11
Tuesday,March,Mardi,Mars,Martes,Marzo,1,1,2014,20140318,18,3,77,3,2013,2014,Qtr 1,Tháng Ba,18,3,2,12
Tuesday,March,Mardi,Mars,Martes,Marzo,1,1,2014,20140325,25,3,84,3,2013,2014,Qtr 1,Tháng Ba,25,3,2,13
Tuesday,May,Mardi,Mai,Martes,Mayo,2,1,2005,20050503,3,3,123,4,2005,2005,Qtr 2,Tháng Năm,3,5,2,19
Tuesday,May,Mardi,Mai,Martes,Mayo,2,1,2005,20050510,10,3,130,4,2005,2005,Qtr 2,Tháng Năm,10,5,2,20
Tuesday,May,Mardi,Mai,Martes,Mayo,2,1,2005,20050517,17,3,137,4,2005,2005,Qtr 2,Tháng Năm,17,5,2,21
Tuesday,May,Mardi,Mai,Martes,Mayo,2,1,2005,20050524,24,3,144,4,2005,2005,Qtr 2,Tháng Năm,24,5,2,22
Tuesday,May,Mardi,Mai,Martes,Mayo,2,1,2005,20050531,31,3,151,4,2005,2005,Qtr 2,Tháng Năm,31,5,2,23
Tuesday,May,Mardi,Mai,Martes,Mayo,2,1,2006,20060502,2,3,122,4,2006,2006,Qtr 2,Tháng Năm,2,5,2,18
Tuesday,May,Mardi,Mai,Martes,Mayo,2,1,2006,20060509,9,3,129,4,2006,2006,Qtr 2,Tháng Năm,9,5,2,19
Tuesday,May,Mardi,Mai,Martes,Mayo,2,1,2006,20060516,16,3,136,4,2006,2006,Qtr 2,Tháng Năm,16,5,2,20
Tuesday,May,Mardi,Mai,Martes,Mayo,2,1,2006,20060523,23,3,143,4,2006,2006,Qtr 2,Tháng Năm,23,5,2,21
Tuesday,May,Mardi,Mai,Martes,Mayo,2,1,2006,20060530,30,3,150,4,2006,2006,Qtr 2,Tháng Năm,30,5,2,22
Tuesday,May,Mardi,Mai,Martes,Mayo,2,1,2007,20070501,1,3,121,4,2007,2007,Qtr 2,Tháng Năm,1,5,2,18
Tuesday,May,Mardi,Mai,Martes,Mayo,2,1,2007,20070508,8,3,128,4,2007,2007,Qtr 2,Tháng Năm,8,5,2,19
Tuesday,May,Mardi,Mai,Martes,Mayo,2,1,2007,20070515,15,3,135,4,2007,2007,Qtr 2,Tháng Năm,15,5,2,20
Tuesday,May,Mardi,Mai,Martes,Mayo,2,1,2007,20070522,22,3,142,4,2007,2007,Qtr 2,Tháng Năm,22,5,2,21
Tuesday,May,Mardi,Mai,Martes,Mayo,2,1,2007,20070529,29,3,149,4,2007,2007,Qtr 2,Tháng Năm,29,5,2,22
Tuesday,May,Mardi,Mai,Martes,Mayo,2,1,2008,20080506,6,3,127,4,2008,2008,Qtr 2,Tháng Năm,6,5,2,19
Tuesday,May,Mardi,Mai,Martes,Mayo,2,1,2008,20080513,13,3,134,4,2008,2008,Qtr 2,Tháng Năm,13,5,2,20
Tuesday,May,Mardi,Mai,Martes,Mayo,2,1,2008,20080520,20,3,141,4,2008,2008,Qtr 2,Tháng Năm,20,5,2,21
Tuesday,May,Mardi,Mai,Martes,Mayo,2,1,2008,20080527,27,3,148,4,2008,2008,Qtr 2,Tháng Năm,27,5,2,22
Tuesday,May,Mardi,Mai,Martes,Mayo,2,1,2009,20090505,5,3,125,4,2009,2009,Qtr 2,Tháng Năm,5,5,2,19
Tuesday,May,Mardi,Mai,Martes,Mayo,2,1,2009,20090512,12,3,132,4,2009,2009,Qtr 2,Tháng Năm,12,5,2,20
Tuesday,May,Mardi,Mai,Martes,Mayo,2,1,2009,20090519,19,3,139,4,2009,2009,Qtr 2,Tháng Năm,19,5,2,21
Tuesday,May,Mardi,Mai,Martes,Mayo,2,1,2009,20090526,26,3,146,4,2009,2009,Qtr 2,Tháng Năm,26,5,2,22
Tuesday,May,Mardi,Mai,Martes,Mayo,2,1,2010,20100504,4,3,124,4,2010,2010,Qtr 2,Tháng Năm,4,5,2,19
Tuesday,May,Mardi,Mai,Martes,Mayo,2,1,2010,20100511,11,3,131,4,2010,2010,Qtr 2,Tháng Năm,11,5,2,20
Tuesday,May,Mardi,Mai,Martes,Mayo,2,1,2010,20100518,18,3,138,4,2010,2010,Qtr 2,Tháng Năm,18,5,2,21
Tuesday,May,Mardi,Mai,Martes,Mayo,2,1,2010,20100525,25,3,145,4,2010,2010,Qtr 2,Tháng Năm,25,5,2,22
Tuesday,May,Mardi,Mai,Martes,Mayo,2,1,2011,20110503,3,3,123,4,2010,2011,Qtr 2,Tháng Năm,3,5,2,19
Tuesday,May,Mardi,Mai,Martes,Mayo,2,1,2011,20110510,10,3,130,4,2010,2011,Qtr 2,Tháng Năm,10,5,2,20
Tuesday,May,Mardi,Mai,Martes,Mayo,2,1,2011,20110517,17,3,137,4,2010,2011,Qtr 2,Tháng Năm,17,5,2,21
Tuesday,May,Mardi,Mai,Martes,Mayo,2,1,2011,20110524,24,3,144,4,2010,2011,Qtr 2,Tháng Năm,24,5,2,22
Tuesday,May,Mardi,Mai,Martes,Mayo,2,1,2011,20110531,31,3,151,4,2010,2011,Qtr 2,Tháng Năm,31,5,2,23
Tuesday,May,Mardi,Mai,Martes,Mayo,2,1,2012,20120501,1,3,122,4,2011,2012,Qtr 2,Tháng Năm,1,5,2,18
Tuesday,May,Mardi,Mai,Martes,Mayo,2,1,2012,20120508,8,3,129,4,2011,2012,Qtr 2,Tháng Năm,8,5,2,19
Tuesday,May,Mardi,Mai,Martes,Mayo,2,1,2012,20120515,15,3,136,4,2011,2012,Qtr 2,Tháng Năm,15,5,2,20
Tuesday,May,Mardi,Mai,Martes,Mayo,2,1,2012,20120522,22,3,143,4,2011,2012,Qtr 2,Tháng Năm,22,5,2,21
Tuesday,May,Mardi,Mai,Martes,Mayo,2,1,2012,20120529,29,3,150,4,2011,2012,Qtr 2,Tháng Năm,29,5,2,22
Tuesday,May,Mardi,Mai,Martes,Mayo,2,1,2013,20130507,7,3,127,4,2012,2013,Qtr 2,Tháng Năm,7,5,2,19
Tuesday,May,Mardi,Mai,Martes,Mayo,2,1,2013,20130514,14,3,134,4,2012,2013,Qtr 2,Tháng Năm,14,5,2,20
Tuesday,May,Mardi,Mai,Martes,Mayo,2,1,2013,20130521,21,3,141,4,2012,2013,Qtr 2,Tháng Năm,21,5,2,21
Tuesday,May,Mardi,Mai,Martes,Mayo,2,1,2013,20130528,28,3,148,4,2012,2013,Qtr 2,Tháng Năm,28,5,2,22
Tuesday,May,Mardi,Mai,Martes,Mayo,2,1,2014,20140506,6,3,126,4,2013,2014,Qtr 2,Tháng Năm,6,5,2,19
Tuesday,May,Mardi,Mai,Martes,Mayo,2,1,2014,20140513,13,3,133,4,2013,2014,Qtr 2,Tháng Năm,13,5,2,20
Tuesday,May,Mardi,Mai,Martes,Mayo,2,1,2014,20140520,20,3,140,4,2013,2014,Qtr 2,Tháng Năm,20,5,2,21
Tuesday,May,Mardi,Mai,Martes,Mayo,2,1,2014,20140527,27,3,147,4,2013,2014,Qtr 2,Tháng Năm,27,5,2,22
Tuesday,November,Mardi,Novembre,Martes,Noviembre,4,2,2005,20051101,1,3,305,2,2006,2005,Qtr 4,Tháng Mười Một,1,11,1,45
Tuesday,November,Mardi,Novembre,Martes,Noviembre,4,2,2005,20051108,8,3,312,2,2006,2005,Qtr 4,Tháng Mười Một,8,11,1,46
Tuesday,November,Mardi,Novembre,Martes,Noviembre,4,2,2005,20051115,15,3,319,2,2006,2005,Qtr 4,Tháng Mười Một,15,11,1,47
Tuesday,November,Mardi,Novembre,Martes,Noviembre,4,2,2005,20051122,22,3,326,2,2006,2005,Qtr 4,Tháng Mười Một,22,11,1,48
Tuesday,November,Mardi,Novembre,Martes,Noviembre,4,2,2005,20051129,29,3,333,2,2006,2005,Qtr 4,Tháng Mười Một,29,11,1,49
Tuesday,November,Mardi,Novembre,Martes,Noviembre,4,2,2006,20061107,7,3,311,2,2007,2006,Qtr 4,Tháng Mười Một,7,11,1,45
Tuesday,November,Mardi,Novembre,Martes,Noviembre,4,2,2006,20061114,14,3,318,2,2007,2006,Qtr 4,Tháng Mười Một,14,11,1,46
Tuesday,November,Mardi,Novembre,Martes,Noviembre,4,2,2006,20061121,21,3,325,2,2007,2006,Qtr 4,Tháng Mười Một,21,11,1,47
Tuesday,November,Mardi,Novembre,Martes,Noviembre,4,2,2006,20061128,28,3,332,2,2007,2006,Qtr 4,Tháng Mười Một,28,11,1,48
Tuesday,November,Mardi,Novembre,Martes,Noviembre,4,2,2007,20071106,6,3,310,2,2008,2007,Qtr 4,Tháng Mười Một,6,11,1,45
Tuesday,November,Mardi,Novembre,Martes,Noviembre,4,2,2007,20071113,13,3,317,2,2008,2007,Qtr 4,Tháng Mười Một,13,11,1,46
Tuesday,November,Mardi,Novembre,Martes,Noviembre,4,2,2007,20071120,20,3,324,2,2008,2007,Qtr 4,Tháng Mười Một,20,11,1,47
Tuesday,November,Mardi,Novembre,Martes,Noviembre,4,2,2007,20071127,27,3,331,2,2008,2007,Qtr 4,Tháng Mười Một,27,11,1,48
Tuesday,November,Mardi,Novembre,Martes,Noviembre,4,2,2008,20081104,4,3,309,2,2009,2008,Qtr 4,Tháng Mười Một,4,11,1,45
Tuesday,November,Mardi,Novembre,Martes,Noviembre,4,2,2008,20081111,11,3,316,2,2009,2008,Qtr 4,Tháng Mười Một,11,11,1,46
Tuesday,November,Mardi,Novembre,Martes,Noviembre,4,2,2008,20081118,18,3,323,2,2009,2008,Qtr 4,Tháng Mười Một,18,11,1,47
Tuesday,November,Mardi,Novembre,Martes,Noviembre,4,2,2008,20081125,25,3,330,2,2009,2008,Qtr 4,Tháng Mười Một,25,11,1,48
Tuesday,November,Mardi,Novembre,Martes,Noviembre,4,2,2009,20091103,3,3,307,2,2010,2009,Qtr 4,Tháng Mười Một,3,11,1,45
Tuesday,November,Mardi,Novembre,Martes,Noviembre,4,2,2009,20091110,10,3,314,2,2010,2009,Qtr 4,Tháng Mười Một,10,11,1,46
Tuesday,November,Mardi,Novembre,Martes,Noviembre,4,2,2009,20091117,17,3,321,2,2010,2009,Qtr 4,Tháng Mười Một,17,11,1,47
Tuesday,November,Mardi,Novembre,Martes,Noviembre,4,2,2009,20091124,24,3,328,2,2010,2009,Qtr 4,Tháng Mười Một,24,11,1,48
Tuesday,November,Mardi,Novembre,Martes,Noviembre,4,2,2010,20101102,2,3,306,2,2011,2010,Qtr 4,Tháng Mười Một,2,11,1,45
Tuesday,November,Mardi,Novembre,Martes,Noviembre,4,2,2010,20101109,9,3,313,2,2011,2010,Qtr 4,Tháng Mười Một,9,11,1,46
Tuesday,November,Mardi,Novembre,Martes,Noviembre,4,2,2010,20101116,16,3,320,2,2011,2010,Qtr 4,Tháng Mười Một,16,11,1,47
Tuesday,November,Mardi,Novembre,Martes,Noviembre,4,2,2010,20101123,23,3,327,2,2011,2010,Qtr 4,Tháng Mười Một,23,11,1,48
Tuesday,November,Mardi,Novembre,Martes,Noviembre,4,2,2010,20101130,30,3,334,2,2011,2010,Qtr 4,Tháng Mười Một,30,11,1,49
Tuesday,November,Mardi,Novembre,Martes,Noviembre,4,2,2011,20111101,1,3,305,2,2011,2011,Qtr 4,Tháng Mười Một,1,11,1,45
Tuesday,November,Mardi,Novembre,Martes,Noviembre,4,2,2011,20111108,8,3,312,2,2011,2011,Qtr 4,Tháng Mười Một,8,11,1,46
Tuesday,November,Mardi,Novembre,Martes,Noviembre,4,2,2011,20111115,15,3,319,2,2011,2011,Qtr 4,Tháng Mười Một,15,11,1,47
Tuesday,November,Mardi,Novembre,Martes,Noviembre,4,2,2011,20111122,22,3,326,2,2011,2011,Qtr 4,Tháng Mười Một,22,11,1,48
Tuesday,November,Mardi,Novembre,Martes,Noviembre,4,2,2011,20111129,29,3,333,2,2011,2011,Qtr 4,Tháng Mười Một,29,11,1,49
Tuesday,November,Mardi,Novembre,Martes,Noviembre,4,2,2012,20121106,6,3,311,2,2012,2012,Qtr 4,Tháng Mười Một,6,11,1,45
Tuesday,November,Mardi,Novembre,Martes,Noviembre,4,2,2012,20121113,13,3,318,2,2012,2012,Qtr 4,Tháng Mười Một,13,11,1,46
Tuesday,November,Mardi,Novembre,Martes,Noviembre,4,2,2012,20121120,20,3,325,2,2012,2012,Qtr 4,Tháng Mười Một,20,11,1,47
Tuesday,November,Mardi,Novembre,Martes,Noviembre,4,2,2012,20121127,27,3,332,2,2012,2012,Qtr 4,Tháng Mười Một,27,11,1,48
Tuesday,November,Mardi,Novembre,Martes,Noviembre,4,2,2013,20131105,5,3,309,2,2013,2013,Qtr 4,Tháng Mười Một,5,11,1,45
Tuesday,November,Mardi,Novembre,Martes,Noviembre,4,2,2013,20131112,12,3,316,2,2013,2013,Qtr 4,Tháng Mười Một,12,11,1,46
Tuesday,November,Mardi,Novembre,Martes,Noviembre,4,2,2013,20131119,19,3,323,2,2013,2013,Qtr 4,Tháng Mười Một,19,11,1,47
Tuesday,November,Mardi,Novembre,Martes,Noviembre,4,2,2013,20131126,26,3,330,2,2013,2013,Qtr 4,Tháng Mười Một,26,11,1,48
Tuesday,November,Mardi,Novembre,Martes,Noviembre,4,2,2014,20141104,4,3,308,2,2014,2014,Qtr 4,Tháng Mười Một,4,11,1,45
Tuesday,November,Mardi,Novembre,Martes,Noviembre,4,2,2014,20141111,11,3,315,2,2014,2014,Qtr 4,Tháng Mười Một,11,11,1,46
Tuesday,November,Mardi,Novembre,Martes,Noviembre,4,2,2014,20141118,18,3,322,2,2014,2014,Qtr 4,Tháng Mười Một,18,11,1,47
Tuesday,November,Mardi,Novembre,Martes,Noviembre,4,2,2014,20141125,25,3,329,2,2014,2014,Qtr 4,Tháng Mười Một,25,11,1,48
Tuesday,October,Mardi,Octobre,Martes,Octubre,4,2,2005,20051004,4,3,277,2,2006,2005,Qtr 4,Tháng Mười,4,10,1,41
Tuesday,October,Mardi,Octobre,Martes,Octubre,4,2,2005,20051011,11,3,284,2,2006,2005,Qtr 4,Tháng Mười,11,10,1,42
Tuesday,October,Mardi,Octobre,Martes,Octubre,4,2,2005,20051018,18,3,291,2,2006,2005,Qtr 4,Tháng Mười,18,10,1,43
Tuesday,October,Mardi,Octobre,Martes,Octubre,4,2,2005,20051025,25,3,298,2,2006,2005,Qtr 4,Tháng Mười,25,10,1,44
Tuesday,October,Mardi,Octobre,Martes,Octubre,4,2,2006,20061003,3,3,276,2,2007,2006,Qtr 4,Tháng Mười,3,10,1,40
Tuesday,October,Mardi,Octobre,Martes,Octubre,4,2,2006,20061010,10,3,283,2,2007,2006,Qtr 4,Tháng Mười,10,10,1,41
Tuesday,October,Mardi,Octobre,Martes,Octubre,4,2,2006,20061017,17,3,290,2,2007,2006,Qtr 4,Tháng Mười,17,10,1,42
Tuesday,October,Mardi,Octobre,Martes,Octubre,4,2,2006,20061024,24,3,297,2,2007,2006,Qtr 4,Tháng Mười,24,10,1,43
Tuesday,October,Mardi,Octobre,Martes,Octubre,4,2,2006,20061031,31,3,304,2,2007,2006,Qtr 4,Tháng Mười,31,10,1,44
Tuesday,October,Mardi,Octobre,Martes,Octubre,4,2,2007,20071002,2,3,275,2,2008,2007,Qtr 4,Tháng Mười,2,10,1,40
Tuesday,October,Mardi,Octobre,Martes,Octubre,4,2,2007,20071009,9,3,282,2,2008,2007,Qtr 4,Tháng Mười,9,10,1,41
Tuesday,October,Mardi,Octobre,Martes,Octubre,4,2,2007,20071016,16,3,289,2,2008,2007,Qtr 4,Tháng Mười,16,10,1,42
Tuesday,October,Mardi,Octobre,Martes,Octubre,4,2,2007,20071023,23,3,296,2,2008,2007,Qtr 4,Tháng Mười,23,10,1,43
Tuesday,October,Mardi,Octobre,Martes,Octubre,4,2,2007,20071030,30,3,303,2,2008,2007,Qtr 4,Tháng Mười,30,10,1,44
Tuesday,October,Mardi,Octobre,Martes,Octubre,4,2,2008,20081007,7,3,281,2,2009,2008,Qtr 4,Tháng Mười,7,10,1,41
Tuesday,October,Mardi,Octobre,Martes,Octubre,4,2,2008,20081014,14,3,288,2,2009,2008,Qtr 4,Tháng Mười,14,10,1,42
Tuesday,October,Mardi,Octobre,Martes,Octubre,4,2,2008,20081021,21,3,295,2,2009,2008,Qtr 4,Tháng Mười,21,10,1,43
Tuesday,October,Mardi,Octobre,Martes,Octubre,4,2,2008,20081028,28,3,302,2,2009,2008,Qtr 4,Tháng Mười,28,10,1,44
Tuesday,October,Mardi,Octobre,Martes,Octubre,4,2,2009,20091006,6,3,279,2,2010,2009,Qtr 4,Tháng Mười,6,10,1,41
Tuesday,October,Mardi,Octobre,Martes,Octubre,4,2,2009,20091013,13,3,286,2,2010,2009,Qtr 4,Tháng Mười,13,10,1,42
Tuesday,October,Mardi,Octobre,Martes,Octubre,4,2,2009,20091020,20,3,293,2,2010,2009,Qtr 4,Tháng Mười,20,10,1,43
Tuesday,October,Mardi,Octobre,Martes,Octubre,4,2,2009,20091027,27,3,300,2,2010,2009,Qtr 4,Tháng Mười,27,10,1,44
Tuesday,October,Mardi,Octobre,Martes,Octubre,4,2,2010,20101005,5,3,278,2,2011,2010,Qtr 4,Tháng Mười,5,10,1,41
Tuesday,October,Mardi,Octobre,Martes,Octubre,4,2,2010,20101012,12,3,285,2,2011,2010,Qtr 4,Tháng Mười,12,10,1,42
Tuesday,October,Mardi,Octobre,Martes,Octubre,4,2,2010,20101019,19,3,292,2,2011,2010,Qtr 4,Tháng Mười,19,10,1,43
Tuesday,October,Mardi,Octobre,Martes,Octubre,4,2,2010,20101026,26,3,299,2,2011,2010,Qtr 4,Tháng Mười,26,10,1,44
Tuesday,October,Mardi,Octobre,Martes,Octubre,4,2,2011,20111004,4,3,277,2,2011,2011,Qtr 4,Tháng Mười,4,10,1,41
Tuesday,October,Mardi,Octobre,Martes,Octubre,4,2,2011,20111011,11,3,284,2,2011,2011,Qtr 4,Tháng Mười,11,10,1,42
Tuesday,October,Mardi,Octobre,Martes,Octubre,4,2,2011,20111018,18,3,291,2,2011,2011,Qtr 4,Tháng Mười,18,10,1,43
Tuesday,October,Mardi,Octobre,Martes,Octubre,4,2,2011,20111025,25,3,298,2,2011,2011,Qtr 4,Tháng Mười,25,10,1,44
Tuesday,October,Mardi,Octobre,Martes,Octubre,4,2,2012,20121002,2,3,276,2,2012,2012,Qtr 4,Tháng Mười,2,10,1,40
Tuesday,October,Mardi,Octobre,Martes,Octubre,4,2,2012,20121009,9,3,283,2,2012,2012,Qtr 4,Tháng Mười,9,10,1,41
Tuesday,October,Mardi,Octobre,Martes,Octubre,4,2,2012,20121016,16,3,290,2,2012,2012,Qtr 4,Tháng Mười,16,10,1,42
Tuesday,October,Mardi,Octobre,Martes,Octubre,4,2,2012,20121023,23,3,297,2,2012,2012,Qtr 4,Tháng Mười,23,10,1,43
Tuesday,October,Mardi,Octobre,Martes,Octubre,4,2,2012,20121030,30,3,304,2,2012,2012,Qtr 4,Tháng Mười,30,10,1,44
Tuesday,October,Mardi,Octobre,Martes,Octubre,4,2,2013,20131001,1,3,274,2,2013,2013,Qtr 4,Tháng Mười,1,10,1,40
Tuesday,October,Mardi,Octobre,Martes,Octubre,4,2,2013,20131008,8,3,281,2,2013,2013,Qtr 4,Tháng Mười,8,10,1,41
Tuesday,October,Mardi,Octobre,Martes,Octubre,4,2,2013,20131015,15,3,288,2,2013,2013,Qtr 4,Tháng Mười,15,10,1,42
Tuesday,October,Mardi,Octobre,Martes,Octubre,4,2,2013,20131022,22,3,295,2,2013,2013,Qtr 4,Tháng Mười,22,10,1,43
Tuesday,October,Mardi,Octobre,Martes,Octubre,4,2,2013,20131029,29,3,302,2,2013,2013,Qtr 4,Tháng Mười,29,10,1,44
Tuesday,October,Mardi,Octobre,Martes,Octubre,4,2,2014,20141007,7,3,280,2,2014,2014,Qtr 4,Tháng Mười,7,10,1,41
Tuesday,October,Mardi,Octobre,Martes,Octubre,4,2,2014,20141014,14,3,287,2,2014,2014,Qtr 4,Tháng Mười,14,10,1,42
Tuesday,October,Mardi,Octobre,Martes,Octubre,4,2,2014,20141021,21,3,294,2,2014,2014,Qtr 4,Tháng Mười,21,10,1,43
Tuesday,October,Mardi,Octobre,Martes,Octubre,4,2,2014,20141028,28,3,301,2,2014,2014,Qtr 4,Tháng Mười,28,10,1,44
Tuesday,September,Mardi,Septembre,Martes,Septiembre,3,2,2005,20050906,6,3,249,1,2006,2005,Qtr 3,Tháng Chín,6,9,1,37
Tuesday,September,Mardi,Septembre,Martes,Septiembre,3,2,2005,20050913,13,3,256,1,2006,2005,Qtr 3,Tháng Chín,13,9,1,38
Tuesday,September,Mardi,Septembre,Martes,Septiembre,3,2,2005,20050920,20,3,263,1,2006,2005,Qtr 3,Tháng Chín,20,9,1,39
Tuesday,September,Mardi,Septembre,Martes,Septiembre,3,2,2005,20050927,27,3,270,1,2006,2005,Qtr 3,Tháng Chín,27,9,1,40
Tuesday,September,Mardi,Septembre,Martes,Septiembre,3,2,2006,20060905,5,3,248,1,2007,2006,Qtr 3,Tháng Chín,5,9,1,36
Tuesday,September,Mardi,Septembre,Martes,Septiembre,3,2,2006,20060912,12,3,255,1,2007,2006,Qtr 3,Tháng Chín,12,9,1,37
Tuesday,September,Mardi,Septembre,Martes,Septiembre,3,2,2006,20060919,19,3,262,1,2007,2006,Qtr 3,Tháng Chín,19,9,1,38
Tuesday,September,Mardi,Septembre,Martes,Septiembre,3,2,2006,20060926,26,3,269,1,2007,2006,Qtr 3,Tháng Chín,26,9,1,39
Tuesday,September,Mardi,Septembre,Martes,Septiembre,3,2,2007,20070904,4,3,247,1,2008,2007,Qtr 3,Tháng Chín,4,9,1,36
Tuesday,September,Mardi,Septembre,Martes,Septiembre,3,2,2007,20070911,11,3,254,1,2008,2007,Qtr 3,Tháng Chín,11,9,1,37
Tuesday,September,Mardi,Septembre,Martes,Septiembre,3,2,2007,20070918,18,3,261,1,2008,2007,Qtr 3,Tháng Chín,18,9,1,38
Tuesday,September,Mardi,Septembre,Martes,Septiembre,3,2,2007,20070925,25,3,268,1,2008,2007,Qtr 3,Tháng Chín,25,9,1,39
Tuesday,September,Mardi,Septembre,Martes,Septiembre,3,2,2008,20080902,2,3,246,1,2009,2008,Qtr 3,Tháng Chín,2,9,1,36
Tuesday,September,Mardi,Septembre,Martes,Septiembre,3,2,2008,20080909,9,3,253,1,2009,2008,Qtr 3,Tháng Chín,9,9,1,37
Tuesday,September,Mardi,Septembre,Martes,Septiembre,3,2,2008,20080916,16,3,260,1,2009,2008,Qtr 3,Tháng Chín,16,9,1,38
Tuesday,September,Mardi,Septembre,Martes,Septiembre,3,2,2008,20080923,23,3,267,1,2009,2008,Qtr 3,Tháng Chín,23,9,1,39
Tuesday,September,Mardi,Septembre,Martes,Septiembre,3,2,2008,20080930,30,3,274,1,2009,2008,Qtr 3,Tháng Chín,30,9,1,40
Tuesday,September,Mardi,Septembre,Martes,Septiembre,3,2,2009,20090901,1,3,244,1,2010,2009,Qtr 3,Tháng Chín,1,9,1,36
Tuesday,September,Mardi,Septembre,Martes,Septiembre,3,2,2009,20090908,8,3,251,1,2010,2009,Qtr 3,Tháng Chín,8,9,1,37
Tuesday,September,Mardi,Septembre,Martes,Septiembre,3,2,2009,20090915,15,3,258,1,2010,2009,Qtr 3,Tháng Chín,15,9,1,38
Tuesday,September,Mardi,Septembre,Martes,Septiembre,3,2,2009,20090922,22,3,265,1,2010,2009,Qtr 3,Tháng Chín,22,9,1,39
Tuesday,September,Mardi,Septembre,Martes,Septiembre,3,2,2009,20090929,29,3,272,1,2010,2009,Qtr 3,Tháng Chín,29,9,1,40
Tuesday,September,Mardi,Septembre,Martes,Septiembre,3,2,2010,20100907,7,3,250,1,2011,2010,Qtr 3,Tháng Chín,7,9,1,37
Tuesday,September,Mardi,Septembre,Martes,Septiembre,3,2,2010,20100914,14,3,257,1,2011,2010,Qtr 3,Tháng Chín,14,9,1,38
Tuesday,September,Mardi,Septembre,Martes,Septiembre,3,2,2010,20100921,21,3,264,1,2011,2010,Qtr 3,Tháng Chín,21,9,1,39
Tuesday,September,Mardi,Septembre,Martes,Septiembre,3,2,2010,20100928,28,3,271,1,2011,2010,Qtr 3,Tháng Chín,28,9,1,40
Tuesday,September,Mardi,Septembre,Martes,Septiembre,3,2,2011,20110906,6,3,249,1,2011,2011,Qtr 3,Tháng Chín,6,9,1,37
Tuesday,September,Mardi,Septembre,Martes,Septiembre,3,2,2011,20110913,13,3,256,1,2011,2011,Qtr 3,Tháng Chín,13,9,1,38
Tuesday,September,Mardi,Septembre,Martes,Septiembre,3,2,2011,20110920,20,3,263,1,2011,2011,Qtr 3,Tháng Chín,20,9,1,39
Tuesday,September,Mardi,Septembre,Martes,Septiembre,3,2,2011,20110927,27,3,270,1,2011,2011,Qtr 3,Tháng Chín,27,9,1,40
Tuesday,September,Mardi,Septembre,Martes,Septiembre,3,2,2012,20120904,4,3,248,1,2012,2012,Qtr 3,Tháng Chín,4,9,1,36
Tuesday,September,Mardi,Septembre,Martes,Septiembre,3,2,2012,20120911,11,3,255,1,2012,2012,Qtr 3,Tháng Chín,11,9,1,37
Tuesday,September,Mardi,Septembre,Martes,Septiembre,3,2,2012,20120918,18,3,262,1,2012,2012,Qtr 3,Tháng Chín,18,9,1,38
Tuesday,September,Mardi,Septembre,Martes,Septiembre,3,2,2012,20120925,25,3,269,1,2012,2012,Qtr 3,Tháng Chín,25,9,1,39
Tuesday,September,Mardi,Septembre,Martes,Septiembre,3,2,2013,20130903,3,3,246,1,2013,2013,Qtr 3,Tháng Chín,3,9,1,36
Tuesday,September,Mardi,Septembre,Martes,Septiembre,3,2,2013,20130910,10,3,253,1,2013,2013,Qtr 3,Tháng Chín,10,9,1,37
Tuesday,September,Mardi,Septembre,Martes,Septiembre,3,2,2013,20130917,17,3,260,1,2013,2013,Qtr 3,Tháng Chín,17,9,1,38
Tuesday,September,Mardi,Septembre,Martes,Septiembre,3,2,2013,20130924,24,3,267,1,2013,2013,Qtr 3,Tháng Chín,24,9,1,39
Tuesday,September,Mardi,Septembre,Martes,Septiembre,3,2,2014,20140902,2,3,245,1,2014,2014,Qtr 3,Tháng Chín,2,9,1,36
Tuesday,September,Mardi,Septembre,Martes,Septiembre,3,2,2014,20140909,9,3,252,1,2014,2014,Qtr 3,Tháng Chín,9,9,1,37
Tuesday,September,Mardi,Septembre,Martes,Septiembre,3,2,2014,20140916,16,3,259,1,2014,2014,Qtr 3,Tháng Chín,16,9,1,38
Tuesday,September,Mardi,Septembre,Martes,Septiembre,3,2,2014,20140923,23,3,266,1,2014,2014,Qtr 3,Tháng Chín,23,9,1,39
Tuesday,September,Mardi,Septembre,Martes,Septiembre,3,2,2014,20140930,30,3,273,1,2014,2014,Qtr 3,Tháng Chín,30,9,1,40
Thursday,April,Jeudi,Avril,Jueves,Abril,2,1,2005,20050407,7,5,97,4,2005,2005,Qtr 2,Tháng Tư,7,4,2,15
Thursday,April,Jeudi,Avril,Jueves,Abril,2,1,2005,20050414,14,5,104,4,2005,2005,Qtr 2,Tháng Tư,14,4,2,16
Thursday,April,Jeudi,Avril,Jueves,Abril,2,1,2005,20050421,21,5,111,4,2005,2005,Qtr 2,Tháng Tư,21,4,2,17
Thursday,April,Jeudi,Avril,Jueves,Abril,2,1,2005,20050428,28,5,118,4,2005,2005,Qtr 2,Tháng Tư,28,4,2,18
Thursday,April,Jeudi,Avril,Jueves,Abril,2,1,2006,20060406,6,5,96,4,2006,2006,Qtr 2,Tháng Tư,6,4,2,14
Thursday,April,Jeudi,Avril,Jueves,Abril,2,1,2006,20060413,13,5,103,4,2006,2006,Qtr 2,Tháng Tư,13,4,2,15
Thursday,April,Jeudi,Avril,Jueves,Abril,2,1,2006,20060420,20,5,110,4,2006,2006,Qtr 2,Tháng Tư,20,4,2,16
Thursday,April,Jeudi,Avril,Jueves,Abril,2,1,2006,20060427,27,5,117,4,2006,2006,Qtr 2,Tháng Tư,27,4,2,17
Thursday,April,Jeudi,Avril,Jueves,Abril,2,1,2007,20070405,5,5,95,4,2007,2007,Qtr 2,Tháng Tư,5,4,2,14
Thursday,April,Jeudi,Avril,Jueves,Abril,2,1,2007,20070412,12,5,102,4,2007,2007,Qtr 2,Tháng Tư,12,4,2,15
Thursday,April,Jeudi,Avril,Jueves,Abril,2,1,2007,20070419,19,5,109,4,2007,2007,Qtr 2,Tháng Tư,19,4,2,16
Thursday,April,Jeudi,Avril,Jueves,Abril,2,1,2007,20070426,26,5,116,4,2007,2007,Qtr 2,Tháng Tư,26,4,2,17
Thursday,April,Jeudi,Avril,Jueves,Abril,2,1,2008,20080403,3,5,94,4,2008,2008,Qtr 2,Tháng Tư,3,4,2,14
Thursday,April,Jeudi,Avril,Jueves,Abril,2,1,2008,20080410,10,5,101,4,2008,2008,Qtr 2,Tháng Tư,10,4,2,15
Thursday,April,Jeudi,Avril,Jueves,Abril,2,1,2008,20080417,17,5,108,4,2008,2008,Qtr 2,Tháng Tư,17,4,2,16
Thursday,April,Jeudi,Avril,Jueves,Abril,2,1,2008,20080424,24,5,115,4,2008,2008,Qtr 2,Tháng Tư,24,4,2,17
Thursday,April,Jeudi,Avril,Jueves,Abril,2,1,2009,20090402,2,5,92,4,2009,2009,Qtr 2,Tháng Tư,2,4,2,14
Thursday,April,Jeudi,Avril,Jueves,Abril,2,1,2009,20090409,9,5,99,4,2009,2009,Qtr 2,Tháng Tư,9,4,2,15
Thursday,April,Jeudi,Avril,Jueves,Abril,2,1,2009,20090416,16,5,106,4,2009,2009,Qtr 2,Tháng Tư,16,4,2,16
Thursday,April,Jeudi,Avril,Jueves,Abril,2,1,2009,20090423,23,5,113,4,2009,2009,Qtr 2,Tháng Tư,23,4,2,17
Thursday,April,Jeudi,Avril,Jueves,Abril,2,1,2009,20090430,30,5,120,4,2009,2009,Qtr 2,Tháng Tư,30,4,2,18
Thursday,April,Jeudi,Avril,Jueves,Abril,2,1,2010,20100401,1,5,91,4,2010,2010,Qtr 2,Tháng Tư,1,4,2,14
Thursday,April,Jeudi,Avril,Jueves,Abril,2,1,2010,20100408,8,5,98,4,2010,2010,Qtr 2,Tháng Tư,8,4,2,15
Thursday,April,Jeudi,Avril,Jueves,Abril,2,1,2010,20100415,15,5,105,4,2010,2010,Qtr 2,Tháng Tư,15,4,2,16
Thursday,April,Jeudi,Avril,Jueves,Abril,2,1,2010,20100422,22,5,112,4,2010,2010,Qtr 2,Tháng Tư,22,4,2,17
Thursday,April,Jeudi,Avril,Jueves,Abril,2,1,2010,20100429,29,5,119,4,2010,2010,Qtr 2,Tháng Tư,29,4,2,18
Thursday,April,Jeudi,Avril,Jueves,Abril,2,1,2011,20110407,7,5,97,4,2010,2011,Qtr 2,Tháng Tư,7,4,2,15
Thursday,April,Jeudi,Avril,Jueves,Abril,2,1,2011,20110414,14,5,104,4,2010,2011,Qtr 2,Tháng Tư,14,4,2,16
Thursday,April,Jeudi,Avril,Jueves,Abril,2,1,2011,20110421,21,5,111,4,2010,2011,Qtr 2,Tháng Tư,21,4,2,17
Thursday,April,Jeudi,Avril,Jueves,Abril,2,1,2011,20110428,28,5,118,4,2010,2011,Qtr 2,Tháng Tư,28,4,2,18
Thursday,April,Jeudi,Avril,Jueves,Abril,2,1,2012,20120405,5,5,96,4,2011,2012,Qtr 2,Tháng Tư,5,4,2,14
Thursday,April,Jeudi,Avril,Jueves,Abril,2,1,2012,20120412,12,5,103,4,2011,2012,Qtr 2,Tháng Tư,12,4,2,15
Thursday,April,Jeudi,Avril,Jueves,Abril,2,1,2012,20120419,19,5,110,4,2011,2012,Qtr 2,Tháng Tư,19,4,2,16
Thursday,April,Jeudi,Avril,Jueves,Abril,2,1,2012,20120426,26,5,117,4,2011,2012,Qtr 2,Tháng Tư,26,4,2,17
Thursday,April,Jeudi,Avril,Jueves,Abril,2,1,2013,20130404,4,5,94,4,2012,2013,Qtr 2,Tháng Tư,4,4,2,14
Thursday,April,Jeudi,Avril,Jueves,Abril,2,1,2013,20130411,11,5,101,4,2012,2013,Qtr 2,Tháng Tư,11,4,2,15
Thursday,April,Jeudi,Avril,Jueves,Abril,2,1,2013,20130418,18,5,108,4,2012,2013,Qtr 2,Tháng Tư,18,4,2,16
Thursday,April,Jeudi,Avril,Jueves,Abril,2,1,2013,20130425,25,5,115,4,2012,2013,Qtr 2,Tháng Tư,25,4,2,17
Thursday,April,Jeudi,Avril,Jueves,Abril,2,1,2014,20140403,3,5,93,4,2013,2014,Qtr 2,Tháng Tư,3,4,2,14
Thursday,April,Jeudi,Avril,Jueves,Abril,2,1,2014,20140410,10,5,100,4,2013,2014,Qtr 2,Tháng Tư,10,4,2,15
Thursday,April,Jeudi,Avril,Jueves,Abril,2,1,2014,20140417,17,5,107,4,2013,2014,Qtr 2,Tháng Tư,17,4,2,16
Thursday,April,Jeudi,Avril,Jueves,Abril,2,1,2014,20140424,24,5,114,4,2013,2014,Qtr 2,Tháng Tư,24,4,2,17
Thursday,August,Jeudi,Août,Jueves,Agosto,3,2,2005,20050804,4,5,216,1,2006,2005,Qtr 3,Tháng Tám,4,8,1,32
Thursday,August,Jeudi,Août,Jueves,Agosto,3,2,2005,20050811,11,5,223,1,2006,2005,Qtr 3,Tháng Tám,11,8,1,33
Thursday,August,Jeudi,Août,Jueves,Agosto,3,2,2005,20050818,18,5,230,1,2006,2005,Qtr 3,Tháng Tám,18,8,1,34
Thursday,August,Jeudi,Août,Jueves,Agosto,3,2,2005,20050825,25,5,237,1,2006,2005,Qtr 3,Tháng Tám,25,8,1,35
Thursday,August,Jeudi,Août,Jueves,Agosto,3,2,2006,20060803,3,5,215,1,2007,2006,Qtr 3,Tháng Tám,3,8,1,31
Thursday,August,Jeudi,Août,Jueves,Agosto,3,2,2006,20060810,10,5,222,1,2007,2006,Qtr 3,Tháng Tám,10,8,1,32
Thursday,August,Jeudi,Août,Jueves,Agosto,3,2,2006,20060817,17,5,229,1,2007,2006,Qtr 3,Tháng Tám,17,8,1,33
Thursday,August,Jeudi,Août,Jueves,Agosto,3,2,2006,20060824,24,5,236,1,2007,2006,Qtr 3,Tháng Tám,24,8,1,34
Thursday,August,Jeudi,Août,Jueves,Agosto,3,2,2006,20060831,31,5,243,1,2007,2006,Qtr 3,Tháng Tám,31,8,1,35
Thursday,August,Jeudi,Août,Jueves,Agosto,3,2,2007,20070802,2,5,214,1,2008,2007,Qtr 3,Tháng Tám,2,8,1,31
Thursday,August,Jeudi,Août,Jueves,Agosto,3,2,2007,20070809,9,5,221,1,2008,2007,Qtr 3,Tháng Tám,9,8,1,32
Thursday,August,Jeudi,Août,Jueves,Agosto,3,2,2007,20070816,16,5,228,1,2008,2007,Qtr 3,Tháng Tám,16,8,1,33
Thursday,August,Jeudi,Août,Jueves,Agosto,3,2,2007,20070823,23,5,235,1,2008,2007,Qtr 3,Tháng Tám,23,8,1,34
Thursday,August,Jeudi,Août,Jueves,Agosto,3,2,2007,20070830,30,5,242,1,2008,2007,Qtr 3,Tháng Tám,30,8,1,35
Thursday,August,Jeudi,Août,Jueves,Agosto,3,2,2008,20080807,7,5,220,1,2009,2008,Qtr 3,Tháng Tám,7,8,1,32
Thursday,August,Jeudi,Août,Jueves,Agosto,3,2,2008,20080814,14,5,227,1,2009,2008,Qtr 3,Tháng Tám,14,8,1,33
Thursday,August,Jeudi,Août,Jueves,Agosto,3,2,2008,20080821,21,5,234,1,2009,2008,Qtr 3,Tháng Tám,21,8,1,34
Thursday,August,Jeudi,Août,Jueves,Agosto,3,2,2008,20080828,28,5,241,1,2009,2008,Qtr 3,Tháng Tám,28,8,1,35
Thursday,August,Jeudi,Août,Jueves,Agosto,3,2,2009,20090806,6,5,218,1,2010,2009,Qtr 3,Tháng Tám,6,8,1,32
Thursday,August,Jeudi,Août,Jueves,Agosto,3,2,2009,20090813,13,5,225,1,2010,2009,Qtr 3,Tháng Tám,13,8,1,33
Thursday,August,Jeudi,Août,Jueves,Agosto,3,2,2009,20090820,20,5,232,1,2010,2009,Qtr 3,Tháng Tám,20,8,1,34
Thursday,August,Jeudi,Août,Jueves,Agosto,3,2,2009,20090827,27,5,239,1,2010,2009,Qtr 3,Tháng Tám,27,8,1,35
Thursday,August,Jeudi,Août,Jueves,Agosto,3,2,2010,20100805,5,5,217,1,2011,2010,Qtr 3,Tháng Tám,5,8,1,32
Thursday,August,Jeudi,Août,Jueves,Agosto,3,2,2010,20100812,12,5,224,1,2011,2010,Qtr 3,Tháng Tám,12,8,1,33
Thursday,August,Jeudi,Août,Jueves,Agosto,3,2,2010,20100819,19,5,231,1,2011,2010,Qtr 3,Tháng Tám,19,8,1,34
Thursday,August,Jeudi,Août,Jueves,Agosto,3,2,2010,20100826,26,5,238,1,2011,2010,Qtr 3,Tháng Tám,26,8,1,35
Thursday,August,Jeudi,Août,Jueves,Agosto,3,2,2011,20110804,4,5,216,1,2011,2011,Qtr 3,Tháng Tám,4,8,1,32
Thursday,August,Jeudi,Août,Jueves,Agosto,3,2,2011,20110811,11,5,223,1,2011,2011,Qtr 3,Tháng Tám,11,8,1,33
Thursday,August,Jeudi,Août,Jueves,Agosto,3,2,2011,20110818,18,5,230,1,2011,2011,Qtr 3,Tháng Tám,18,8,1,34
Thursday,August,Jeudi,Août,Jueves,Agosto,3,2,2011,20110825,25,5,237,1,2011,2011,Qtr 3,Tháng Tám,25,8,1,35
Thursday,August,Jeudi,Août,Jueves,Agosto,3,2,2012,20120802,2,5,215,1,2012,2012,Qtr 3,Tháng Tám,2,8,1,31
Thursday,August,Jeudi,Août,Jueves,Agosto,3,2,2012,20120809,9,5,222,1,2012,2012,Qtr 3,Tháng Tám,9,8,1,32
Thursday,August,Jeudi,Août,Jueves,Agosto,3,2,2012,20120816,16,5,229,1,2012,2012,Qtr 3,Tháng Tám,16,8,1,33
Thursday,August,Jeudi,Août,Jueves,Agosto,3,2,2012,20120823,23,5,236,1,2012,2012,Qtr 3,Tháng Tám,23,8,1,34
Thursday,August,Jeudi,Août,Jueves,Agosto,3,2,2012,20120830,30,5,243,1,2012,2012,Qtr 3,Tháng Tám,30,8,1,35
Thursday,August,Jeudi,Août,Jueves,Agosto,3,2,2013,20130801,1,5,213,1,2013,2013,Qtr 3,Tháng Tám,1,8,1,31
Thursday,August,Jeudi,Août,Jueves,Agosto,3,2,2013,20130808,8,5,220,1,2013,2013,Qtr 3,Tháng Tám,8,8,1,32
Thursday,August,Jeudi,Août,Jueves,Agosto,3,2,2013,20130815,15,5,227,1,2013,2013,Qtr 3,Tháng Tám,15,8,1,33
Thursday,August,Jeudi,Août,Jueves,Agosto,3,2,2013,20130822,22,5,234,1,2013,2013,Qtr 3,Tháng Tám,22,8,1,34
Thursday,August,Jeudi,Août,Jueves,Agosto,3,2,2013,20130829,29,5,241,1,2013,2013,Qtr 3,Tháng Tám,29,8,1,35
Thursday,August,Jeudi,Août,Jueves,Agosto,3,2,2014,20140807,7,5,219,1,2014,2014,Qtr 3,Tháng Tám,7,8,1,32
Thursday,August,Jeudi,Août,Jueves,Agosto,3,2,2014,20140814,14,5,226,1,2014,2014,Qtr 3,Tháng Tám,14,8,1,33
Thursday,August,Jeudi,Août,Jueves,Agosto,3,2,2014,20140821,21,5,233,1,2014,2014,Qtr 3,Tháng Tám,21,8,1,34
Thursday,August,Jeudi,Août,Jueves,Agosto,3,2,2014,20140828,28,5,240,1,2014,2014,Qtr 3,Tháng Tám,28,8,1,35
Thursday,December,Jeudi,Décembre,Jueves,Diciembre,4,2,2005,20051201,1,5,335,2,2006,2005,Qtr 4,Tháng Mười Hai,1,12,1,49
Thursday,December,Jeudi,Décembre,Jueves,Diciembre,4,2,2005,20051208,8,5,342,2,2006,2005,Qtr 4,Tháng Mười Hai,8,12,1,50
Thursday,December,Jeudi,Décembre,Jueves,Diciembre,4,2,2005,20051215,15,5,349,2,2006,2005,Qtr 4,Tháng Mười Hai,15,12,1,51
Thursday,December,Jeudi,Décembre,Jueves,Diciembre,4,2,2005,20051222,22,5,356,2,2006,2005,Qtr 4,Tháng Mười Hai,22,12,1,52
Thursday,December,Jeudi,Décembre,Jueves,Diciembre,4,2,2005,20051229,29,5,363,2,2006,2005,Qtr 4,Tháng Mười Hai,29,12,1,53
Thursday,December,Jeudi,Décembre,Jueves,Diciembre,4,2,2006,20061207,7,5,341,2,2007,2006,Qtr 4,Tháng Mười Hai,7,12,1,49
Thursday,December,Jeudi,Décembre,Jueves,Diciembre,4,2,2006,20061214,14,5,348,2,2007,2006,Qtr 4,Tháng Mười Hai,14,12,1,50
Thursday,December,Jeudi,Décembre,Jueves,Diciembre,4,2,2006,20061221,21,5,355,2,2007,2006,Qtr 4,Tháng Mười Hai,21,12,1,51
Thursday,December,Jeudi,Décembre,Jueves,Diciembre,4,2,2006,20061228,28,5,362,2,2007,2006,Qtr 4,Tháng Mười Hai,28,12,1,52
Thursday,December,Jeudi,Décembre,Jueves,Diciembre,4,2,2007,20071206,6,5,340,2,2008,2007,Qtr 4,Tháng Mười Hai,6,12,1,49
Thursday,December,Jeudi,Décembre,Jueves,Diciembre,4,2,2007,20071213,13,5,347,2,2008,2007,Qtr 4,Tháng Mười Hai,13,12,1,50
Thursday,December,Jeudi,Décembre,Jueves,Diciembre,4,2,2007,20071220,20,5,354,2,2008,2007,Qtr 4,Tháng Mười Hai,20,12,1,51
Thursday,December,Jeudi,Décembre,Jueves,Diciembre,4,2,2007,20071227,27,5,361,2,2008,2007,Qtr 4,Tháng Mười Hai,27,12,1,52
Thursday,December,Jeudi,Décembre,Jueves,Diciembre,4,2,2008,20081204,4,5,339,2,2009,2008,Qtr 4,Tháng Mười Hai,4,12,1,49
Thursday,December,Jeudi,Décembre,Jueves,Diciembre,4,2,2008,20081211,11,5,346,2,2009,2008,Qtr 4,Tháng Mười Hai,11,12,1,50
Thursday,December,Jeudi,Décembre,Jueves,Diciembre,4,2,2008,20081218,18,5,353,2,2009,2008,Qtr 4,Tháng Mười Hai,18,12,1,51
Thursday,December,Jeudi,Décembre,Jueves,Diciembre,4,2,2008,20081225,25,5,360,2,2009,2008,Qtr 4,Tháng Mười Hai,25,12,1,52
Thursday,December,Jeudi,Décembre,Jueves,Diciembre,4,2,2009,20091203,3,5,337,2,2010,2009,Qtr 4,Tháng Mười Hai,3,12,1,49
Thursday,December,Jeudi,Décembre,Jueves,Diciembre,4,2,2009,20091210,10,5,344,2,2010,2009,Qtr 4,Tháng Mười Hai,10,12,1,50
Thursday,December,Jeudi,Décembre,Jueves,Diciembre,4,2,2009,20091217,17,5,351,2,2010,2009,Qtr 4,Tháng Mười Hai,17,12,1,51
Thursday,December,Jeudi,Décembre,Jueves,Diciembre,4,2,2009,20091224,24,5,358,2,2010,2009,Qtr 4,Tháng Mười Hai,24,12,1,52
Thursday,December,Jeudi,Décembre,Jueves,Diciembre,4,2,2009,20091231,31,5,365,2,2010,2009,Qtr 4,Tháng Mười Hai,31,12,1,53
Thursday,December,Jeudi,Décembre,Jueves,Diciembre,4,2,2010,20101202,2,5,336,2,2011,2010,Qtr 4,Tháng Mười Hai,2,12,1,49
Thursday,December,Jeudi,Décembre,Jueves,Diciembre,4,2,2010,20101209,9,5,343,2,2011,2010,Qtr 4,Tháng Mười Hai,9,12,1,50
Thursday,December,Jeudi,Décembre,Jueves,Diciembre,4,2,2010,20101216,16,5,350,2,2011,2010,Qtr 4,Tháng Mười Hai,16,12,1,51
Thursday,December,Jeudi,Décembre,Jueves,Diciembre,4,2,2010,20101223,23,5,357,2,2011,2010,Qtr 4,Tháng Mười Hai,23,12,1,52
Thursday,December,Jeudi,Décembre,Jueves,Diciembre,4,2,2010,20101230,30,5,364,2,2011,2010,Qtr 4,Tháng Mười Hai,30,12,1,53
Thursday,December,Jeudi,Décembre,Jueves,Diciembre,4,2,2011,20111201,1,5,335,2,2011,2011,Qtr 4,Tháng Mười Hai,1,12,1,49
Thursday,December,Jeudi,Décembre,Jueves,Diciembre,4,2,2011,20111208,8,5,342,2,2011,2011,Qtr 4,Tháng Mười Hai,8,12,1,50
Thursday,December,Jeudi,Décembre,Jueves,Diciembre,4,2,2011,20111215,15,5,349,2,2011,2011,Qtr 4,Tháng Mười Hai,15,12,1,51
Thursday,December,Jeudi,Décembre,Jueves,Diciembre,4,2,2011,20111222,22,5,356,2,2011,2011,Qtr 4,Tháng Mười Hai,22,12,1,52
Thursday,December,Jeudi,Décembre,Jueves,Diciembre,4,2,2011,20111229,29,5,363,2,2011,2011,Qtr 4,Tháng Mười Hai,29,12,1,53
Thursday,December,Jeudi,Décembre,Jueves,Diciembre,4,2,2012,20121206,6,5,341,2,2012,2012,Qtr 4,Tháng Mười Hai,6,12,1,49
Thursday,December,Jeudi,Décembre,Jueves,Diciembre,4,2,2012,20121213,13,5,348,2,2012,2012,Qtr 4,Tháng Mười Hai,13,12,1,50
Thursday,December,Jeudi,Décembre,Jueves,Diciembre,4,2,2012,20121220,20,5,355,2,2012,2012,Qtr 4,Tháng Mười Hai,20,12,1,51
Thursday,December,Jeudi,Décembre,Jueves,Diciembre,4,2,2012,20121227,27,5,362,2,2012,2012,Qtr 4,Tháng Mười Hai,27,12,1,52
Thursday,December,Jeudi,Décembre,Jueves,Diciembre,4,2,2013,20131205,5,5,339,2,2013,2013,Qtr 4,Tháng Mười Hai,5,12,1,49
Thursday,December,Jeudi,Décembre,Jueves,Diciembre,4,2,2013,20131212,12,5,346,2,2013,2013,Qtr 4,Tháng Mười Hai,12,12,1,50
Thursday,December,Jeudi,Décembre,Jueves,Diciembre,4,2,2013,20131219,19,5,353,2,2013,2013,Qtr 4,Tháng Mười Hai,19,12,1,51
Thursday,December,Jeudi,Décembre,Jueves,Diciembre,4,2,2013,20131226,26,5,360,2,2013,2013,Qtr 4,Tháng Mười Hai,26,12,1,52
Thursday,December,Jeudi,Décembre,Jueves,Diciembre,4,2,2014,20141204,4,5,338,2,2014,2014,Qtr 4,Tháng Mười Hai,4,12,1,49
Thursday,December,Jeudi,Décembre,Jueves,Diciembre,4,2,2014,20141211,11,5,345,2,2014,2014,Qtr 4,Tháng Mười Hai,11,12,1,50
Thursday,December,Jeudi,Décembre,Jueves,Diciembre,4,2,2014,20141218,18,5,352,2,2014,2014,Qtr 4,Tháng Mười Hai,18,12,1,51
Thursday,December,Jeudi,Décembre,Jueves,Diciembre,4,2,2014,20141225,25,5,359,2,2014,2014,Qtr 4,Tháng Mười Hai,25,12,1,52
Thursday,February,Jeudi,Février,Jueves,Febrero,1,1,2005,20050203,3,5,34,3,2005,2005,Qtr 1,Tháng Hai,3,2,2,6
Thursday,February,Jeudi,Février,Jueves,Febrero,1,1,2005,20050210,10,5,41,3,2005,2005,Qtr 1,Tháng Hai,10,2,2,7
Thursday,February,Jeudi,Février,Jueves,Febrero,1,1,2005,20050217,17,5,48,3,2005,2005,Qtr 1,Tháng Hai,17,2,2,8
Thursday,February,Jeudi,Février,Jueves,Febrero,1,1,2005,20050224,24,5,55,3,2005,2005,Qtr 1,Tháng Hai,24,2,2,9
Thursday,February,Jeudi,Février,Jueves,Febrero,1,1,2006,20060202,2,5,33,3,2006,2006,Qtr 1,Tháng Hai,2,2,2,5
Thursday,February,Jeudi,Février,Jueves,Febrero,1,1,2006,20060209,9,5,40,3,2006,2006,Qtr 1,Tháng Hai,9,2,2,6
Thursday,February,Jeudi,Février,Jueves,Febrero,1,1,2006,20060216,16,5,47,3,2006,2006,Qtr 1,Tháng Hai,16,2,2,7
Thursday,February,Jeudi,Février,Jueves,Febrero,1,1,2006,20060223,23,5,54,3,2006,2006,Qtr 1,Tháng Hai,23,2,2,8
Thursday,February,Jeudi,Février,Jueves,Febrero,1,1,2007,20070201,1,5,32,3,2007,2007,Qtr 1,Tháng Hai,1,2,2,5
Thursday,February,Jeudi,Février,Jueves,Febrero,1,1,2007,20070208,8,5,39,3,2007,2007,Qtr 1,Tháng Hai,8,2,2,6
Thursday,February,Jeudi,Février,Jueves,Febrero,1,1,2007,20070215,15,5,46,3,2007,2007,Qtr 1,Tháng Hai,15,2,2,7
Thursday,February,Jeudi,Février,Jueves,Febrero,1,1,2007,20070222,22,5,53,3,2007,2007,Qtr 1,Tháng Hai,22,2,2,8
Thursday,February,Jeudi,Février,Jueves,Febrero,1,1,2008,20080207,7,5,38,3,2008,2008,Qtr 1,Tháng Hai,7,2,2,6
Thursday,February,Jeudi,Février,Jueves,Febrero,1,1,2008,20080214,14,5,45,3,2008,2008,Qtr 1,Tháng Hai,14,2,2,7
Thursday,February,Jeudi,Février,Jueves,Febrero,1,1,2008,20080221,21,5,52,3,2008,2008,Qtr 1,Tháng Hai,21,2,2,8
Thursday,February,Jeudi,Février,Jueves,Febrero,1,1,2008,20080228,28,5,59,3,2008,2008,Qtr 1,Tháng Hai,28,2,2,9
Thursday,February,Jeudi,Février,Jueves,Febrero,1,1,2009,20090205,5,5,36,3,2009,2009,Qtr 1,Tháng Hai,5,2,2,6
Thursday,February,Jeudi,Février,Jueves,Febrero,1,1,2009,20090212,12,5,43,3,2009,2009,Qtr 1,Tháng Hai,12,2,2,7
Thursday,February,Jeudi,Février,Jueves,Febrero,1,1,2009,20090219,19,5,50,3,2009,2009,Qtr 1,Tháng Hai,19,2,2,8
Thursday,February,Jeudi,Février,Jueves,Febrero,1,1,2009,20090226,26,5,57,3,2009,2009,Qtr 1,Tháng Hai,26,2,2,9
Thursday,February,Jeudi,Février,Jueves,Febrero,1,1,2010,20100204,4,5,35,3,2010,2010,Qtr 1,Tháng Hai,4,2,2,6
Thursday,February,Jeudi,Février,Jueves,Febrero,1,1,2010,20100211,11,5,42,3,2010,2010,Qtr 1,Tháng Hai,11,2,2,7
Thursday,February,Jeudi,Février,Jueves,Febrero,1,1,2010,20100218,18,5,49,3,2010,2010,Qtr 1,Tháng Hai,18,2,2,8
Thursday,February,Jeudi,Février,Jueves,Febrero,1,1,2010,20100225,25,5,56,3,2010,2010,Qtr 1,Tháng Hai,25,2,2,9
Thursday,February,Jeudi,Février,Jueves,Febrero,1,1,2011,20110203,3,5,34,3,2010,2011,Qtr 1,Tháng Hai,3,2,2,6
Thursday,February,Jeudi,Février,Jueves,Febrero,1,1,2011,20110210,10,5,41,3,2010,2011,Qtr 1,Tháng Hai,10,2,2,7
Thursday,February,Jeudi,Février,Jueves,Febrero,1,1,2011,20110217,17,5,48,3,2010,2011,Qtr 1,Tháng Hai,17,2,2,8
Thursday,February,Jeudi,Février,Jueves,Febrero,1,1,2011,20110224,24,5,55,3,2010,2011,Qtr 1,Tháng Hai,24,2,2,9
Thursday,February,Jeudi,Février,Jueves,Febrero,1,1,2012,20120202,2,5,33,3,2011,2012,Qtr 1,Tháng Hai,2,2,2,5
Thursday,February,Jeudi,Février,Jueves,Febrero,1,1,2012,20120209,9,5,40,3,2011,2012,Qtr 1,Tháng Hai,9,2,2,6
Thursday,February,Jeudi,Février,Jueves,Febrero,1,1,2012,20120216,16,5,47,3,2011,2012,Qtr 1,Tháng Hai,16,2,2,7
Thursday,February,Jeudi,Février,Jueves,Febrero,1,1,2012,20120223,23,5,54,3,2011,2012,Qtr 1,Tháng Hai,23,2,2,8
Thursday,February,Jeudi,Février,Jueves,Febrero,1,1,2013,20130207,7,5,38,3,2012,2013,Qtr 1,Tháng Hai,7,2,2,6
Thursday,February,Jeudi,Février,Jueves,Febrero,1,1,2013,20130214,14,5,45,3,2012,2013,Qtr 1,Tháng Hai,14,2,2,7
Thursday,February,Jeudi,Février,Jueves,Febrero,1,1,2013,20130221,21,5,52,3,2012,2013,Qtr 1,Tháng Hai,21,2,2,8
Thursday,February,Jeudi,Février,Jueves,Febrero,1,1,2013,20130228,28,5,59,3,2012,2013,Qtr 1,Tháng Hai,28,2,2,9
Thursday,February,Jeudi,Février,Jueves,Febrero,1,1,2014,20140206,6,5,37,3,2013,2014,Qtr 1,Tháng Hai,6,2,2,6
Thursday,February,Jeudi,Février,Jueves,Febrero,1,1,2014,20140213,13,5,44,3,2013,2014,Qtr 1,Tháng Hai,13,2,2,7
Thursday,February,Jeudi,Février,Jueves,Febrero,1,1,2014,20140220,20,5,51,3,2013,2014,Qtr 1,Tháng Hai,20,2,2,8
Thursday,February,Jeudi,Février,Jueves,Febrero,1,1,2014,20140227,27,5,58,3,2013,2014,Qtr 1,Tháng Hai,27,2,2,9
Thursday,January,Jeudi,Janvier,Jueves,Enero,1,1,2005,20050106,6,5,6,3,2005,2005,Qtr 1,Tháng Giêng,6,1,2,2
Thursday,January,Jeudi,Janvier,Jueves,Enero,1,1,2005,20050113,13,5,13,3,2005,2005,Qtr 1,Tháng Giêng,13,1,2,3
Thursday,January,Jeudi,Janvier,Jueves,Enero,1,1,2005,20050120,20,5,20,3,2005,2005,Qtr 1,Tháng Giêng,20,1,2,4
Thursday,January,Jeudi,Janvier,Jueves,Enero,1,1,2005,20050127,27,5,27,3,2005,2005,Qtr 1,Tháng Giêng,27,1,2,5
Thursday,January,Jeudi,Janvier,Jueves,Enero,1,1,2006,20060105,5,5,5,3,2006,2006,Qtr 1,Tháng Giêng,5,1,2,1
Thursday,January,Jeudi,Janvier,Jueves,Enero,1,1,2006,20060112,12,5,12,3,2006,2006,Qtr 1,Tháng Giêng,12,1,2,2
Thursday,January,Jeudi,Janvier,Jueves,Enero,1,1,2006,20060119,19,5,19,3,2006,2006,Qtr 1,Tháng Giêng,19,1,2,3
Thursday,January,Jeudi,Janvier,Jueves,Enero,1,1,2006,20060126,26,5,26,3,2006,2006,Qtr 1,Tháng Giêng,26,1,2,4
Thursday,January,Jeudi,Janvier,Jueves,Enero,1,1,2007,20070104,4,5,4,3,2007,2007,Qtr 1,Tháng Giêng,4,1,2,1
Thursday,January,Jeudi,Janvier,Jueves,Enero,1,1,2007,20070111,11,5,11,3,2007,2007,Qtr 1,Tháng Giêng,11,1,2,2
Thursday,January,Jeudi,Janvier,Jueves,Enero,1,1,2007,20070118,18,5,18,3,2007,2007,Qtr 1,Tháng Giêng,18,1,2,3
Thursday,January,Jeudi,Janvier,Jueves,Enero,1,1,2007,20070125,25,5,25,3,2007,2007,Qtr 1,Tháng Giêng,25,1,2,4
Thursday,January,Jeudi,Janvier,Jueves,Enero,1,1,2008,20080103,3,5,3,3,2008,2008,Qtr 1,Tháng Giêng,3,1,2,1
Thursday,January,Jeudi,Janvier,Jueves,Enero,1,1,2008,20080110,10,5,10,3,2008,2008,Qtr 1,Tháng Giêng,10,1,2,2
Thursday,January,Jeudi,Janvier,Jueves,Enero,1,1,2008,20080117,17,5,17,3,2008,2008,Qtr 1,Tháng Giêng,17,1,2,3
Thursday,January,Jeudi,Janvier,Jueves,Enero,1,1,2008,20080124,24,5,24,3,2008,2008,Qtr 1,Tháng Giêng,24,1,2,4
Thursday,January,Jeudi,Janvier,Jueves,Enero,1,1,2008,20080131,31,5,31,3,2008,2008,Qtr 1,Tháng Giêng,31,1,2,5
Thursday,January,Jeudi,Janvier,Jueves,Enero,1,1,2009,20090101,1,5,1,3,2009,2009,Qtr 1,Tháng Giêng,1,1,2,1
Thursday,January,Jeudi,Janvier,Jueves,Enero,1,1,2009,20090108,8,5,8,3,2009,2009,Qtr 1,Tháng Giêng,8,1,2,2
Thursday,January,Jeudi,Janvier,Jueves,Enero,1,1,2009,20090115,15,5,15,3,2009,2009,Qtr 1,Tháng Giêng,15,1,2,3
Thursday,January,Jeudi,Janvier,Jueves,Enero,1,1,2009,20090122,22,5,22,3,2009,2009,Qtr 1,Tháng Giêng,22,1,2,4
Thursday,January,Jeudi,Janvier,Jueves,Enero,1,1,2009,20090129,29,5,29,3,2009,2009,Qtr 1,Tháng Giêng,29,1,2,5
Thursday,January,Jeudi,Janvier,Jueves,Enero,1,1,2010,20100107,7,5,7,3,2010,2010,Qtr 1,Tháng Giêng,7,1,2,2
Thursday,January,Jeudi,Janvier,Jueves,Enero,1,1,2010,20100114,14,5,14,3,2010,2010,Qtr 1,Tháng Giêng,14,1,2,3
Thursday,January,Jeudi,Janvier,Jueves,Enero,1,1,2010,20100121,21,5,21,3,2010,2010,Qtr 1,Tháng Giêng,21,1,2,4
Thursday,January,Jeudi,Janvier,Jueves,Enero,1,1,2010,20100128,28,5,28,3,2010,2010,Qtr 1,Tháng Giêng,28,1,2,5
Thursday,January,Jeudi,Janvier,Jueves,Enero,1,1,2011,20110106,6,5,6,3,2010,2011,Qtr 1,Tháng Giêng,6,1,2,2
Thursday,January,Jeudi,Janvier,Jueves,Enero,1,1,2011,20110113,13,5,13,3,2010,2011,Qtr 1,Tháng Giêng,13,1,2,3
Thursday,January,Jeudi,Janvier,Jueves,Enero,1,1,2011,20110120,20,5,20,3,2010,2011,Qtr 1,Tháng Giêng,20,1,2,4
Thursday,January,Jeudi,Janvier,Jueves,Enero,1,1,2011,20110127,27,5,27,3,2010,2011,Qtr 1,Tháng Giêng,27,1,2,5
Thursday,January,Jeudi,Janvier,Jueves,Enero,1,1,2012,20120105,5,5,5,3,2011,2012,Qtr 1,Tháng Giêng,5,1,2,1
Thursday,January,Jeudi,Janvier,Jueves,Enero,1,1,2012,20120112,12,5,12,3,2011,2012,Qtr 1,Tháng Giêng,12,1,2,2
Thursday,January,Jeudi,Janvier,Jueves,Enero,1,1,2012,20120119,19,5,19,3,2011,2012,Qtr 1,Tháng Giêng,19,1,2,3
Thursday,January,Jeudi,Janvier,Jueves,Enero,1,1,2012,20120126,26,5,26,3,2011,2012,Qtr 1,Tháng Giêng,26,1,2,4
Thursday,January,Jeudi,Janvier,Jueves,Enero,1,1,2013,20130103,3,5,3,3,2012,2013,Qtr 1,Tháng Giêng,3,1,2,1
Thursday,January,Jeudi,Janvier,Jueves,Enero,1,1,2013,20130110,10,5,10,3,2012,2013,Qtr 1,Tháng Giêng,10,1,2,2
Thursday,January,Jeudi,Janvier,Jueves,Enero,1,1,2013,20130117,17,5,17,3,2012,2013,Qtr 1,Tháng Giêng,17,1,2,3
Thursday,January,Jeudi,Janvier,Jueves,Enero,1,1,2013,20130124,24,5,24,3,2012,2013,Qtr 1,Tháng Giêng,24,1,2,4
Thursday,January,Jeudi,Janvier,Jueves,Enero,1,1,2013,20130131,31,5,31,3,2012,2013,Qtr 1,Tháng Giêng,31,1,2,5
Thursday,January,Jeudi,Janvier,Jueves,Enero,1,1,2014,20140102,2,5,2,3,2013,2014,Qtr 1,Tháng Giêng,2,1,2,1
Thursday,January,Jeudi,Janvier,Jueves,Enero,1,1,2014,20140109,9,5,9,3,2013,2014,Qtr 1,Tháng Giêng,9,1,2,2
Thursday,January,Jeudi,Janvier,Jueves,Enero,1,1,2014,20140116,16,5,16,3,2013,2014,Qtr 1,Tháng Giêng,16,1,2,3
Thursday,January,Jeudi,Janvier,Jueves,Enero,1,1,2014,20140123,23,5,23,3,2013,2014,Qtr 1,Tháng Giêng,23,1,2,4
Thursday,January,Jeudi,Janvier,Jueves,Enero,1,1,2014,20140130,30,5,30,3,2013,2014,Qtr 1,Tháng Giêng,30,1,2,5
Thursday,July,Jeudi,Juillet,Jueves,Julio,3,2,2005,20050707,7,5,188,1,2006,2005,Qtr 3,Tháng Bảy,7,7,1,28
Thursday,July,Jeudi,Juillet,Jueves,Julio,3,2,2005,20050714,14,5,195,1,2006,2005,Qtr 3,Tháng Bảy,14,7,1,29
Thursday,July,Jeudi,Juillet,Jueves,Julio,3,2,2005,20050721,21,5,202,1,2006,2005,Qtr 3,Tháng Bảy,21,7,1,30
Thursday,July,Jeudi,Juillet,Jueves,Julio,3,2,2005,20050728,28,5,209,1,2006,2005,Qtr 3,Tháng Bảy,28,7,1,31
Thursday,July,Jeudi,Juillet,Jueves,Julio,3,2,2006,20060706,6,5,187,1,2007,2006,Qtr 3,Tháng Bảy,6,7,1,27
Thursday,July,Jeudi,Juillet,Jueves,Julio,3,2,2006,20060713,13,5,194,1,2007,2006,Qtr 3,Tháng Bảy,13,7,1,28
Thursday,July,Jeudi,Juillet,Jueves,Julio,3,2,2006,20060720,20,5,201,1,2007,2006,Qtr 3,Tháng Bảy,20,7,1,29
Thursday,July,Jeudi,Juillet,Jueves,Julio,3,2,2006,20060727,27,5,208,1,2007,2006,Qtr 3,Tháng Bảy,27,7,1,30
Thursday,July,Jeudi,Juillet,Jueves,Julio,3,2,2007,20070705,5,5,186,1,2008,2007,Qtr 3,Tháng Bảy,5,7,1,27
Thursday,July,Jeudi,Juillet,Jueves,Julio,3,2,2007,20070712,12,5,193,1,2008,2007,Qtr 3,Tháng Bảy,12,7,1,28
Thursday,July,Jeudi,Juillet,Jueves,Julio,3,2,2007,20070719,19,5,200,1,2008,2007,Qtr 3,Tháng Bảy,19,7,1,29
Thursday,July,Jeudi,Juillet,Jueves,Julio,3,2,2007,20070726,26,5,207,1,2008,2007,Qtr 3,Tháng Bảy,26,7,1,30
Thursday,July,Jeudi,Juillet,Jueves,Julio,3,2,2008,20080703,3,5,185,1,2009,2008,Qtr 3,Tháng Bảy,3,7,1,27
Thursday,July,Jeudi,Juillet,Jueves,Julio,3,2,2008,20080710,10,5,192,1,2009,2008,Qtr 3,Tháng Bảy,10,7,1,28
Thursday,July,Jeudi,Juillet,Jueves,Julio,3,2,2008,20080717,17,5,199,1,2009,2008,Qtr 3,Tháng Bảy,17,7,1,29
Thursday,July,Jeudi,Juillet,Jueves,Julio,3,2,2008,20080724,24,5,206,1,2009,2008,Qtr 3,Tháng Bảy,24,7,1,30
Thursday,July,Jeudi,Juillet,Jueves,Julio,3,2,2008,20080731,31,5,213,1,2009,2008,Qtr 3,Tháng Bảy,31,7,1,31
Thursday,July,Jeudi,Juillet,Jueves,Julio,3,2,2009,20090702,2,5,183,1,2010,2009,Qtr 3,Tháng Bảy,2,7,1,27
Thursday,July,Jeudi,Juillet,Jueves,Julio,3,2,2009,20090709,9,5,190,1,2010,2009,Qtr 3,Tháng Bảy,9,7,1,28
Thursday,July,Jeudi,Juillet,Jueves,Julio,3,2,2009,20090716,16,5,197,1,2010,2009,Qtr 3,Tháng Bảy,16,7,1,29
Thursday,July,Jeudi,Juillet,Jueves,Julio,3,2,2009,20090723,23,5,204,1,2010,2009,Qtr 3,Tháng Bảy,23,7,1,30
Thursday,July,Jeudi,Juillet,Jueves,Julio,3,2,2009,20090730,30,5,211,1,2010,2009,Qtr 3,Tháng Bảy,30,7,1,31
Thursday,July,Jeudi,Juillet,Jueves,Julio,3,2,2010,20100701,1,5,182,1,2011,2010,Qtr 3,Tháng Bảy,1,7,1,27
Thursday,July,Jeudi,Juillet,Jueves,Julio,3,2,2010,20100708,8,5,189,1,2011,2010,Qtr 3,Tháng Bảy,8,7,1,28
Thursday,July,Jeudi,Juillet,Jueves,Julio,3,2,2010,20100715,15,5,196,1,2011,2010,Qtr 3,Tháng Bảy,15,7,1,29
Thursday,July,Jeudi,Juillet,Jueves,Julio,3,2,2010,20100722,22,5,203,1,2011,2010,Qtr 3,Tháng Bảy,22,7,1,30
Thursday,July,Jeudi,Juillet,Jueves,Julio,3,2,2010,20100729,29,5,210,1,2011,2010,Qtr 3,Tháng Bảy,29,7,1,31
Thursday,July,Jeudi,Juillet,Jueves,Julio,3,2,2011,20110707,7,5,188,1,2011,2011,Qtr 3,Tháng Bảy,7,7,1,28
Thursday,July,Jeudi,Juillet,Jueves,Julio,3,2,2011,20110714,14,5,195,1,2011,2011,Qtr 3,Tháng Bảy,14,7,1,29
Thursday,July,Jeudi,Juillet,Jueves,Julio,3,2,2011,20110721,21,5,202,1,2011,2011,Qtr 3,Tháng Bảy,21,7,1,30
Thursday,July,Jeudi,Juillet,Jueves,Julio,3,2,2011,20110728,28,5,209,1,2011,2011,Qtr 3,Tháng Bảy,28,7,1,31
Thursday,July,Jeudi,Juillet,Jueves,Julio,3,2,2012,20120705,5,5,187,1,2012,2012,Qtr 3,Tháng Bảy,5,7,1,27
Thursday,July,Jeudi,Juillet,Jueves,Julio,3,2,2012,20120712,12,5,194,1,2012,2012,Qtr 3,Tháng Bảy,12,7,1,28
Thursday,July,Jeudi,Juillet,Jueves,Julio,3,2,2012,20120719,19,5,201,1,2012,2012,Qtr 3,Tháng Bảy,19,7,1,29
Thursday,July,Jeudi,Juillet,Jueves,Julio,3,2,2012,20120726,26,5,208,1,2012,2012,Qtr 3,Tháng Bảy,26,7,1,30
Thursday,July,Jeudi,Juillet,Jueves,Julio,3,2,2013,20130704,4,5,185,1,2013,2013,Qtr 3,Tháng Bảy,4,7,1,27
Thursday,July,Jeudi,Juillet,Jueves,Julio,3,2,2013,20130711,11,5,192,1,2013,2013,Qtr 3,Tháng Bảy,11,7,1,28
Thursday,July,Jeudi,Juillet,Jueves,Julio,3,2,2013,20130718,18,5,199,1,2013,2013,Qtr 3,Tháng Bảy,18,7,1,29
Thursday,July,Jeudi,Juillet,Jueves,Julio,3,2,2013,20130725,25,5,206,1,2013,2013,Qtr 3,Tháng Bảy,25,7,1,30
Thursday,July,Jeudi,Juillet,Jueves,Julio,3,2,2014,20140703,3,5,184,1,2014,2014,Qtr 3,Tháng Bảy,3,7,1,27
Thursday,July,Jeudi,Juillet,Jueves,Julio,3,2,2014,20140710,10,5,191,1,2014,2014,Qtr 3,Tháng Bảy,10,7,1,28
Thursday,July,Jeudi,Juillet,Jueves,Julio,3,2,2014,20140717,17,5,198,1,2014,2014,Qtr 3,Tháng Bảy,17,7,1,29
Thursday,July,Jeudi,Juillet,Jueves,Julio,3,2,2014,20140724,24,5,205,1,2014,2014,Qtr 3,Tháng Bảy,24,7,1,30
Thursday,July,Jeudi,Juillet,Jueves,Julio,3,2,2014,20140731,31,5,212,1,2014,2014,Qtr 3,Tháng Bảy,31,7,1,31
Thursday,June,Jeudi,Juin,Jueves,Junio,2,1,2005,20050602,2,5,153,4,2005,2005,Qtr 2,Tháng Sáu,2,6,2,23
Thursday,June,Jeudi,Juin,Jueves,Junio,2,1,2005,20050609,9,5,160,4,2005,2005,Qtr 2,Tháng Sáu,9,6,2,24
Thursday,June,Jeudi,Juin,Jueves,Junio,2,1,2005,20050616,16,5,167,4,2005,2005,Qtr 2,Tháng Sáu,16,6,2,25
Thursday,June,Jeudi,Juin,Jueves,Junio,2,1,2005,20050623,23,5,174,4,2005,2005,Qtr 2,Tháng Sáu,23,6,2,26
Thursday,June,Jeudi,Juin,Jueves,Junio,2,1,2005,20050630,30,5,181,4,2005,2005,Qtr 2,Tháng Sáu,30,6,2,27
Thursday,June,Jeudi,Juin,Jueves,Junio,2,1,2006,20060601,1,5,152,4,2006,2006,Qtr 2,Tháng Sáu,1,6,2,22
Thursday,June,Jeudi,Juin,Jueves,Junio,2,1,2006,20060608,8,5,159,4,2006,2006,Qtr 2,Tháng Sáu,8,6,2,23
Thursday,June,Jeudi,Juin,Jueves,Junio,2,1,2006,20060615,15,5,166,4,2006,2006,Qtr 2,Tháng Sáu,15,6,2,24
Thursday,June,Jeudi,Juin,Jueves,Junio,2,1,2006,20060622,22,5,173,4,2006,2006,Qtr 2,Tháng Sáu,22,6,2,25
Thursday,June,Jeudi,Juin,Jueves,Junio,2,1,2006,20060629,29,5,180,4,2006,2006,Qtr 2,Tháng Sáu,29,6,2,26
Thursday,June,Jeudi,Juin,Jueves,Junio,2,1,2007,20070607,7,5,158,4,2007,2007,Qtr 2,Tháng Sáu,7,6,2,23
Thursday,June,Jeudi,Juin,Jueves,Junio,2,1,2007,20070614,14,5,165,4,2007,2007,Qtr 2,Tháng Sáu,14,6,2,24
Thursday,June,Jeudi,Juin,Jueves,Junio,2,1,2007,20070621,21,5,172,4,2007,2007,Qtr 2,Tháng Sáu,21,6,2,25
Thursday,June,Jeudi,Juin,Jueves,Junio,2,1,2007,20070628,28,5,179,4,2007,2007,Qtr 2,Tháng Sáu,28,6,2,26
Thursday,June,Jeudi,Juin,Jueves,Junio,2,1,2008,20080605,5,5,157,4,2008,2008,Qtr 2,Tháng Sáu,5,6,2,23
Thursday,June,Jeudi,Juin,Jueves,Junio,2,1,2008,20080612,12,5,164,4,2008,2008,Qtr 2,Tháng Sáu,12,6,2,24
Thursday,June,Jeudi,Juin,Jueves,Junio,2,1,2008,20080619,19,5,171,4,2008,2008,Qtr 2,Tháng Sáu,19,6,2,25
Thursday,June,Jeudi,Juin,Jueves,Junio,2,1,2008,20080626,26,5,178,4,2008,2008,Qtr 2,Tháng Sáu,26,6,2,26
Thursday,June,Jeudi,Juin,Jueves,Junio,2,1,2009,20090604,4,5,155,4,2009,2009,Qtr 2,Tháng Sáu,4,6,2,23
Thursday,June,Jeudi,Juin,Jueves,Junio,2,1,2009,20090611,11,5,162,4,2009,2009,Qtr 2,Tháng Sáu,11,6,2,24
Thursday,June,Jeudi,Juin,Jueves,Junio,2,1,2009,20090618,18,5,169,4,2009,2009,Qtr 2,Tháng Sáu,18,6,2,25
Thursday,June,Jeudi,Juin,Jueves,Junio,2,1,2009,20090625,25,5,176,4,2009,2009,Qtr 2,Tháng Sáu,25,6,2,26
Thursday,June,Jeudi,Juin,Jueves,Junio,2,1,2010,20100603,3,5,154,4,2010,2010,Qtr 2,Tháng Sáu,3,6,2,23
Thursday,June,Jeudi,Juin,Jueves,Junio,2,1,2010,20100610,10,5,161,4,2010,2010,Qtr 2,Tháng Sáu,10,6,2,24
Thursday,June,Jeudi,Juin,Jueves,Junio,2,1,2010,20100617,17,5,168,4,2010,2010,Qtr 2,Tháng Sáu,17,6,2,25
Thursday,June,Jeudi,Juin,Jueves,Junio,2,1,2010,20100624,24,5,175,4,2010,2010,Qtr 2,Tháng Sáu,24,6,2,26
Thursday,June,Jeudi,Juin,Jueves,Junio,2,1,2011,20110602,2,5,153,4,2010,2011,Qtr 2,Tháng Sáu,2,6,2,23
Thursday,June,Jeudi,Juin,Jueves,Junio,2,1,2011,20110609,9,5,160,4,2010,2011,Qtr 2,Tháng Sáu,9,6,2,24
Thursday,June,Jeudi,Juin,Jueves,Junio,2,1,2011,20110616,16,5,167,4,2010,2011,Qtr 2,Tháng Sáu,16,6,2,25
Thursday,June,Jeudi,Juin,Jueves,Junio,2,1,2011,20110623,23,5,174,4,2010,2011,Qtr 2,Tháng Sáu,23,6,2,26
Thursday,June,Jeudi,Juin,Jueves,Junio,2,1,2011,20110630,30,5,181,4,2010,2011,Qtr 2,Tháng Sáu,30,6,2,27
Thursday,June,Jeudi,Juin,Jueves,Junio,2,1,2012,20120607,7,5,159,4,2011,2012,Qtr 2,Tháng Sáu,7,6,2,23
Thursday,June,Jeudi,Juin,Jueves,Junio,2,1,2012,20120614,14,5,166,4,2011,2012,Qtr 2,Tháng Sáu,14,6,2,24
Thursday,June,Jeudi,Juin,Jueves,Junio,2,1,2012,20120621,21,5,173,4,2011,2012,Qtr 2,Tháng Sáu,21,6,2,25
Thursday,June,Jeudi,Juin,Jueves,Junio,2,1,2012,20120628,28,5,180,4,2011,2012,Qtr 2,Tháng Sáu,28,6,2,26
Thursday,June,Jeudi,Juin,Jueves,Junio,2,1,2013,20130606,6,5,157,4,2012,2013,Qtr 2,Tháng Sáu,6,6,2,23
Thursday,June,Jeudi,Juin,Jueves,Junio,2,1,2013,20130613,13,5,164,4,2012,2013,Qtr 2,Tháng Sáu,13,6,2,24
Thursday,June,Jeudi,Juin,Jueves,Junio,2,1,2013,20130620,20,5,171,4,2012,2013,Qtr 2,Tháng Sáu,20,6,2,25
Thursday,June,Jeudi,Juin,Jueves,Junio,2,1,2013,20130627,27,5,178,4,2012,2013,Qtr 2,Tháng Sáu,27,6,2,26
Thursday,June,Jeudi,Juin,Jueves,Junio,2,1,2014,20140605,5,5,156,4,2013,2014,Qtr 2,Tháng Sáu,5,6,2,23
Thursday,June,Jeudi,Juin,Jueves,Junio,2,1,2014,20140612,12,5,163,4,2013,2014,Qtr 2,Tháng Sáu,12,6,2,24
Thursday,June,Jeudi,Juin,Jueves,Junio,2,1,2014,20140619,19,5,170,4,2013,2014,Qtr 2,Tháng Sáu,19,6,2,25
Thursday,June,Jeudi,Juin,Jueves,Junio,2,1,2014,20140626,26,5,177,4,2013,2014,Qtr 2,Tháng Sáu,26,6,2,26
Thursday,March,Jeudi,Mars,Jueves,Marzo,1,1,2005,20050303,3,5,62,3,2005,2005,Qtr 1,Tháng Ba,3,3,2,10
Thursday,March,Jeudi,Mars,Jueves,Marzo,1,1,2005,20050310,10,5,69,3,2005,2005,Qtr 1,Tháng Ba,10,3,2,11
Thursday,March,Jeudi,Mars,Jueves,Marzo,1,1,2005,20050317,17,5,76,3,2005,2005,Qtr 1,Tháng Ba,17,3,2,12
Thursday,March,Jeudi,Mars,Jueves,Marzo,1,1,2005,20050324,24,5,83,3,2005,2005,Qtr 1,Tháng Ba,24,3,2,13
Thursday,March,Jeudi,Mars,Jueves,Marzo,1,1,2005,20050331,31,5,90,3,2005,2005,Qtr 1,Tháng Ba,31,3,2,14
Thursday,March,Jeudi,Mars,Jueves,Marzo,1,1,2006,20060302,2,5,61,3,2006,2006,Qtr 1,Tháng Ba,2,3,2,9
Thursday,March,Jeudi,Mars,Jueves,Marzo,1,1,2006,20060309,9,5,68,3,2006,2006,Qtr 1,Tháng Ba,9,3,2,10
Thursday,March,Jeudi,Mars,Jueves,Marzo,1,1,2006,20060316,16,5,75,3,2006,2006,Qtr 1,Tháng Ba,16,3,2,11
Thursday,March,Jeudi,Mars,Jueves,Marzo,1,1,2006,20060323,23,5,82,3,2006,2006,Qtr 1,Tháng Ba,23,3,2,12
Thursday,March,Jeudi,Mars,Jueves,Marzo,1,1,2006,20060330,30,5,89,3,2006,2006,Qtr 1,Tháng Ba,30,3,2,13
Thursday,March,Jeudi,Mars,Jueves,Marzo,1,1,2007,20070301,1,5,60,3,2007,2007,Qtr 1,Tháng Ba,1,3,2,9
Thursday,March,Jeudi,Mars,Jueves,Marzo,1,1,2007,20070308,8,5,67,3,2007,2007,Qtr 1,Tháng Ba,8,3,2,10
Thursday,March,Jeudi,Mars,Jueves,Marzo,1,1,2007,20070315,15,5,74,3,2007,2007,Qtr 1,Tháng Ba,15,3,2,11
Thursday,March,Jeudi,Mars,Jueves,Marzo,1,1,2007,20070322,22,5,81,3,2007,2007,Qtr 1,Tháng Ba,22,3,2,12
Thursday,March,Jeudi,Mars,Jueves,Marzo,1,1,2007,20070329,29,5,88,3,2007,2007,Qtr 1,Tháng Ba,29,3,2,13
Thursday,March,Jeudi,Mars,Jueves,Marzo,1,1,2008,20080306,6,5,66,3,2008,2008,Qtr 1,Tháng Ba,6,3,2,10
Thursday,March,Jeudi,Mars,Jueves,Marzo,1,1,2008,20080313,13,5,73,3,2008,2008,Qtr 1,Tháng Ba,13,3,2,11
Thursday,March,Jeudi,Mars,Jueves,Marzo,1,1,2008,20080320,20,5,80,3,2008,2008,Qtr 1,Tháng Ba,20,3,2,12
Thursday,March,Jeudi,Mars,Jueves,Marzo,1,1,2008,20080327,27,5,87,3,2008,2008,Qtr 1,Tháng Ba,27,3,2,13
Thursday,March,Jeudi,Mars,Jueves,Marzo,1,1,2009,20090305,5,5,64,3,2009,2009,Qtr 1,Tháng Ba,5,3,2,10
Thursday,March,Jeudi,Mars,Jueves,Marzo,1,1,2009,20090312,12,5,71,3,2009,2009,Qtr 1,Tháng Ba,12,3,2,11
Thursday,March,Jeudi,Mars,Jueves,Marzo,1,1,2009,20090319,19,5,78,3,2009,2009,Qtr 1,Tháng Ba,19,3,2,12
Thursday,March,Jeudi,Mars,Jueves,Marzo,1,1,2009,20090326,26,5,85,3,2009,2009,Qtr 1,Tháng Ba,26,3,2,13
Thursday,March,Jeudi,Mars,Jueves,Marzo,1,1,2010,20100304,4,5,63,3,2010,2010,Qtr 1,Tháng Ba,4,3,2,10
Thursday,March,Jeudi,Mars,Jueves,Marzo,1,1,2010,20100311,11,5,70,3,2010,2010,Qtr 1,Tháng Ba,11,3,2,11
Thursday,March,Jeudi,Mars,Jueves,Marzo,1,1,2010,20100318,18,5,77,3,2010,2010,Qtr 1,Tháng Ba,18,3,2,12
Thursday,March,Jeudi,Mars,Jueves,Marzo,1,1,2010,20100325,25,5,84,3,2010,2010,Qtr 1,Tháng Ba,25,3,2,13
Thursday,March,Jeudi,Mars,Jueves,Marzo,1,1,2011,20110303,3,5,62,3,2010,2011,Qtr 1,Tháng Ba,3,3,2,10
Thursday,March,Jeudi,Mars,Jueves,Marzo,1,1,2011,20110310,10,5,69,3,2010,2011,Qtr 1,Tháng Ba,10,3,2,11
Thursday,March,Jeudi,Mars,Jueves,Marzo,1,1,2011,20110317,17,5,76,3,2010,2011,Qtr 1,Tháng Ba,17,3,2,12
Thursday,March,Jeudi,Mars,Jueves,Marzo,1,1,2011,20110324,24,5,83,3,2010,2011,Qtr 1,Tháng Ba,24,3,2,13
Thursday,March,Jeudi,Mars,Jueves,Marzo,1,1,2011,20110331,31,5,90,3,2010,2011,Qtr 1,Tháng Ba,31,3,2,14
Thursday,March,Jeudi,Mars,Jueves,Marzo,1,1,2012,20120301,1,5,61,3,2011,2012,Qtr 1,Tháng Ba,1,3,2,9
Thursday,March,Jeudi,Mars,Jueves,Marzo,1,1,2012,20120308,8,5,68,3,2011,2012,Qtr 1,Tháng Ba,8,3,2,10
Thursday,March,Jeudi,Mars,Jueves,Marzo,1,1,2012,20120315,15,5,75,3,2011,2012,Qtr 1,Tháng Ba,15,3,2,11
Thursday,March,Jeudi,Mars,Jueves,Marzo,1,1,2012,20120322,22,5,82,3,2011,2012,Qtr 1,Tháng Ba,22,3,2,12
Thursday,March,Jeudi,Mars,Jueves,Marzo,1,1,2012,20120329,29,5,89,3,2011,2012,Qtr 1,Tháng Ba,29,3,2,13
Thursday,March,Jeudi,Mars,Jueves,Marzo,1,1,2013,20130307,7,5,66,3,2012,2013,Qtr 1,Tháng Ba,7,3,2,10
Thursday,March,Jeudi,Mars,Jueves,Marzo,1,1,2013,20130314,14,5,73,3,2012,2013,Qtr 1,Tháng Ba,14,3,2,11
Thursday,March,Jeudi,Mars,Jueves,Marzo,1,1,2013,20130321,21,5,80,3,2012,2013,Qtr 1,Tháng Ba,21,3,2,12
Thursday,March,Jeudi,Mars,Jueves,Marzo,1,1,2013,20130328,28,5,87,3,2012,2013,Qtr 1,Tháng Ba,28,3,2,13
Thursday,March,Jeudi,Mars,Jueves,Marzo,1,1,2014,20140306,6,5,65,3,2013,2014,Qtr 1,Tháng Ba,6,3,2,10
Thursday,March,Jeudi,Mars,Jueves,Marzo,1,1,2014,20140313,13,5,72,3,2013,2014,Qtr 1,Tháng Ba,13,3,2,11
Thursday,March,Jeudi,Mars,Jueves,Marzo,1,1,2014,20140320,20,5,79,3,2013,2014,Qtr 1,Tháng Ba,20,3,2,12
Thursday,March,Jeudi,Mars,Jueves,Marzo,1,1,2014,20140327,27,5,86,3,2013,2014,Qtr 1,Tháng Ba,27,3,2,13
Thursday,May,Jeudi,Mai,Jueves,Mayo,2,1,2005,20050505,5,5,125,4,2005,2005,Qtr 2,Tháng Năm,5,5,2,19
Thursday,May,Jeudi,Mai,Jueves,Mayo,2,1,2005,20050512,12,5,132,4,2005,2005,Qtr 2,Tháng Năm,12,5,2,20
Thursday,May,Jeudi,Mai,Jueves,Mayo,2,1,2005,20050519,19,5,139,4,2005,2005,Qtr 2,Tháng Năm,19,5,2,21
Thursday,May,Jeudi,Mai,Jueves,Mayo,2,1,2005,20050526,26,5,146,4,2005,2005,Qtr 2,Tháng Năm,26,5,2,22
Thursday,May,Jeudi,Mai,Jueves,Mayo,2,1,2006,20060504,4,5,124,4,2006,2006,Qtr 2,Tháng Năm,4,5,2,18
Thursday,May,Jeudi,Mai,Jueves,Mayo,2,1,2006,20060511,11,5,131,4,2006,2006,Qtr 2,Tháng Năm,11,5,2,19
Thursday,May,Jeudi,Mai,Jueves,Mayo,2,1,2006,20060518,18,5,138,4,2006,2006,Qtr 2,Tháng Năm,18,5,2,20
Thursday,May,Jeudi,Mai,Jueves,Mayo,2,1,2006,20060525,25,5,145,4,2006,2006,Qtr 2,Tháng Năm,25,5,2,21
Thursday,May,Jeudi,Mai,Jueves,Mayo,2,1,2007,20070503,3,5,123,4,2007,2007,Qtr 2,Tháng Năm,3,5,2,18
Thursday,May,Jeudi,Mai,Jueves,Mayo,2,1,2007,20070510,10,5,130,4,2007,2007,Qtr 2,Tháng Năm,10,5,2,19
Thursday,May,Jeudi,Mai,Jueves,Mayo,2,1,2007,20070517,17,5,137,4,2007,2007,Qtr 2,Tháng Năm,17,5,2,20
Thursday,May,Jeudi,Mai,Jueves,Mayo,2,1,2007,20070524,24,5,144,4,2007,2007,Qtr 2,Tháng Năm,24,5,2,21
Thursday,May,Jeudi,Mai,Jueves,Mayo,2,1,2007,20070531,31,5,151,4,2007,2007,Qtr 2,Tháng Năm,31,5,2,22
Thursday,May,Jeudi,Mai,Jueves,Mayo,2,1,2008,20080501,1,5,122,4,2008,2008,Qtr 2,Tháng Năm,1,5,2,18
Thursday,May,Jeudi,Mai,Jueves,Mayo,2,1,2008,20080508,8,5,129,4,2008,2008,Qtr 2,Tháng Năm,8,5,2,19
Thursday,May,Jeudi,Mai,Jueves,Mayo,2,1,2008,20080515,15,5,136,4,2008,2008,Qtr 2,Tháng Năm,15,5,2,20
Thursday,May,Jeudi,Mai,Jueves,Mayo,2,1,2008,20080522,22,5,143,4,2008,2008,Qtr 2,Tháng Năm,22,5,2,21
Thursday,May,Jeudi,Mai,Jueves,Mayo,2,1,2008,20080529,29,5,150,4,2008,2008,Qtr 2,Tháng Năm,29,5,2,22
Thursday,May,Jeudi,Mai,Jueves,Mayo,2,1,2009,20090507,7,5,127,4,2009,2009,Qtr 2,Tháng Năm,7,5,2,19
Thursday,May,Jeudi,Mai,Jueves,Mayo,2,1,2009,20090514,14,5,134,4,2009,2009,Qtr 2,Tháng Năm,14,5,2,20
Thursday,May,Jeudi,Mai,Jueves,Mayo,2,1,2009,20090521,21,5,141,4,2009,2009,Qtr 2,Tháng Năm,21,5,2,21
Thursday,May,Jeudi,Mai,Jueves,Mayo,2,1,2009,20090528,28,5,148,4,2009,2009,Qtr 2,Tháng Năm,28,5,2,22
Thursday,May,Jeudi,Mai,Jueves,Mayo,2,1,2010,20100506,6,5,126,4,2010,2010,Qtr 2,Tháng Năm,6,5,2,19
Thursday,May,Jeudi,Mai,Jueves,Mayo,2,1,2010,20100513,13,5,133,4,2010,2010,Qtr 2,Tháng Năm,13,5,2,20
Thursday,May,Jeudi,Mai,Jueves,Mayo,2,1,2010,20100520,20,5,140,4,2010,2010,Qtr 2,Tháng Năm,20,5,2,21
Thursday,May,Jeudi,Mai,Jueves,Mayo,2,1,2010,20100527,27,5,147,4,2010,2010,Qtr 2,Tháng Năm,27,5,2,22
Thursday,May,Jeudi,Mai,Jueves,Mayo,2,1,2011,20110505,5,5,125,4,2010,2011,Qtr 2,Tháng Năm,5,5,2,19
Thursday,May,Jeudi,Mai,Jueves,Mayo,2,1,2011,20110512,12,5,132,4,2010,2011,Qtr 2,Tháng Năm,12,5,2,20
Thursday,May,Jeudi,Mai,Jueves,Mayo,2,1,2011,20110519,19,5,139,4,2010,2011,Qtr 2,Tháng Năm,19,5,2,21
Thursday,May,Jeudi,Mai,Jueves,Mayo,2,1,2011,20110526,26,5,146,4,2010,2011,Qtr 2,Tháng Năm,26,5,2,22
Thursday,May,Jeudi,Mai,Jueves,Mayo,2,1,2012,20120503,3,5,124,4,2011,2012,Qtr 2,Tháng Năm,3,5,2,18
Thursday,May,Jeudi,Mai,Jueves,Mayo,2,1,2012,20120510,10,5,131,4,2011,2012,Qtr 2,Tháng Năm,10,5,2,19
Thursday,May,Jeudi,Mai,Jueves,Mayo,2,1,2012,20120517,17,5,138,4,2011,2012,Qtr 2,Tháng Năm,17,5,2,20
Thursday,May,Jeudi,Mai,Jueves,Mayo,2,1,2012,20120524,24,5,145,4,2011,2012,Qtr 2,Tháng Năm,24,5,2,21
Thursday,May,Jeudi,Mai,Jueves,Mayo,2,1,2012,20120531,31,5,152,4,2011,2012,Qtr 2,Tháng Năm,31,5,2,22
Thursday,May,Jeudi,Mai,Jueves,Mayo,2,1,2013,20130502,2,5,122,4,2012,2013,Qtr 2,Tháng Năm,2,5,2,18
Thursday,May,Jeudi,Mai,Jueves,Mayo,2,1,2013,20130509,9,5,129,4,2012,2013,Qtr 2,Tháng Năm,9,5,2,19
Thursday,May,Jeudi,Mai,Jueves,Mayo,2,1,2013,20130516,16,5,136,4,2012,2013,Qtr 2,Tháng Năm,16,5,2,20
Thursday,May,Jeudi,Mai,Jueves,Mayo,2,1,2013,20130523,23,5,143,4,2012,2013,Qtr 2,Tháng Năm,23,5,2,21
Thursday,May,Jeudi,Mai,Jueves,Mayo,2,1,2013,20130530,30,5,150,4,2012,2013,Qtr 2,Tháng Năm,30,5,2,22
Thursday,May,Jeudi,Mai,Jueves,Mayo,2,1,2014,20140501,1,5,121,4,2013,2014,Qtr 2,Tháng Năm,1,5,2,18
Thursday,May,Jeudi,Mai,Jueves,Mayo,2,1,2014,20140508,8,5,128,4,2013,2014,Qtr 2,Tháng Năm,8,5,2,19
Thursday,May,Jeudi,Mai,Jueves,Mayo,2,1,2014,20140515,15,5,135,4,2013,2014,Qtr 2,Tháng Năm,15,5,2,20
Thursday,May,Jeudi,Mai,Jueves,Mayo,2,1,2014,20140522,22,5,142,4,2013,2014,Qtr 2,Tháng Năm,22,5,2,21
Thursday,May,Jeudi,Mai,Jueves,Mayo,2,1,2014,20140529,29,5,149,4,2013,2014,Qtr 2,Tháng Năm,29,5,2,22
Thursday,November,Jeudi,Novembre,Jueves,Noviembre,4,2,2005,20051103,3,5,307,2,2006,2005,Qtr 4,Tháng Mười Một,3,11,1,45
Thursday,November,Jeudi,Novembre,Jueves,Noviembre,4,2,2005,20051110,10,5,314,2,2006,2005,Qtr 4,Tháng Mười Một,10,11,1,46
Thursday,November,Jeudi,Novembre,Jueves,Noviembre,4,2,2005,20051117,17,5,321,2,2006,2005,Qtr 4,Tháng Mười Một,17,11,1,47
Thursday,November,Jeudi,Novembre,Jueves,Noviembre,4,2,2005,20051124,24,5,328,2,2006,2005,Qtr 4,Tháng Mười Một,24,11,1,48
Thursday,November,Jeudi,Novembre,Jueves,Noviembre,4,2,2006,20061102,2,5,306,2,2007,2006,Qtr 4,Tháng Mười Một,2,11,1,44
Thursday,November,Jeudi,Novembre,Jueves,Noviembre,4,2,2006,20061109,9,5,313,2,2007,2006,Qtr 4,Tháng Mười Một,9,11,1,45
Thursday,November,Jeudi,Novembre,Jueves,Noviembre,4,2,2006,20061116,16,5,320,2,2007,2006,Qtr 4,Tháng Mười Một,16,11,1,46
Thursday,November,Jeudi,Novembre,Jueves,Noviembre,4,2,2006,20061123,23,5,327,2,2007,2006,Qtr 4,Tháng Mười Một,23,11,1,47
Thursday,November,Jeudi,Novembre,Jueves,Noviembre,4,2,2006,20061130,30,5,334,2,2007,2006,Qtr 4,Tháng Mười Một,30,11,1,48
Thursday,November,Jeudi,Novembre,Jueves,Noviembre,4,2,2007,20071101,1,5,305,2,2008,2007,Qtr 4,Tháng Mười Một,1,11,1,44
Thursday,November,Jeudi,Novembre,Jueves,Noviembre,4,2,2007,20071108,8,5,312,2,2008,2007,Qtr 4,Tháng Mười Một,8,11,1,45
Thursday,November,Jeudi,Novembre,Jueves,Noviembre,4,2,2007,20071115,15,5,319,2,2008,2007,Qtr 4,Tháng Mười Một,15,11,1,46
Thursday,November,Jeudi,Novembre,Jueves,Noviembre,4,2,2007,20071122,22,5,326,2,2008,2007,Qtr 4,Tháng Mười Một,22,11,1,47
Thursday,November,Jeudi,Novembre,Jueves,Noviembre,4,2,2007,20071129,29,5,333,2,2008,2007,Qtr 4,Tháng Mười Một,29,11,1,48
Thursday,November,Jeudi,Novembre,Jueves,Noviembre,4,2,2008,20081106,6,5,311,2,2009,2008,Qtr 4,Tháng Mười Một,6,11,1,45
Thursday,November,Jeudi,Novembre,Jueves,Noviembre,4,2,2008,20081113,13,5,318,2,2009,2008,Qtr 4,Tháng Mười Một,13,11,1,46
Thursday,November,Jeudi,Novembre,Jueves,Noviembre,4,2,2008,20081120,20,5,325,2,2009,2008,Qtr 4,Tháng Mười Một,20,11,1,47
Thursday,November,Jeudi,Novembre,Jueves,Noviembre,4,2,2008,20081127,27,5,332,2,2009,2008,Qtr 4,Tháng Mười Một,27,11,1,48
Thursday,November,Jeudi,Novembre,Jueves,Noviembre,4,2,2009,20091105,5,5,309,2,2010,2009,Qtr 4,Tháng Mười Một,5,11,1,45
Thursday,November,Jeudi,Novembre,Jueves,Noviembre,4,2,2009,20091112,12,5,316,2,2010,2009,Qtr 4,Tháng Mười Một,12,11,1,46
Thursday,November,Jeudi,Novembre,Jueves,Noviembre,4,2,2009,20091119,19,5,323,2,2010,2009,Qtr 4,Tháng Mười Một,19,11,1,47
Thursday,November,Jeudi,Novembre,Jueves,Noviembre,4,2,2009,20091126,26,5,330,2,2010,2009,Qtr 4,Tháng Mười Một,26,11,1,48
Thursday,November,Jeudi,Novembre,Jueves,Noviembre,4,2,2010,20101104,4,5,308,2,2011,2010,Qtr 4,Tháng Mười Một,4,11,1,45
Thursday,November,Jeudi,Novembre,Jueves,Noviembre,4,2,2010,20101111,11,5,315,2,2011,2010,Qtr 4,Tháng Mười Một,11,11,1,46
Thursday,November,Jeudi,Novembre,Jueves,Noviembre,4,2,2010,20101118,18,5,322,2,2011,2010,Qtr 4,Tháng Mười Một,18,11,1,47
Thursday,November,Jeudi,Novembre,Jueves,Noviembre,4,2,2010,20101125,25,5,329,2,2011,2010,Qtr 4,Tháng Mười Một,25,11,1,48
Thursday,November,Jeudi,Novembre,Jueves,Noviembre,4,2,2011,20111103,3,5,307,2,2011,2011,Qtr 4,Tháng Mười Một,3,11,1,45
Thursday,November,Jeudi,Novembre,Jueves,Noviembre,4,2,2011,20111110,10,5,314,2,2011,2011,Qtr 4,Tháng Mười Một,10,11,1,46
Thursday,November,Jeudi,Novembre,Jueves,Noviembre,4,2,2011,20111117,17,5,321,2,2011,2011,Qtr 4,Tháng Mười Một,17,11,1,47
Thursday,November,Jeudi,Novembre,Jueves,Noviembre,4,2,2011,20111124,24,5,328,2,2011,2011,Qtr 4,Tháng Mười Một,24,11,1,48
Thursday,November,Jeudi,Novembre,Jueves,Noviembre,4,2,2012,20121101,1,5,306,2,2012,2012,Qtr 4,Tháng Mười Một,1,11,1,44
Thursday,November,Jeudi,Novembre,Jueves,Noviembre,4,2,2012,20121108,8,5,313,2,2012,2012,Qtr 4,Tháng Mười Một,8,11,1,45
Thursday,November,Jeudi,Novembre,Jueves,Noviembre,4,2,2012,20121115,15,5,320,2,2012,2012,Qtr 4,Tháng Mười Một,15,11,1,46
Thursday,November,Jeudi,Novembre,Jueves,Noviembre,4,2,2012,20121122,22,5,327,2,2012,2012,Qtr 4,Tháng Mười Một,22,11,1,47
Thursday,November,Jeudi,Novembre,Jueves,Noviembre,4,2,2012,20121129,29,5,334,2,2012,2012,Qtr 4,Tháng Mười Một,29,11,1,48
Thursday,November,Jeudi,Novembre,Jueves,Noviembre,4,2,2013,20131107,7,5,311,2,2013,2013,Qtr 4,Tháng Mười Một,7,11,1,45
Thursday,November,Jeudi,Novembre,Jueves,Noviembre,4,2,2013,20131114,14,5,318,2,2013,2013,Qtr 4,Tháng Mười Một,14,11,1,46
Thursday,November,Jeudi,Novembre,Jueves,Noviembre,4,2,2013,20131121,21,5,325,2,2013,2013,Qtr 4,Tháng Mười Một,21,11,1,47
Thursday,November,Jeudi,Novembre,Jueves,Noviembre,4,2,2013,20131128,28,5,332,2,2013,2013,Qtr 4,Tháng Mười Một,28,11,1,48
Thursday,November,Jeudi,Novembre,Jueves,Noviembre,4,2,2014,20141106,6,5,310,2,2014,2014,Qtr 4,Tháng Mười Một,6,11,1,45
Thursday,November,Jeudi,Novembre,Jueves,Noviembre,4,2,2014,20141113,13,5,317,2,2014,2014,Qtr 4,Tháng Mười Một,13,11,1,46
Thursday,November,Jeudi,Novembre,Jueves,Noviembre,4,2,2014,20141120,20,5,324,2,2014,2014,Qtr 4,Tháng Mười Một,20,11,1,47
Thursday,November,Jeudi,Novembre,Jueves,Noviembre,4,2,2014,20141127,27,5,331,2,2014,2014,Qtr 4,Tháng Mười Một,27,11,1,48
Thursday,October,Jeudi,Octobre,Jueves,Octubre,4,2,2005,20051006,6,5,279,2,2006,2005,Qtr 4,Tháng Mười,6,10,1,41
Thursday,October,Jeudi,Octobre,Jueves,Octubre,4,2,2005,20051013,13,5,286,2,2006,2005,Qtr 4,Tháng Mười,13,10,1,42
Thursday,October,Jeudi,Octobre,Jueves,Octubre,4,2,2005,20051020,20,5,293,2,2006,2005,Qtr 4,Tháng Mười,20,10,1,43
Thursday,October,Jeudi,Octobre,Jueves,Octubre,4,2,2005,20051027,27,5,300,2,2006,2005,Qtr 4,Tháng Mười,27,10,1,44
Thursday,October,Jeudi,Octobre,Jueves,Octubre,4,2,2006,20061005,5,5,278,2,2007,2006,Qtr 4,Tháng Mười,5,10,1,40
Thursday,October,Jeudi,Octobre,Jueves,Octubre,4,2,2006,20061012,12,5,285,2,2007,2006,Qtr 4,Tháng Mười,12,10,1,41
Thursday,October,Jeudi,Octobre,Jueves,Octubre,4,2,2006,20061019,19,5,292,2,2007,2006,Qtr 4,Tháng Mười,19,10,1,42
Thursday,October,Jeudi,Octobre,Jueves,Octubre,4,2,2006,20061026,26,5,299,2,2007,2006,Qtr 4,Tháng Mười,26,10,1,43
Thursday,October,Jeudi,Octobre,Jueves,Octubre,4,2,2007,20071004,4,5,277,2,2008,2007,Qtr 4,Tháng Mười,4,10,1,40
Thursday,October,Jeudi,Octobre,Jueves,Octubre,4,2,2007,20071011,11,5,284,2,2008,2007,Qtr 4,Tháng Mười,11,10,1,41
Thursday,October,Jeudi,Octobre,Jueves,Octubre,4,2,2007,20071018,18,5,291,2,2008,2007,Qtr 4,Tháng Mười,18,10,1,42
Thursday,October,Jeudi,Octobre,Jueves,Octubre,4,2,2007,20071025,25,5,298,2,2008,2007,Qtr 4,Tháng Mười,25,10,1,43
Thursday,October,Jeudi,Octobre,Jueves,Octubre,4,2,2008,20081002,2,5,276,2,2009,2008,Qtr 4,Tháng Mười,2,10,1,40
Thursday,October,Jeudi,Octobre,Jueves,Octubre,4,2,2008,20081009,9,5,283,2,2009,2008,Qtr 4,Tháng Mười,9,10,1,41
Thursday,October,Jeudi,Octobre,Jueves,Octubre,4,2,2008,20081016,16,5,290,2,2009,2008,Qtr 4,Tháng Mười,16,10,1,42
Thursday,October,Jeudi,Octobre,Jueves,Octubre,4,2,2008,20081023,23,5,297,2,2009,2008,Qtr 4,Tháng Mười,23,10,1,43
Thursday,October,Jeudi,Octobre,Jueves,Octubre,4,2,2008,20081030,30,5,304,2,2009,2008,Qtr 4,Tháng Mười,30,10,1,44
Thursday,October,Jeudi,Octobre,Jueves,Octubre,4,2,2009,20091001,1,5,274,2,2010,2009,Qtr 4,Tháng Mười,1,10,1,40
Thursday,October,Jeudi,Octobre,Jueves,Octubre,4,2,2009,20091008,8,5,281,2,2010,2009,Qtr 4,Tháng Mười,8,10,1,41
Thursday,October,Jeudi,Octobre,Jueves,Octubre,4,2,2009,20091015,15,5,288,2,2010,2009,Qtr 4,Tháng Mười,15,10,1,42
Thursday,October,Jeudi,Octobre,Jueves,Octubre,4,2,2009,20091022,22,5,295,2,2010,2009,Qtr 4,Tháng Mười,22,10,1,43
Thursday,October,Jeudi,Octobre,Jueves,Octubre,4,2,2009,20091029,29,5,302,2,2010,2009,Qtr 4,Tháng Mười,29,10,1,44
Thursday,October,Jeudi,Octobre,Jueves,Octubre,4,2,2010,20101007,7,5,280,2,2011,2010,Qtr 4,Tháng Mười,7,10,1,41
Thursday,October,Jeudi,Octobre,Jueves,Octubre,4,2,2010,20101014,14,5,287,2,2011,2010,Qtr 4,Tháng Mười,14,10,1,42
Thursday,October,Jeudi,Octobre,Jueves,Octubre,4,2,2010,20101021,21,5,294,2,2011,2010,Qtr 4,Tháng Mười,21,10,1,43
Thursday,October,Jeudi,Octobre,Jueves,Octubre,4,2,2010,20101028,28,5,301,2,2011,2010,Qtr 4,Tháng Mười,28,10,1,44
Thursday,October,Jeudi,Octobre,Jueves,Octubre,4,2,2011,20111006,6,5,279,2,2011,2011,Qtr 4,Tháng Mười,6,10,1,41
Thursday,October,Jeudi,Octobre,Jueves,Octubre,4,2,2011,20111013,13,5,286,2,2011,2011,Qtr 4,Tháng Mười,13,10,1,42
Thursday,October,Jeudi,Octobre,Jueves,Octubre,4,2,2011,20111020,20,5,293,2,2011,2011,Qtr 4,Tháng Mười,20,10,1,43
Thursday,October,Jeudi,Octobre,Jueves,Octubre,4,2,2011,20111027,27,5,300,2,2011,2011,Qtr 4,Tháng Mười,27,10,1,44
Thursday,October,Jeudi,Octobre,Jueves,Octubre,4,2,2012,20121004,4,5,278,2,2012,2012,Qtr 4,Tháng Mười,4,10,1,40
Thursday,October,Jeudi,Octobre,Jueves,Octubre,4,2,2012,20121011,11,5,285,2,2012,2012,Qtr 4,Tháng Mười,11,10,1,41
Thursday,October,Jeudi,Octobre,Jueves,Octubre,4,2,2012,20121018,18,5,292,2,2012,2012,Qtr 4,Tháng Mười,18,10,1,42
Thursday,October,Jeudi,Octobre,Jueves,Octubre,4,2,2012,20121025,25,5,299,2,2012,2012,Qtr 4,Tháng Mười,25,10,1,43
Thursday,October,Jeudi,Octobre,Jueves,Octubre,4,2,2013,20131003,3,5,276,2,2013,2013,Qtr 4,Tháng Mười,3,10,1,40
Thursday,October,Jeudi,Octobre,Jueves,Octubre,4,2,2013,20131010,10,5,283,2,2013,2013,Qtr 4,Tháng Mười,10,10,1,41
Thursday,October,Jeudi,Octobre,Jueves,Octubre,4,2,2013,20131017,17,5,290,2,2013,2013,Qtr 4,Tháng Mười,17,10,1,42
Thursday,October,Jeudi,Octobre,Jueves,Octubre,4,2,2013,20131024,24,5,297,2,2013,2013,Qtr 4,Tháng Mười,24,10,1,43
Thursday,October,Jeudi,Octobre,Jueves,Octubre,4,2,2013,20131031,31,5,304,2,2013,2013,Qtr 4,Tháng Mười,31,10,1,44
Thursday,October,Jeudi,Octobre,Jueves,Octubre,4,2,2014,20141002,2,5,275,2,2014,2014,Qtr 4,Tháng Mười,2,10,1,40
Thursday,October,Jeudi,Octobre,Jueves,Octubre,4,2,2014,20141009,9,5,282,2,2014,2014,Qtr 4,Tháng Mười,9,10,1,41
Thursday,October,Jeudi,Octobre,Jueves,Octubre,4,2,2014,20141016,16,5,289,2,2014,2014,Qtr 4,Tháng Mười,16,10,1,42
Thursday,October,Jeudi,Octobre,Jueves,Octubre,4,2,2014,20141023,23,5,296,2,2014,2014,Qtr 4,Tháng Mười,23,10,1,43
Thursday,October,Jeudi,Octobre,Jueves,Octubre,4,2,2014,20141030,30,5,303,2,2014,2014,Qtr 4,Tháng Mười,30,10,1,44
Thursday,September,Jeudi,Septembre,Jueves,Septiembre,3,2,2005,20050901,1,5,244,1,2006,2005,Qtr 3,Tháng Chín,1,9,1,36
Thursday,September,Jeudi,Septembre,Jueves,Septiembre,3,2,2005,20050908,8,5,251,1,2006,2005,Qtr 3,Tháng Chín,8,9,1,37
Thursday,September,Jeudi,Septembre,Jueves,Septiembre,3,2,2005,20050915,15,5,258,1,2006,2005,Qtr 3,Tháng Chín,15,9,1,38
Thursday,September,Jeudi,Septembre,Jueves,Septiembre,3,2,2005,20050922,22,5,265,1,2006,2005,Qtr 3,Tháng Chín,22,9,1,39
Thursday,September,Jeudi,Septembre,Jueves,Septiembre,3,2,2005,20050929,29,5,272,1,2006,2005,Qtr 3,Tháng Chín,29,9,1,40
Thursday,September,Jeudi,Septembre,Jueves,Septiembre,3,2,2006,20060907,7,5,250,1,2007,2006,Qtr 3,Tháng Chín,7,9,1,36
Thursday,September,Jeudi,Septembre,Jueves,Septiembre,3,2,2006,20060914,14,5,257,1,2007,2006,Qtr 3,Tháng Chín,14,9,1,37
Thursday,September,Jeudi,Septembre,Jueves,Septiembre,3,2,2006,20060921,21,5,264,1,2007,2006,Qtr 3,Tháng Chín,21,9,1,38
Thursday,September,Jeudi,Septembre,Jueves,Septiembre,3,2,2006,20060928,28,5,271,1,2007,2006,Qtr 3,Tháng Chín,28,9,1,39
Thursday,September,Jeudi,Septembre,Jueves,Septiembre,3,2,2007,20070906,6,5,249,1,2008,2007,Qtr 3,Tháng Chín,6,9,1,36
Thursday,September,Jeudi,Septembre,Jueves,Septiembre,3,2,2007,20070913,13,5,256,1,2008,2007,Qtr 3,Tháng Chín,13,9,1,37
Thursday,September,Jeudi,Septembre,Jueves,Septiembre,3,2,2007,20070920,20,5,263,1,2008,2007,Qtr 3,Tháng Chín,20,9,1,38
Thursday,September,Jeudi,Septembre,Jueves,Septiembre,3,2,2007,20070927,27,5,270,1,2008,2007,Qtr 3,Tháng Chín,27,9,1,39
Thursday,September,Jeudi,Septembre,Jueves,Septiembre,3,2,2008,20080904,4,5,248,1,2009,2008,Qtr 3,Tháng Chín,4,9,1,36
Thursday,September,Jeudi,Septembre,Jueves,Septiembre,3,2,2008,20080911,11,5,255,1,2009,2008,Qtr 3,Tháng Chín,11,9,1,37
Thursday,September,Jeudi,Septembre,Jueves,Septiembre,3,2,2008,20080918,18,5,262,1,2009,2008,Qtr 3,Tháng Chín,18,9,1,38
Thursday,September,Jeudi,Septembre,Jueves,Septiembre,3,2,2008,20080925,25,5,269,1,2009,2008,Qtr 3,Tháng Chín,25,9,1,39
Thursday,September,Jeudi,Septembre,Jueves,Septiembre,3,2,2009,20090903,3,5,246,1,2010,2009,Qtr 3,Tháng Chín,3,9,1,36
Thursday,September,Jeudi,Septembre,Jueves,Septiembre,3,2,2009,20090910,10,5,253,1,2010,2009,Qtr 3,Tháng Chín,10,9,1,37
Thursday,September,Jeudi,Septembre,Jueves,Septiembre,3,2,2009,20090917,17,5,260,1,2010,2009,Qtr 3,Tháng Chín,17,9,1,38
Thursday,September,Jeudi,Septembre,Jueves,Septiembre,3,2,2009,20090924,24,5,267,1,2010,2009,Qtr 3,Tháng Chín,24,9,1,39
Thursday,September,Jeudi,Septembre,Jueves,Septiembre,3,2,2010,20100902,2,5,245,1,2011,2010,Qtr 3,Tháng Chín,2,9,1,36
Thursday,September,Jeudi,Septembre,Jueves,Septiembre,3,2,2010,20100909,9,5,252,1,2011,2010,Qtr 3,Tháng Chín,9,9,1,37
Thursday,September,Jeudi,Septembre,Jueves,Septiembre,3,2,2010,20100916,16,5,259,1,2011,2010,Qtr 3,Tháng Chín,16,9,1,38
Thursday,September,Jeudi,Septembre,Jueves,Septiembre,3,2,2010,20100923,23,5,266,1,2011,2010,Qtr 3,Tháng Chín,23,9,1,39
Thursday,September,Jeudi,Septembre,Jueves,Septiembre,3,2,2010,20100930,30,5,273,1,2011,2010,Qtr 3,Tháng Chín,30,9,1,40
Thursday,September,Jeudi,Septembre,Jueves,Septiembre,3,2,2011,20110901,1,5,244,1,2011,2011,Qtr 3,Tháng Chín,1,9,1,36
Thursday,September,Jeudi,Septembre,Jueves,Septiembre,3,2,2011,20110908,8,5,251,1,2011,2011,Qtr 3,Tháng Chín,8,9,1,37
Thursday,September,Jeudi,Septembre,Jueves,Septiembre,3,2,2011,20110915,15,5,258,1,2011,2011,Qtr 3,Tháng Chín,15,9,1,38
Thursday,September,Jeudi,Septembre,Jueves,Septiembre,3,2,2011,20110922,22,5,265,1,2011,2011,Qtr 3,Tháng Chín,22,9,1,39
Thursday,September,Jeudi,Septembre,Jueves,Septiembre,3,2,2011,20110929,29,5,272,1,2011,2011,Qtr 3,Tháng Chín,29,9,1,40
Thursday,September,Jeudi,Septembre,Jueves,Septiembre,3,2,2012,20120906,6,5,250,1,2012,2012,Qtr 3,Tháng Chín,6,9,1,36
Thursday,September,Jeudi,Septembre,Jueves,Septiembre,3,2,2012,20120913,13,5,257,1,2012,2012,Qtr 3,Tháng Chín,13,9,1,37
Thursday,September,Jeudi,Septembre,Jueves,Septiembre,3,2,2012,20120920,20,5,264,1,2012,2012,Qtr 3,Tháng Chín,20,9,1,38
Thursday,September,Jeudi,Septembre,Jueves,Septiembre,3,2,2012,20120927,27,5,271,1,2012,2012,Qtr 3,Tháng Chín,27,9,1,39
Thursday,September,Jeudi,Septembre,Jueves,Septiembre,3,2,2013,20130905,5,5,248,1,2013,2013,Qtr 3,Tháng Chín,5,9,1,36
Thursday,September,Jeudi,Septembre,Jueves,Septiembre,3,2,2013,20130912,12,5,255,1,2013,2013,Qtr 3,Tháng Chín,12,9,1,37
Thursday,September,Jeudi,Septembre,Jueves,Septiembre,3,2,2013,20130919,19,5,262,1,2013,2013,Qtr 3,Tháng Chín,19,9,1,38
Thursday,September,Jeudi,Septembre,Jueves,Septiembre,3,2,2013,20130926,26,5,269,1,2013,2013,Qtr 3,Tháng Chín,26,9,1,39
Thursday,September,Jeudi,Septembre,Jueves,Septiembre,3,2,2014,20140904,4,5,247,1,2014,2014,Qtr 3,Tháng Chín,4,9,1,36
Thursday,September,Jeudi,Septembre,Jueves,Septiembre,3,2,2014,20140911,11,5,254,1,2014,2014,Qtr 3,Tháng Chín,11,9,1,37
Thursday,September,Jeudi,Septembre,Jueves,Septiembre,3,2,2014,20140918,18,5,261,1,2014,2014,Qtr 3,Tháng Chín,18,9,1,38
Thursday,September,Jeudi,Septembre,Jueves,Septiembre,3,2,2014,20140925,25,5,268,1,2014,2014,Qtr 3,Tháng Chín,25,9,1,39
Wednesday,April,Mercredi,Avril,Miércoles,Abril,2,1,2005,20050406,6,4,96,4,2005,2005,Qtr 2,Tháng Tư,6,4,2,15
Wednesday,April,Mercredi,Avril,Miércoles,Abril,2,1,2005,20050413,13,4,103,4,2005,2005,Qtr 2,Tháng Tư,13,4,2,16
Wednesday,April,Mercredi,Avril,Miércoles,Abril,2,1,2005,20050420,20,4,110,4,2005,2005,Qtr 2,Tháng Tư,20,4,2,17
Wednesday,April,Mercredi,Avril,Miércoles,Abril,2,1,2005,20050427,27,4,117,4,2005,2005,Qtr 2,Tháng Tư,27,4,2,18
Wednesday,April,Mercredi,Avril,Miércoles,Abril,2,1,2006,20060405,5,4,95,4,2006,2006,Qtr 2,Tháng Tư,5,4,2,14
Wednesday,April,Mercredi,Avril,Miércoles,Abril,2,1,2006,20060412,12,4,102,4,2006,2006,Qtr 2,Tháng Tư,12,4,2,15
Wednesday,April,Mercredi,Avril,Miércoles,Abril,2,1,2006,20060419,19,4,109,4,2006,2006,Qtr 2,Tháng Tư,19,4,2,16
Wednesday,April,Mercredi,Avril,Miércoles,Abril,2,1,2006,20060426,26,4,116,4,2006,2006,Qtr 2,Tháng Tư,26,4,2,17
Wednesday,April,Mercredi,Avril,Miércoles,Abril,2,1,2007,20070404,4,4,94,4,2007,2007,Qtr 2,Tháng Tư,4,4,2,14
Wednesday,April,Mercredi,Avril,Miércoles,Abril,2,1,2007,20070411,11,4,101,4,2007,2007,Qtr 2,Tháng Tư,11,4,2,15
Wednesday,April,Mercredi,Avril,Miércoles,Abril,2,1,2007,20070418,18,4,108,4,2007,2007,Qtr 2,Tháng Tư,18,4,2,16
Wednesday,April,Mercredi,Avril,Miércoles,Abril,2,1,2007,20070425,25,4,115,4,2007,2007,Qtr 2,Tháng Tư,25,4,2,17
Wednesday,April,Mercredi,Avril,Miércoles,Abril,2,1,2008,20080402,2,4,93,4,2008,2008,Qtr 2,Tháng Tư,2,4,2,14
Wednesday,April,Mercredi,Avril,Miércoles,Abril,2,1,2008,20080409,9,4,100,4,2008,2008,Qtr 2,Tháng Tư,9,4,2,15
Wednesday,April,Mercredi,Avril,Miércoles,Abril,2,1,2008,20080416,16,4,107,4,2008,2008,Qtr 2,Tháng Tư,16,4,2,16
Wednesday,April,Mercredi,Avril,Miércoles,Abril,2,1,2008,20080423,23,4,114,4,2008,2008,Qtr 2,Tháng Tư,23,4,2,17
Wednesday,April,Mercredi,Avril,Miércoles,Abril,2,1,2008,20080430,30,4,121,4,2008,2008,Qtr 2,Tháng Tư,30,4,2,18
Wednesday,April,Mercredi,Avril,Miércoles,Abril,2,1,2009,20090401,1,4,91,4,2009,2009,Qtr 2,Tháng Tư,1,4,2,14
Wednesday,April,Mercredi,Avril,Miércoles,Abril,2,1,2009,20090408,8,4,98,4,2009,2009,Qtr 2,Tháng Tư,8,4,2,15
Wednesday,April,Mercredi,Avril,Miércoles,Abril,2,1,2009,20090415,15,4,105,4,2009,2009,Qtr 2,Tháng Tư,15,4,2,16
Wednesday,April,Mercredi,Avril,Miércoles,Abril,2,1,2009,20090422,22,4,112,4,2009,2009,Qtr 2,Tháng Tư,22,4,2,17
Wednesday,April,Mercredi,Avril,Miércoles,Abril,2,1,2009,20090429,29,4,119,4,2009,2009,Qtr 2,Tháng Tư,29,4,2,18
Wednesday,April,Mercredi,Avril,Miércoles,Abril,2,1,2010,20100407,7,4,97,4,2010,2010,Qtr 2,Tháng Tư,7,4,2,15
Wednesday,April,Mercredi,Avril,Miércoles,Abril,2,1,2010,20100414,14,4,104,4,2010,2010,Qtr 2,Tháng Tư,14,4,2,16
Wednesday,April,Mercredi,Avril,Miércoles,Abril,2,1,2010,20100421,21,4,111,4,2010,2010,Qtr 2,Tháng Tư,21,4,2,17
Wednesday,April,Mercredi,Avril,Miércoles,Abril,2,1,2010,20100428,28,4,118,4,2010,2010,Qtr 2,Tháng Tư,28,4,2,18
Wednesday,April,Mercredi,Avril,Miércoles,Abril,2,1,2011,20110406,6,4,96,4,2010,2011,Qtr 2,Tháng Tư,6,4,2,15
Wednesday,April,Mercredi,Avril,Miércoles,Abril,2,1,2011,20110413,13,4,103,4,2010,2011,Qtr 2,Tháng Tư,13,4,2,16
Wednesday,April,Mercredi,Avril,Miércoles,Abril,2,1,2011,20110420,20,4,110,4,2010,2011,Qtr 2,Tháng Tư,20,4,2,17
Wednesday,April,Mercredi,Avril,Miércoles,Abril,2,1,2011,20110427,27,4,117,4,2010,2011,Qtr 2,Tháng Tư,27,4,2,18
Wednesday,April,Mercredi,Avril,Miércoles,Abril,2,1,2012,20120404,4,4,95,4,2011,2012,Qtr 2,Tháng Tư,4,4,2,14
Wednesday,April,Mercredi,Avril,Miércoles,Abril,2,1,2012,20120411,11,4,102,4,2011,2012,Qtr 2,Tháng Tư,11,4,2,15
Wednesday,April,Mercredi,Avril,Miércoles,Abril,2,1,2012,20120418,18,4,109,4,2011,2012,Qtr 2,Tháng Tư,18,4,2,16
Wednesday,April,Mercredi,Avril,Miércoles,Abril,2,1,2012,20120425,25,4,116,4,2011,2012,Qtr 2,Tháng Tư,25,4,2,17
Wednesday,April,Mercredi,Avril,Miércoles,Abril,2,1,2013,20130403,3,4,93,4,2012,2013,Qtr 2,Tháng Tư,3,4,2,14
Wednesday,April,Mercredi,Avril,Miércoles,Abril,2,1,2013,20130410,10,4,100,4,2012,2013,Qtr 2,Tháng Tư,10,4,2,15
Wednesday,April,Mercredi,Avril,Miércoles,Abril,2,1,2013,20130417,17,4,107,4,2012,2013,Qtr 2,Tháng Tư,17,4,2,16
Wednesday,April,Mercredi,Avril,Miércoles,Abril,2,1,2013,20130424,24,4,114,4,2012,2013,Qtr 2,Tháng Tư,24,4,2,17
Wednesday,April,Mercredi,Avril,Miércoles,Abril,2,1,2014,20140402,2,4,92,4,2013,2014,Qtr 2,Tháng Tư,2,4,2,14
Wednesday,April,Mercredi,Avril,Miércoles,Abril,2,1,2014,20140409,9,4,99,4,2013,2014,Qtr 2,Tháng Tư,9,4,2,15
Wednesday,April,Mercredi,Avril,Miércoles,Abril,2,1,2014,20140416,16,4,106,4,2013,2014,Qtr 2,Tháng Tư,16,4,2,16
Wednesday,April,Mercredi,Avril,Miércoles,Abril,2,1,2014,20140423,23,4,113,4,2013,2014,Qtr 2,Tháng Tư,23,4,2,17
Wednesday,April,Mercredi,Avril,Miércoles,Abril,2,1,2014,20140430,30,4,120,4,2013,2014,Qtr 2,Tháng Tư,30,4,2,18
Wednesday,August,Mercredi,Août,Miércoles,Agosto,3,2,2005,20050803,3,4,215,1,2006,2005,Qtr 3,Tháng Tám,3,8,1,32
Wednesday,August,Mercredi,Août,Miércoles,Agosto,3,2,2005,20050810,10,4,222,1,2006,2005,Qtr 3,Tháng Tám,10,8,1,33
Wednesday,August,Mercredi,Août,Miércoles,Agosto,3,2,2005,20050817,17,4,229,1,2006,2005,Qtr 3,Tháng Tám,17,8,1,34
Wednesday,August,Mercredi,Août,Miércoles,Agosto,3,2,2005,20050824,24,4,236,1,2006,2005,Qtr 3,Tháng Tám,24,8,1,35
Wednesday,August,Mercredi,Août,Miércoles,Agosto,3,2,2005,20050831,31,4,243,1,2006,2005,Qtr 3,Tháng Tám,31,8,1,36
Wednesday,August,Mercredi,Août,Miércoles,Agosto,3,2,2006,20060802,2,4,214,1,2007,2006,Qtr 3,Tháng Tám,2,8,1,31
Wednesday,August,Mercredi,Août,Miércoles,Agosto,3,2,2006,20060809,9,4,221,1,2007,2006,Qtr 3,Tháng Tám,9,8,1,32
Wednesday,August,Mercredi,Août,Miércoles,Agosto,3,2,2006,20060816,16,4,228,1,2007,2006,Qtr 3,Tháng Tám,16,8,1,33
Wednesday,August,Mercredi,Août,Miércoles,Agosto,3,2,2006,20060823,23,4,235,1,2007,2006,Qtr 3,Tháng Tám,23,8,1,34
Wednesday,August,Mercredi,Août,Miércoles,Agosto,3,2,2006,20060830,30,4,242,1,2007,2006,Qtr 3,Tháng Tám,30,8,1,35
Wednesday,August,Mercredi,Août,Miércoles,Agosto,3,2,2007,20070801,1,4,213,1,2008,2007,Qtr 3,Tháng Tám,1,8,1,31
Wednesday,August,Mercredi,Août,Miércoles,Agosto,3,2,2007,20070808,8,4,220,1,2008,2007,Qtr 3,Tháng Tám,8,8,1,32
Wednesday,August,Mercredi,Août,Miércoles,Agosto,3,2,2007,20070815,15,4,227,1,2008,2007,Qtr 3,Tháng Tám,15,8,1,33
Wednesday,August,Mercredi,Août,Miércoles,Agosto,3,2,2007,20070822,22,4,234,1,2008,2007,Qtr 3,Tháng Tám,22,8,1,34
Wednesday,August,Mercredi,Août,Miércoles,Agosto,3,2,2007,20070829,29,4,241,1,2008,2007,Qtr 3,Tháng Tám,29,8,1,35
Wednesday,August,Mercredi,Août,Miércoles,Agosto,3,2,2008,20080806,6,4,219,1,2009,2008,Qtr 3,Tháng Tám,6,8,1,32
Wednesday,August,Mercredi,Août,Miércoles,Agosto,3,2,2008,20080813,13,4,226,1,2009,2008,Qtr 3,Tháng Tám,13,8,1,33
Wednesday,August,Mercredi,Août,Miércoles,Agosto,3,2,2008,20080820,20,4,233,1,2009,2008,Qtr 3,Tháng Tám,20,8,1,34
Wednesday,August,Mercredi,Août,Miércoles,Agosto,3,2,2008,20080827,27,4,240,1,2009,2008,Qtr 3,Tháng Tám,27,8,1,35
Wednesday,August,Mercredi,Août,Miércoles,Agosto,3,2,2009,20090805,5,4,217,1,2010,2009,Qtr 3,Tháng Tám,5,8,1,32
Wednesday,August,Mercredi,Août,Miércoles,Agosto,3,2,2009,20090812,12,4,224,1,2010,2009,Qtr 3,Tháng Tám,12,8,1,33
Wednesday,August,Mercredi,Août,Miércoles,Agosto,3,2,2009,20090819,19,4,231,1,2010,2009,Qtr 3,Tháng Tám,19,8,1,34
Wednesday,August,Mercredi,Août,Miércoles,Agosto,3,2,2009,20090826,26,4,238,1,2010,2009,Qtr 3,Tháng Tám,26,8,1,35
Wednesday,August,Mercredi,Août,Miércoles,Agosto,3,2,2010,20100804,4,4,216,1,2011,2010,Qtr 3,Tháng Tám,4,8,1,32
Wednesday,August,Mercredi,Août,Miércoles,Agosto,3,2,2010,20100811,11,4,223,1,2011,2010,Qtr 3,Tháng Tám,11,8,1,33
Wednesday,August,Mercredi,Août,Miércoles,Agosto,3,2,2010,20100818,18,4,230,1,2011,2010,Qtr 3,Tháng Tám,18,8,1,34
Wednesday,August,Mercredi,Août,Miércoles,Agosto,3,2,2010,20100825,25,4,237,1,2011,2010,Qtr 3,Tháng Tám,25,8,1,35
Wednesday,August,Mercredi,Août,Miércoles,Agosto,3,2,2011,20110803,3,4,215,1,2011,2011,Qtr 3,Tháng Tám,3,8,1,32
Wednesday,August,Mercredi,Août,Miércoles,Agosto,3,2,2011,20110810,10,4,222,1,2011,2011,Qtr 3,Tháng Tám,10,8,1,33
Wednesday,August,Mercredi,Août,Miércoles,Agosto,3,2,2011,20110817,17,4,229,1,2011,2011,Qtr 3,Tháng Tám,17,8,1,34
Wednesday,August,Mercredi,Août,Miércoles,Agosto,3,2,2011,20110824,24,4,236,1,2011,2011,Qtr 3,Tháng Tám,24,8,1,35
Wednesday,August,Mercredi,Août,Miércoles,Agosto,3,2,2011,20110831,31,4,243,1,2011,2011,Qtr 3,Tháng Tám,31,8,1,36
Wednesday,August,Mercredi,Août,Miércoles,Agosto,3,2,2012,20120801,1,4,214,1,2012,2012,Qtr 3,Tháng Tám,1,8,1,31
Wednesday,August,Mercredi,Août,Miércoles,Agosto,3,2,2012,20120808,8,4,221,1,2012,2012,Qtr 3,Tháng Tám,8,8,1,32
Wednesday,August,Mercredi,Août,Miércoles,Agosto,3,2,2012,20120815,15,4,228,1,2012,2012,Qtr 3,Tháng Tám,15,8,1,33
Wednesday,August,Mercredi,Août,Miércoles,Agosto,3,2,2012,20120822,22,4,235,1,2012,2012,Qtr 3,Tháng Tám,22,8,1,34
Wednesday,August,Mercredi,Août,Miércoles,Agosto,3,2,2012,20120829,29,4,242,1,2012,2012,Qtr 3,Tháng Tám,29,8,1,35
Wednesday,August,Mercredi,Août,Miércoles,Agosto,3,2,2013,20130807,7,4,219,1,2013,2013,Qtr 3,Tháng Tám,7,8,1,32
Wednesday,August,Mercredi,Août,Miércoles,Agosto,3,2,2013,20130814,14,4,226,1,2013,2013,Qtr 3,Tháng Tám,14,8,1,33
Wednesday,August,Mercredi,Août,Miércoles,Agosto,3,2,2013,20130821,21,4,233,1,2013,2013,Qtr 3,Tháng Tám,21,8,1,34
Wednesday,August,Mercredi,Août,Miércoles,Agosto,3,2,2013,20130828,28,4,240,1,2013,2013,Qtr 3,Tháng Tám,28,8,1,35
Wednesday,August,Mercredi,Août,Miércoles,Agosto,3,2,2014,20140806,6,4,218,1,2014,2014,Qtr 3,Tháng Tám,6,8,1,32
Wednesday,August,Mercredi,Août,Miércoles,Agosto,3,2,2014,20140813,13,4,225,1,2014,2014,Qtr 3,Tháng Tám,13,8,1,33
Wednesday,August,Mercredi,Août,Miércoles,Agosto,3,2,2014,20140820,20,4,232,1,2014,2014,Qtr 3,Tháng Tám,20,8,1,34
Wednesday,August,Mercredi,Août,Miércoles,Agosto,3,2,2014,20140827,27,4,239,1,2014,2014,Qtr 3,Tháng Tám,27,8,1,35
Wednesday,December,Mercredi,Décembre,Miércoles,Diciembre,4,2,2005,20051207,7,4,341,2,2006,2005,Qtr 4,Tháng Mười Hai,7,12,1,50
Wednesday,December,Mercredi,Décembre,Miércoles,Diciembre,4,2,2005,20051214,14,4,348,2,2006,2005,Qtr 4,Tháng Mười Hai,14,12,1,51
Wednesday,December,Mercredi,Décembre,Miércoles,Diciembre,4,2,2005,20051221,21,4,355,2,2006,2005,Qtr 4,Tháng Mười Hai,21,12,1,52
Wednesday,December,Mercredi,Décembre,Miércoles,Diciembre,4,2,2005,20051228,28,4,362,2,2006,2005,Qtr 4,Tháng Mười Hai,28,12,1,53
Wednesday,December,Mercredi,Décembre,Miércoles,Diciembre,4,2,2006,20061206,6,4,340,2,2007,2006,Qtr 4,Tháng Mười Hai,6,12,1,49
Wednesday,December,Mercredi,Décembre,Miércoles,Diciembre,4,2,2006,20061213,13,4,347,2,2007,2006,Qtr 4,Tháng Mười Hai,13,12,1,50
Wednesday,December,Mercredi,Décembre,Miércoles,Diciembre,4,2,2006,20061220,20,4,354,2,2007,2006,Qtr 4,Tháng Mười Hai,20,12,1,51
Wednesday,December,Mercredi,Décembre,Miércoles,Diciembre,4,2,2006,20061227,27,4,361,2,2007,2006,Qtr 4,Tháng Mười Hai,27,12,1,52
Wednesday,December,Mercredi,Décembre,Miércoles,Diciembre,4,2,2007,20071205,5,4,339,2,2008,2007,Qtr 4,Tháng Mười Hai,5,12,1,49
Wednesday,December,Mercredi,Décembre,Miércoles,Diciembre,4,2,2007,20071212,12,4,346,2,2008,2007,Qtr 4,Tháng Mười Hai,12,12,1,50
Wednesday,December,Mercredi,Décembre,Miércoles,Diciembre,4,2,2007,20071219,19,4,353,2,2008,2007,Qtr 4,Tháng Mười Hai,19,12,1,51
Wednesday,December,Mercredi,Décembre,Miércoles,Diciembre,4,2,2007,20071226,26,4,360,2,2008,2007,Qtr 4,Tháng Mười Hai,26,12,1,52
Wednesday,December,Mercredi,Décembre,Miércoles,Diciembre,4,2,2008,20081203,3,4,338,2,2009,2008,Qtr 4,Tháng Mười Hai,3,12,1,49
Wednesday,December,Mercredi,Décembre,Miércoles,Diciembre,4,2,2008,20081210,10,4,345,2,2009,2008,Qtr 4,Tháng Mười Hai,10,12,1,50
Wednesday,December,Mercredi,Décembre,Miércoles,Diciembre,4,2,2008,20081217,17,4,352,2,2009,2008,Qtr 4,Tháng Mười Hai,17,12,1,51
Wednesday,December,Mercredi,Décembre,Miércoles,Diciembre,4,2,2008,20081224,24,4,359,2,2009,2008,Qtr 4,Tháng Mười Hai,24,12,1,52
Wednesday,December,Mercredi,Décembre,Miércoles,Diciembre,4,2,2008,20081231,31,4,366,2,2009,2008,Qtr 4,Tháng Mười Hai,31,12,1,53
Wednesday,December,Mercredi,Décembre,Miércoles,Diciembre,4,2,2009,20091202,2,4,336,2,2010,2009,Qtr 4,Tháng Mười Hai,2,12,1,49
Wednesday,December,Mercredi,Décembre,Miércoles,Diciembre,4,2,2009,20091209,9,4,343,2,2010,2009,Qtr 4,Tháng Mười Hai,9,12,1,50
Wednesday,December,Mercredi,Décembre,Miércoles,Diciembre,4,2,2009,20091216,16,4,350,2,2010,2009,Qtr 4,Tháng Mười Hai,16,12,1,51
Wednesday,December,Mercredi,Décembre,Miércoles,Diciembre,4,2,2009,20091223,23,4,357,2,2010,2009,Qtr 4,Tháng Mười Hai,23,12,1,52
Wednesday,December,Mercredi,Décembre,Miércoles,Diciembre,4,2,2009,20091230,30,4,364,2,2010,2009,Qtr 4,Tháng Mười Hai,30,12,1,53
Wednesday,December,Mercredi,Décembre,Miércoles,Diciembre,4,2,2010,20101201,1,4,335,2,2011,2010,Qtr 4,Tháng Mười Hai,1,12,1,49
Wednesday,December,Mercredi,Décembre,Miércoles,Diciembre,4,2,2010,20101208,8,4,342,2,2011,2010,Qtr 4,Tháng Mười Hai,8,12,1,50
Wednesday,December,Mercredi,Décembre,Miércoles,Diciembre,4,2,2010,20101215,15,4,349,2,2011,2010,Qtr 4,Tháng Mười Hai,15,12,1,51
Wednesday,December,Mercredi,Décembre,Miércoles,Diciembre,4,2,2010,20101222,22,4,356,2,2011,2010,Qtr 4,Tháng Mười Hai,22,12,1,52
Wednesday,December,Mercredi,Décembre,Miércoles,Diciembre,4,2,2010,20101229,29,4,363,2,2011,2010,Qtr 4,Tháng Mười Hai,29,12,1,53
Wednesday,December,Mercredi,Décembre,Miércoles,Diciembre,4,2,2011,20111207,7,4,341,2,2011,2011,Qtr 4,Tháng Mười Hai,7,12,1,50
Wednesday,December,Mercredi,Décembre,Miércoles,Diciembre,4,2,2011,20111214,14,4,348,2,2011,2011,Qtr 4,Tháng Mười Hai,14,12,1,51
Wednesday,December,Mercredi,Décembre,Miércoles,Diciembre,4,2,2011,20111221,21,4,355,2,2011,2011,Qtr 4,Tháng Mười Hai,21,12,1,52
Wednesday,December,Mercredi,Décembre,Miércoles,Diciembre,4,2,2011,20111228,28,4,362,2,2011,2011,Qtr 4,Tháng Mười Hai,28,12,1,53
Wednesday,December,Mercredi,Décembre,Miércoles,Diciembre,4,2,2012,20121205,5,4,340,2,2012,2012,Qtr 4,Tháng Mười Hai,5,12,1,49
Wednesday,December,Mercredi,Décembre,Miércoles,Diciembre,4,2,2012,20121212,12,4,347,2,2012,2012,Qtr 4,Tháng Mười Hai,12,12,1,50
Wednesday,December,Mercredi,Décembre,Miércoles,Diciembre,4,2,2012,20121219,19,4,354,2,2012,2012,Qtr 4,Tháng Mười Hai,19,12,1,51
Wednesday,December,Mercredi,Décembre,Miércoles,Diciembre,4,2,2012,20121226,26,4,361,2,2012,2012,Qtr 4,Tháng Mười Hai,26,12,1,52
Wednesday,December,Mercredi,Décembre,Miércoles,Diciembre,4,2,2013,20131204,4,4,338,2,2013,2013,Qtr 4,Tháng Mười Hai,4,12,1,49
Wednesday,December,Mercredi,Décembre,Miércoles,Diciembre,4,2,2013,20131211,11,4,345,2,2013,2013,Qtr 4,Tháng Mười Hai,11,12,1,50
Wednesday,December,Mercredi,Décembre,Miércoles,Diciembre,4,2,2013,20131218,18,4,352,2,2013,2013,Qtr 4,Tháng Mười Hai,18,12,1,51
Wednesday,December,Mercredi,Décembre,Miércoles,Diciembre,4,2,2013,20131225,25,4,359,2,2013,2013,Qtr 4,Tháng Mười Hai,25,12,1,52
Wednesday,December,Mercredi,Décembre,Miércoles,Diciembre,4,2,2014,20141203,3,4,337,2,2014,2014,Qtr 4,Tháng Mười Hai,3,12,1,49
Wednesday,December,Mercredi,Décembre,Miércoles,Diciembre,4,2,2014,20141210,10,4,344,2,2014,2014,Qtr 4,Tháng Mười Hai,10,12,1,50
Wednesday,December,Mercredi,Décembre,Miércoles,Diciembre,4,2,2014,20141217,17,4,351,2,2014,2014,Qtr 4,Tháng Mười Hai,17,12,1,51
Wednesday,December,Mercredi,Décembre,Miércoles,Diciembre,4,2,2014,20141224,24,4,358,2,2014,2014,Qtr 4,Tháng Mười Hai,24,12,1,52
Wednesday,December,Mercredi,Décembre,Miércoles,Diciembre,4,2,2014,20141231,31,4,365,2,2014,2014,Qtr 4,Tháng Mười Hai,31,12,1,53
Wednesday,February,Mercredi,Février,Miércoles,Febrero,1,1,2005,20050202,2,4,33,3,2005,2005,Qtr 1,Tháng Hai,2,2,2,6
Wednesday,February,Mercredi,Février,Miércoles,Febrero,1,1,2005,20050209,9,4,40,3,2005,2005,Qtr 1,Tháng Hai,9,2,2,7
Wednesday,February,Mercredi,Février,Miércoles,Febrero,1,1,2005,20050216,16,4,47,3,2005,2005,Qtr 1,Tháng Hai,16,2,2,8
Wednesday,February,Mercredi,Février,Miércoles,Febrero,1,1,2005,20050223,23,4,54,3,2005,2005,Qtr 1,Tháng Hai,23,2,2,9
Wednesday,February,Mercredi,Février,Miércoles,Febrero,1,1,2006,20060201,1,4,32,3,2006,2006,Qtr 1,Tháng Hai,1,2,2,5
Wednesday,February,Mercredi,Février,Miércoles,Febrero,1,1,2006,20060208,8,4,39,3,2006,2006,Qtr 1,Tháng Hai,8,2,2,6
Wednesday,February,Mercredi,Février,Miércoles,Febrero,1,1,2006,20060215,15,4,46,3,2006,2006,Qtr 1,Tháng Hai,15,2,2,7
Wednesday,February,Mercredi,Février,Miércoles,Febrero,1,1,2006,20060222,22,4,53,3,2006,2006,Qtr 1,Tháng Hai,22,2,2,8
Wednesday,February,Mercredi,Février,Miércoles,Febrero,1,1,2007,20070207,7,4,38,3,2007,2007,Qtr 1,Tháng Hai,7,2,2,6
Wednesday,February,Mercredi,Février,Miércoles,Febrero,1,1,2007,20070214,14,4,45,3,2007,2007,Qtr 1,Tháng Hai,14,2,2,7
Wednesday,February,Mercredi,Février,Miércoles,Febrero,1,1,2007,20070221,21,4,52,3,2007,2007,Qtr 1,Tháng Hai,21,2,2,8
Wednesday,February,Mercredi,Février,Miércoles,Febrero,1,1,2007,20070228,28,4,59,3,2007,2007,Qtr 1,Tháng Hai,28,2,2,9
Wednesday,February,Mercredi,Février,Miércoles,Febrero,1,1,2008,20080206,6,4,37,3,2008,2008,Qtr 1,Tháng Hai,6,2,2,6
Wednesday,February,Mercredi,Février,Miércoles,Febrero,1,1,2008,20080213,13,4,44,3,2008,2008,Qtr 1,Tháng Hai,13,2,2,7
Wednesday,February,Mercredi,Février,Miércoles,Febrero,1,1,2008,20080220,20,4,51,3,2008,2008,Qtr 1,Tháng Hai,20,2,2,8
Wednesday,February,Mercredi,Février,Miércoles,Febrero,1,1,2008,20080227,27,4,58,3,2008,2008,Qtr 1,Tháng Hai,27,2,2,9
Wednesday,February,Mercredi,Février,Miércoles,Febrero,1,1,2009,20090204,4,4,35,3,2009,2009,Qtr 1,Tháng Hai,4,2,2,6
Wednesday,February,Mercredi,Février,Miércoles,Febrero,1,1,2009,20090211,11,4,42,3,2009,2009,Qtr 1,Tháng Hai,11,2,2,7
Wednesday,February,Mercredi,Février,Miércoles,Febrero,1,1,2009,20090218,18,4,49,3,2009,2009,Qtr 1,Tháng Hai,18,2,2,8
Wednesday,February,Mercredi,Février,Miércoles,Febrero,1,1,2009,20090225,25,4,56,3,2009,2009,Qtr 1,Tháng Hai,25,2,2,9
Wednesday,February,Mercredi,Février,Miércoles,Febrero,1,1,2010,20100203,3,4,34,3,2010,2010,Qtr 1,Tháng Hai,3,2,2,6
Wednesday,February,Mercredi,Février,Miércoles,Febrero,1,1,2010,20100210,10,4,41,3,2010,2010,Qtr 1,Tháng Hai,10,2,2,7
Wednesday,February,Mercredi,Février,Miércoles,Febrero,1,1,2010,20100217,17,4,48,3,2010,2010,Qtr 1,Tháng Hai,17,2,2,8
Wednesday,February,Mercredi,Février,Miércoles,Febrero,1,1,2010,20100224,24,4,55,3,2010,2010,Qtr 1,Tháng Hai,24,2,2,9
Wednesday,February,Mercredi,Février,Miércoles,Febrero,1,1,2011,20110202,2,4,33,3,2010,2011,Qtr 1,Tháng Hai,2,2,2,6
Wednesday,February,Mercredi,Février,Miércoles,Febrero,1,1,2011,20110209,9,4,40,3,2010,2011,Qtr 1,Tháng Hai,9,2,2,7
Wednesday,February,Mercredi,Février,Miércoles,Febrero,1,1,2011,20110216,16,4,47,3,2010,2011,Qtr 1,Tháng Hai,16,2,2,8
Wednesday,February,Mercredi,Février,Miércoles,Febrero,1,1,2011,20110223,23,4,54,3,2010,2011,Qtr 1,Tháng Hai,23,2,2,9
Wednesday,February,Mercredi,Février,Miércoles,Febrero,1,1,2012,20120201,1,4,32,3,2011,2012,Qtr 1,Tháng Hai,1,2,2,5
Wednesday,February,Mercredi,Février,Miércoles,Febrero,1,1,2012,20120208,8,4,39,3,2011,2012,Qtr 1,Tháng Hai,8,2,2,6
Wednesday,February,Mercredi,Février,Miércoles,Febrero,1,1,2012,20120215,15,4,46,3,2011,2012,Qtr 1,Tháng Hai,15,2,2,7
Wednesday,February,Mercredi,Février,Miércoles,Febrero,1,1,2012,20120222,22,4,53,3,2011,2012,Qtr 1,Tháng Hai,22,2,2,8
Wednesday,February,Mercredi,Février,Miércoles,Febrero,1,1,2012,20120229,29,4,60,3,2011,2012,Qtr 1,Tháng Hai,29,2,2,9
Wednesday,February,Mercredi,Février,Miércoles,Febrero,1,1,2013,20130206,6,4,37,3,2012,2013,Qtr 1,Tháng Hai,6,2,2,6
Wednesday,February,Mercredi,Février,Miércoles,Febrero,1,1,2013,20130213,13,4,44,3,2012,2013,Qtr 1,Tháng Hai,13,2,2,7
Wednesday,February,Mercredi,Février,Miércoles,Febrero,1,1,2013,20130220,20,4,51,3,2012,2013,Qtr 1,Tháng Hai,20,2,2,8
Wednesday,February,Mercredi,Février,Miércoles,Febrero,1,1,2013,20130227,27,4,58,3,2012,2013,Qtr 1,Tháng Hai,27,2,2,9
Wednesday,February,Mercredi,Février,Miércoles,Febrero,1,1,2014,20140205,5,4,36,3,2013,2014,Qtr 1,Tháng Hai,5,2,2,6
Wednesday,February,Mercredi,Février,Miércoles,Febrero,1,1,2014,20140212,12,4,43,3,2013,2014,Qtr 1,Tháng Hai,12,2,2,7
Wednesday,February,Mercredi,Février,Miércoles,Febrero,1,1,2014,20140219,19,4,50,3,2013,2014,Qtr 1,Tháng Hai,19,2,2,8
Wednesday,February,Mercredi,Février,Miércoles,Febrero,1,1,2014,20140226,26,4,57,3,2013,2014,Qtr 1,Tháng Hai,26,2,2,9
Wednesday,January,Mercredi,Janvier,Miércoles,Enero,1,1,2005,20050105,5,4,5,3,2005,2005,Qtr 1,Tháng Giêng,5,1,2,2
Wednesday,January,Mercredi,Janvier,Miércoles,Enero,1,1,2005,20050112,12,4,12,3,2005,2005,Qtr 1,Tháng Giêng,12,1,2,3
Wednesday,January,Mercredi,Janvier,Miércoles,Enero,1,1,2005,20050119,19,4,19,3,2005,2005,Qtr 1,Tháng Giêng,19,1,2,4
Wednesday,January,Mercredi,Janvier,Miércoles,Enero,1,1,2005,20050126,26,4,26,3,2005,2005,Qtr 1,Tháng Giêng,26,1,2,5
Wednesday,January,Mercredi,Janvier,Miércoles,Enero,1,1,2006,20060104,4,4,4,3,2006,2006,Qtr 1,Tháng Giêng,4,1,2,1
Wednesday,January,Mercredi,Janvier,Miércoles,Enero,1,1,2006,20060111,11,4,11,3,2006,2006,Qtr 1,Tháng Giêng,11,1,2,2
Wednesday,January,Mercredi,Janvier,Miércoles,Enero,1,1,2006,20060118,18,4,18,3,2006,2006,Qtr 1,Tháng Giêng,18,1,2,3
Wednesday,January,Mercredi,Janvier,Miércoles,Enero,1,1,2006,20060125,25,4,25,3,2006,2006,Qtr 1,Tháng Giêng,25,1,2,4
Wednesday,January,Mercredi,Janvier,Miércoles,Enero,1,1,2007,20070103,3,4,3,3,2007,2007,Qtr 1,Tháng Giêng,3,1,2,1
Wednesday,January,Mercredi,Janvier,Miércoles,Enero,1,1,2007,20070110,10,4,10,3,2007,2007,Qtr 1,Tháng Giêng,10,1,2,2
Wednesday,January,Mercredi,Janvier,Miércoles,Enero,1,1,2007,20070117,17,4,17,3,2007,2007,Qtr 1,Tháng Giêng,17,1,2,3
Wednesday,January,Mercredi,Janvier,Miércoles,Enero,1,1,2007,20070124,24,4,24,3,2007,2007,Qtr 1,Tháng Giêng,24,1,2,4
Wednesday,January,Mercredi,Janvier,Miércoles,Enero,1,1,2007,20070131,31,4,31,3,2007,2007,Qtr 1,Tháng Giêng,31,1,2,5
Wednesday,January,Mercredi,Janvier,Miércoles,Enero,1,1,2008,20080102,2,4,2,3,2008,2008,Qtr 1,Tháng Giêng,2,1,2,1
Wednesday,January,Mercredi,Janvier,Miércoles,Enero,1,1,2008,20080109,9,4,9,3,2008,2008,Qtr 1,Tháng Giêng,9,1,2,2
Wednesday,January,Mercredi,Janvier,Miércoles,Enero,1,1,2008,20080116,16,4,16,3,2008,2008,Qtr 1,Tháng Giêng,16,1,2,3
Wednesday,January,Mercredi,Janvier,Miércoles,Enero,1,1,2008,20080123,23,4,23,3,2008,2008,Qtr 1,Tháng Giêng,23,1,2,4
Wednesday,January,Mercredi,Janvier,Miércoles,Enero,1,1,2008,20080130,30,4,30,3,2008,2008,Qtr 1,Tháng Giêng,30,1,2,5
Wednesday,January,Mercredi,Janvier,Miércoles,Enero,1,1,2009,20090107,7,4,7,3,2009,2009,Qtr 1,Tháng Giêng,7,1,2,2
Wednesday,January,Mercredi,Janvier,Miércoles,Enero,1,1,2009,20090114,14,4,14,3,2009,2009,Qtr 1,Tháng Giêng,14,1,2,3
Wednesday,January,Mercredi,Janvier,Miércoles,Enero,1,1,2009,20090121,21,4,21,3,2009,2009,Qtr 1,Tháng Giêng,21,1,2,4
Wednesday,January,Mercredi,Janvier,Miércoles,Enero,1,1,2009,20090128,28,4,28,3,2009,2009,Qtr 1,Tháng Giêng,28,1,2,5
Wednesday,January,Mercredi,Janvier,Miércoles,Enero,1,1,2010,20100106,6,4,6,3,2010,2010,Qtr 1,Tháng Giêng,6,1,2,2
Wednesday,January,Mercredi,Janvier,Miércoles,Enero,1,1,2010,20100113,13,4,13,3,2010,2010,Qtr 1,Tháng Giêng,13,1,2,3
Wednesday,January,Mercredi,Janvier,Miércoles,Enero,1,1,2010,20100120,20,4,20,3,2010,2010,Qtr 1,Tháng Giêng,20,1,2,4
Wednesday,January,Mercredi,Janvier,Miércoles,Enero,1,1,2010,20100127,27,4,27,3,2010,2010,Qtr 1,Tháng Giêng,27,1,2,5
Wednesday,January,Mercredi,Janvier,Miércoles,Enero,1,1,2011,20110105,5,4,5,3,2010,2011,Qtr 1,Tháng Giêng,5,1,2,2
Wednesday,January,Mercredi,Janvier,Miércoles,Enero,1,1,2011,20110112,12,4,12,3,2010,2011,Qtr 1,Tháng Giêng,12,1,2,3
Wednesday,January,Mercredi,Janvier,Miércoles,Enero,1,1,2011,20110119,19,4,19,3,2010,2011,Qtr 1,Tháng Giêng,19,1,2,4
Wednesday,January,Mercredi,Janvier,Miércoles,Enero,1,1,2011,20110126,26,4,26,3,2010,2011,Qtr 1,Tháng Giêng,26,1,2,5
Wednesday,January,Mercredi,Janvier,Miércoles,Enero,1,1,2012,20120104,4,4,4,3,2011,2012,Qtr 1,Tháng Giêng,4,1,2,1
Wednesday,January,Mercredi,Janvier,Miércoles,Enero,1,1,2012,20120111,11,4,11,3,2011,2012,Qtr 1,Tháng Giêng,11,1,2,2
Wednesday,January,Mercredi,Janvier,Miércoles,Enero,1,1,2012,20120118,18,4,18,3,2011,2012,Qtr 1,Tháng Giêng,18,1,2,3
Wednesday,January,Mercredi,Janvier,Miércoles,Enero,1,1,2012,20120125,25,4,25,3,2011,2012,Qtr 1,Tháng Giêng,25,1,2,4
Wednesday,January,Mercredi,Janvier,Miércoles,Enero,1,1,2013,20130102,2,4,2,3,2012,2013,Qtr 1,Tháng Giêng,2,1,2,1
Wednesday,January,Mercredi,Janvier,Miércoles,Enero,1,1,2013,20130109,9,4,9,3,2012,2013,Qtr 1,Tháng Giêng,9,1,2,2
Wednesday,January,Mercredi,Janvier,Miércoles,Enero,1,1,2013,20130116,16,4,16,3,2012,2013,Qtr 1,Tháng Giêng,16,1,2,3
Wednesday,January,Mercredi,Janvier,Miércoles,Enero,1,1,2013,20130123,23,4,23,3,2012,2013,Qtr 1,Tháng Giêng,23,1,2,4
Wednesday,January,Mercredi,Janvier,Miércoles,Enero,1,1,2013,20130130,30,4,30,3,2012,2013,Qtr 1,Tháng Giêng,30,1,2,5
Wednesday,January,Mercredi,Janvier,Miércoles,Enero,1,1,2014,20140101,1,4,1,3,2013,2014,Qtr 1,Tháng Giêng,1,1,2,1
Wednesday,January,Mercredi,Janvier,Miércoles,Enero,1,1,2014,20140108,8,4,8,3,2013,2014,Qtr 1,Tháng Giêng,8,1,2,2
Wednesday,January,Mercredi,Janvier,Miércoles,Enero,1,1,2014,20140115,15,4,15,3,2013,2014,Qtr 1,Tháng Giêng,15,1,2,3
Wednesday,January,Mercredi,Janvier,Miércoles,Enero,1,1,2014,20140122,22,4,22,3,2013,2014,Qtr 1,Tháng Giêng,22,1,2,4
Wednesday,January,Mercredi,Janvier,Miércoles,Enero,1,1,2014,20140129,29,4,29,3,2013,2014,Qtr 1,Tháng Giêng,29,1,2,5
Wednesday,July,Mercredi,Juillet,Miércoles,Julio,3,2,2005,20050706,6,4,187,1,2006,2005,Qtr 3,Tháng Bảy,6,7,1,28
Wednesday,July,Mercredi,Juillet,Miércoles,Julio,3,2,2005,20050713,13,4,194,1,2006,2005,Qtr 3,Tháng Bảy,13,7,1,29
Wednesday,July,Mercredi,Juillet,Miércoles,Julio,3,2,2005,20050720,20,4,201,1,2006,2005,Qtr 3,Tháng Bảy,20,7,1,30
Wednesday,July,Mercredi,Juillet,Miércoles,Julio,3,2,2005,20050727,27,4,208,1,2006,2005,Qtr 3,Tháng Bảy,27,7,1,31
Wednesday,July,Mercredi,Juillet,Miércoles,Julio,3,2,2006,20060705,5,4,186,1,2007,2006,Qtr 3,Tháng Bảy,5,7,1,27
Wednesday,July,Mercredi,Juillet,Miércoles,Julio,3,2,2006,20060712,12,4,193,1,2007,2006,Qtr 3,Tháng Bảy,12,7,1,28
Wednesday,July,Mercredi,Juillet,Miércoles,Julio,3,2,2006,20060719,19,4,200,1,2007,2006,Qtr 3,Tháng Bảy,19,7,1,29
Wednesday,July,Mercredi,Juillet,Miércoles,Julio,3,2,2006,20060726,26,4,207,1,2007,2006,Qtr 3,Tháng Bảy,26,7,1,30
Wednesday,July,Mercredi,Juillet,Miércoles,Julio,3,2,2007,20070704,4,4,185,1,2008,2007,Qtr 3,Tháng Bảy,4,7,1,27
Wednesday,July,Mercredi,Juillet,Miércoles,Julio,3,2,2007,20070711,11,4,192,1,2008,2007,Qtr 3,Tháng Bảy,11,7,1,28
Wednesday,July,Mercredi,Juillet,Miércoles,Julio,3,2,2007,20070718,18,4,199,1,2008,2007,Qtr 3,Tháng Bảy,18,7,1,29
Wednesday,July,Mercredi,Juillet,Miércoles,Julio,3,2,2007,20070725,25,4,206,1,2008,2007,Qtr 3,Tháng Bảy,25,7,1,30
Wednesday,July,Mercredi,Juillet,Miércoles,Julio,3,2,2008,20080702,2,4,184,1,2009,2008,Qtr 3,Tháng Bảy,2,7,1,27
Wednesday,July,Mercredi,Juillet,Miércoles,Julio,3,2,2008,20080709,9,4,191,1,2009,2008,Qtr 3,Tháng Bảy,9,7,1,28
Wednesday,July,Mercredi,Juillet,Miércoles,Julio,3,2,2008,20080716,16,4,198,1,2009,2008,Qtr 3,Tháng Bảy,16,7,1,29
Wednesday,July,Mercredi,Juillet,Miércoles,Julio,3,2,2008,20080723,23,4,205,1,2009,2008,Qtr 3,Tháng Bảy,23,7,1,30
Wednesday,July,Mercredi,Juillet,Miércoles,Julio,3,2,2008,20080730,30,4,212,1,2009,2008,Qtr 3,Tháng Bảy,30,7,1,31
Wednesday,July,Mercredi,Juillet,Miércoles,Julio,3,2,2009,20090701,1,4,182,1,2010,2009,Qtr 3,Tháng Bảy,1,7,1,27
Wednesday,July,Mercredi,Juillet,Miércoles,Julio,3,2,2009,20090708,8,4,189,1,2010,2009,Qtr 3,Tháng Bảy,8,7,1,28
Wednesday,July,Mercredi,Juillet,Miércoles,Julio,3,2,2009,20090715,15,4,196,1,2010,2009,Qtr 3,Tháng Bảy,15,7,1,29
Wednesday,July,Mercredi,Juillet,Miércoles,Julio,3,2,2009,20090722,22,4,203,1,2010,2009,Qtr 3,Tháng Bảy,22,7,1,30
Wednesday,July,Mercredi,Juillet,Miércoles,Julio,3,2,2009,20090729,29,4,210,1,2010,2009,Qtr 3,Tháng Bảy,29,7,1,31
Wednesday,July,Mercredi,Juillet,Miércoles,Julio,3,2,2010,20100707,7,4,188,1,2011,2010,Qtr 3,Tháng Bảy,7,7,1,28
Wednesday,July,Mercredi,Juillet,Miércoles,Julio,3,2,2010,20100714,14,4,195,1,2011,2010,Qtr 3,Tháng Bảy,14,7,1,29
Wednesday,July,Mercredi,Juillet,Miércoles,Julio,3,2,2010,20100721,21,4,202,1,2011,2010,Qtr 3,Tháng Bảy,21,7,1,30
Wednesday,July,Mercredi,Juillet,Miércoles,Julio,3,2,2010,20100728,28,4,209,1,2011,2010,Qtr 3,Tháng Bảy,28,7,1,31
Wednesday,July,Mercredi,Juillet,Miércoles,Julio,3,2,2011,20110706,6,4,187,1,2011,2011,Qtr 3,Tháng Bảy,6,7,1,28
Wednesday,July,Mercredi,Juillet,Miércoles,Julio,3,2,2011,20110713,13,4,194,1,2011,2011,Qtr 3,Tháng Bảy,13,7,1,29
Wednesday,July,Mercredi,Juillet,Miércoles,Julio,3,2,2011,20110720,20,4,201,1,2011,2011,Qtr 3,Tháng Bảy,20,7,1,30
Wednesday,July,Mercredi,Juillet,Miércoles,Julio,3,2,2011,20110727,27,4,208,1,2011,2011,Qtr 3,Tháng Bảy,27,7,1,31
Wednesday,July,Mercredi,Juillet,Miércoles,Julio,3,2,2012,20120704,4,4,186,1,2012,2012,Qtr 3,Tháng Bảy,4,7,1,27
Wednesday,July,Mercredi,Juillet,Miércoles,Julio,3,2,2012,20120711,11,4,193,1,2012,2012,Qtr 3,Tháng Bảy,11,7,1,28
Wednesday,July,Mercredi,Juillet,Miércoles,Julio,3,2,2012,20120718,18,4,200,1,2012,2012,Qtr 3,Tháng Bảy,18,7,1,29
Wednesday,July,Mercredi,Juillet,Miércoles,Julio,3,2,2012,20120725,25,4,207,1,2012,2012,Qtr 3,Tháng Bảy,25,7,1,30
Wednesday,July,Mercredi,Juillet,Miércoles,Julio,3,2,2013,20130703,3,4,184,1,2013,2013,Qtr 3,Tháng Bảy,3,7,1,27
Wednesday,July,Mercredi,Juillet,Miércoles,Julio,3,2,2013,20130710,10,4,191,1,2013,2013,Qtr 3,Tháng Bảy,10,7,1,28
Wednesday,July,Mercredi,Juillet,Miércoles,Julio,3,2,2013,20130717,17,4,198,1,2013,2013,Qtr 3,Tháng Bảy,17,7,1,29
Wednesday,July,Mercredi,Juillet,Miércoles,Julio,3,2,2013,20130724,24,4,205,1,2013,2013,Qtr 3,Tháng Bảy,24,7,1,30
Wednesday,July,Mercredi,Juillet,Miércoles,Julio,3,2,2013,20130731,31,4,212,1,2013,2013,Qtr 3,Tháng Bảy,31,7,1,31
Wednesday,July,Mercredi,Juillet,Miércoles,Julio,3,2,2014,20140702,2,4,183,1,2014,2014,Qtr 3,Tháng Bảy,2,7,1,27
Wednesday,July,Mercredi,Juillet,Miércoles,Julio,3,2,2014,20140709,9,4,190,1,2014,2014,Qtr 3,Tháng Bảy,9,7,1,28
Wednesday,July,Mercredi,Juillet,Miércoles,Julio,3,2,2014,20140716,16,4,197,1,2014,2014,Qtr 3,Tháng Bảy,16,7,1,29
Wednesday,July,Mercredi,Juillet,Miércoles,Julio,3,2,2014,20140723,23,4,204,1,2014,2014,Qtr 3,Tháng Bảy,23,7,1,30
Wednesday,July,Mercredi,Juillet,Miércoles,Julio,3,2,2014,20140730,30,4,211,1,2014,2014,Qtr 3,Tháng Bảy,30,7,1,31
Wednesday,June,Mercredi,Juin,Miércoles,Junio,2,1,2005,20050601,1,4,152,4,2005,2005,Qtr 2,Tháng Sáu,1,6,2,23
Wednesday,June,Mercredi,Juin,Miércoles,Junio,2,1,2005,20050608,8,4,159,4,2005,2005,Qtr 2,Tháng Sáu,8,6,2,24
Wednesday,June,Mercredi,Juin,Miércoles,Junio,2,1,2005,20050615,15,4,166,4,2005,2005,Qtr 2,Tháng Sáu,15,6,2,25
Wednesday,June,Mercredi,Juin,Miércoles,Junio,2,1,2005,20050622,22,4,173,4,2005,2005,Qtr 2,Tháng Sáu,22,6,2,26
Wednesday,June,Mercredi,Juin,Miércoles,Junio,2,1,2005,20050629,29,4,180,4,2005,2005,Qtr 2,Tháng Sáu,29,6,2,27
Wednesday,June,Mercredi,Juin,Miércoles,Junio,2,1,2006,20060607,7,4,158,4,2006,2006,Qtr 2,Tháng Sáu,7,6,2,23
Wednesday,June,Mercredi,Juin,Miércoles,Junio,2,1,2006,20060614,14,4,165,4,2006,2006,Qtr 2,Tháng Sáu,14,6,2,24
Wednesday,June,Mercredi,Juin,Miércoles,Junio,2,1,2006,20060621,21,4,172,4,2006,2006,Qtr 2,Tháng Sáu,21,6,2,25
Wednesday,June,Mercredi,Juin,Miércoles,Junio,2,1,2006,20060628,28,4,179,4,2006,2006,Qtr 2,Tháng Sáu,28,6,2,26
Wednesday,June,Mercredi,Juin,Miércoles,Junio,2,1,2007,20070606,6,4,157,4,2007,2007,Qtr 2,Tháng Sáu,6,6,2,23
Wednesday,June,Mercredi,Juin,Miércoles,Junio,2,1,2007,20070613,13,4,164,4,2007,2007,Qtr 2,Tháng Sáu,13,6,2,24
Wednesday,June,Mercredi,Juin,Miércoles,Junio,2,1,2007,20070620,20,4,171,4,2007,2007,Qtr 2,Tháng Sáu,20,6,2,25
Wednesday,June,Mercredi,Juin,Miércoles,Junio,2,1,2007,20070627,27,4,178,4,2007,2007,Qtr 2,Tháng Sáu,27,6,2,26
Wednesday,June,Mercredi,Juin,Miércoles,Junio,2,1,2008,20080604,4,4,156,4,2008,2008,Qtr 2,Tháng Sáu,4,6,2,23
Wednesday,June,Mercredi,Juin,Miércoles,Junio,2,1,2008,20080611,11,4,163,4,2008,2008,Qtr 2,Tháng Sáu,11,6,2,24
Wednesday,June,Mercredi,Juin,Miércoles,Junio,2,1,2008,20080618,18,4,170,4,2008,2008,Qtr 2,Tháng Sáu,18,6,2,25
Wednesday,June,Mercredi,Juin,Miércoles,Junio,2,1,2008,20080625,25,4,177,4,2008,2008,Qtr 2,Tháng Sáu,25,6,2,26
Wednesday,June,Mercredi,Juin,Miércoles,Junio,2,1,2009,20090603,3,4,154,4,2009,2009,Qtr 2,Tháng Sáu,3,6,2,23
Wednesday,June,Mercredi,Juin,Miércoles,Junio,2,1,2009,20090610,10,4,161,4,2009,2009,Qtr 2,Tháng Sáu,10,6,2,24
Wednesday,June,Mercredi,Juin,Miércoles,Junio,2,1,2009,20090617,17,4,168,4,2009,2009,Qtr 2,Tháng Sáu,17,6,2,25
Wednesday,June,Mercredi,Juin,Miércoles,Junio,2,1,2009,20090624,24,4,175,4,2009,2009,Qtr 2,Tháng Sáu,24,6,2,26
Wednesday,June,Mercredi,Juin,Miércoles,Junio,2,1,2010,20100602,2,4,153,4,2010,2010,Qtr 2,Tháng Sáu,2,6,2,23
Wednesday,June,Mercredi,Juin,Miércoles,Junio,2,1,2010,20100609,9,4,160,4,2010,2010,Qtr 2,Tháng Sáu,9,6,2,24
Wednesday,June,Mercredi,Juin,Miércoles,Junio,2,1,2010,20100616,16,4,167,4,2010,2010,Qtr 2,Tháng Sáu,16,6,2,25
Wednesday,June,Mercredi,Juin,Miércoles,Junio,2,1,2010,20100623,23,4,174,4,2010,2010,Qtr 2,Tháng Sáu,23,6,2,26
Wednesday,June,Mercredi,Juin,Miércoles,Junio,2,1,2010,20100630,30,4,181,4,2010,2010,Qtr 2,Tháng Sáu,30,6,2,27
Wednesday,June,Mercredi,Juin,Miércoles,Junio,2,1,2011,20110601,1,4,152,4,2010,2011,Qtr 2,Tháng Sáu,1,6,2,23
Wednesday,June,Mercredi,Juin,Miércoles,Junio,2,1,2011,20110608,8,4,159,4,2010,2011,Qtr 2,Tháng Sáu,8,6,2,24
Wednesday,June,Mercredi,Juin,Miércoles,Junio,2,1,2011,20110615,15,4,166,4,2010,2011,Qtr 2,Tháng Sáu,15,6,2,25
Wednesday,June,Mercredi,Juin,Miércoles,Junio,2,1,2011,20110622,22,4,173,4,2010,2011,Qtr 2,Tháng Sáu,22,6,2,26
Wednesday,June,Mercredi,Juin,Miércoles,Junio,2,1,2011,20110629,29,4,180,4,2010,2011,Qtr 2,Tháng Sáu,29,6,2,27
Wednesday,June,Mercredi,Juin,Miércoles,Junio,2,1,2012,20120606,6,4,158,4,2011,2012,Qtr 2,Tháng Sáu,6,6,2,23
Wednesday,June,Mercredi,Juin,Miércoles,Junio,2,1,2012,20120613,13,4,165,4,2011,2012,Qtr 2,Tháng Sáu,13,6,2,24
Wednesday,June,Mercredi,Juin,Miércoles,Junio,2,1,2012,20120620,20,4,172,4,2011,2012,Qtr 2,Tháng Sáu,20,6,2,25
Wednesday,June,Mercredi,Juin,Miércoles,Junio,2,1,2012,20120627,27,4,179,4,2011,2012,Qtr 2,Tháng Sáu,27,6,2,26
Wednesday,June,Mercredi,Juin,Miércoles,Junio,2,1,2013,20130605,5,4,156,4,2012,2013,Qtr 2,Tháng Sáu,5,6,2,23
Wednesday,June,Mercredi,Juin,Miércoles,Junio,2,1,2013,20130612,12,4,163,4,2012,2013,Qtr 2,Tháng Sáu,12,6,2,24
Wednesday,June,Mercredi,Juin,Miércoles,Junio,2,1,2013,20130619,19,4,170,4,2012,2013,Qtr 2,Tháng Sáu,19,6,2,25
Wednesday,June,Mercredi,Juin,Miércoles,Junio,2,1,2013,20130626,26,4,177,4,2012,2013,Qtr 2,Tháng Sáu,26,6,2,26
Wednesday,June,Mercredi,Juin,Miércoles,Junio,2,1,2014,20140604,4,4,155,4,2013,2014,Qtr 2,Tháng Sáu,4,6,2,23
Wednesday,June,Mercredi,Juin,Miércoles,Junio,2,1,2014,20140611,11,4,162,4,2013,2014,Qtr 2,Tháng Sáu,11,6,2,24
Wednesday,June,Mercredi,Juin,Miércoles,Junio,2,1,2014,20140618,18,4,169,4,2013,2014,Qtr 2,Tháng Sáu,18,6,2,25
Wednesday,June,Mercredi,Juin,Miércoles,Junio,2,1,2014,20140625,25,4,176,4,2013,2014,Qtr 2,Tháng Sáu,25,6,2,26
Wednesday,March,Mercredi,Mars,Miércoles,Marzo,1,1,2005,20050302,2,4,61,3,2005,2005,Qtr 1,Tháng Ba,2,3,2,10
Wednesday,March,Mercredi,Mars,Miércoles,Marzo,1,1,2005,20050309,9,4,68,3,2005,2005,Qtr 1,Tháng Ba,9,3,2,11
Wednesday,March,Mercredi,Mars,Miércoles,Marzo,1,1,2005,20050316,16,4,75,3,2005,2005,Qtr 1,Tháng Ba,16,3,2,12
Wednesday,March,Mercredi,Mars,Miércoles,Marzo,1,1,2005,20050323,23,4,82,3,2005,2005,Qtr 1,Tháng Ba,23,3,2,13
Wednesday,March,Mercredi,Mars,Miércoles,Marzo,1,1,2005,20050330,30,4,89,3,2005,2005,Qtr 1,Tháng Ba,30,3,2,14
Wednesday,March,Mercredi,Mars,Miércoles,Marzo,1,1,2006,20060301,1,4,60,3,2006,2006,Qtr 1,Tháng Ba,1,3,2,9
Wednesday,March,Mercredi,Mars,Miércoles,Marzo,1,1,2006,20060308,8,4,67,3,2006,2006,Qtr 1,Tháng Ba,8,3,2,10
Wednesday,March,Mercredi,Mars,Miércoles,Marzo,1,1,2006,20060315,15,4,74,3,2006,2006,Qtr 1,Tháng Ba,15,3,2,11
Wednesday,March,Mercredi,Mars,Miércoles,Marzo,1,1,2006,20060322,22,4,81,3,2006,2006,Qtr 1,Tháng Ba,22,3,2,12
Wednesday,March,Mercredi,Mars,Miércoles,Marzo,1,1,2006,20060329,29,4,88,3,2006,2006,Qtr 1,Tháng Ba,29,3,2,13
Wednesday,March,Mercredi,Mars,Miércoles,Marzo,1,1,2007,20070307,7,4,66,3,2007,2007,Qtr 1,Tháng Ba,7,3,2,10
Wednesday,March,Mercredi,Mars,Miércoles,Marzo,1,1,2007,20070314,14,4,73,3,2007,2007,Qtr 1,Tháng Ba,14,3,2,11
Wednesday,March,Mercredi,Mars,Miércoles,Marzo,1,1,2007,20070321,21,4,80,3,2007,2007,Qtr 1,Tháng Ba,21,3,2,12
Wednesday,March,Mercredi,Mars,Miércoles,Marzo,1,1,2007,20070328,28,4,87,3,2007,2007,Qtr 1,Tháng Ba,28,3,2,13
Wednesday,March,Mercredi,Mars,Miércoles,Marzo,1,1,2008,20080305,5,4,65,3,2008,2008,Qtr 1,Tháng Ba,5,3,2,10
Wednesday,March,Mercredi,Mars,Miércoles,Marzo,1,1,2008,20080312,12,4,72,3,2008,2008,Qtr 1,Tháng Ba,12,3,2,11
Wednesday,March,Mercredi,Mars,Miércoles,Marzo,1,1,2008,20080319,19,4,79,3,2008,2008,Qtr 1,Tháng Ba,19,3,2,12
Wednesday,March,Mercredi,Mars,Miércoles,Marzo,1,1,2008,20080326,26,4,86,3,2008,2008,Qtr 1,Tháng Ba,26,3,2,13
Wednesday,March,Mercredi,Mars,Miércoles,Marzo,1,1,2009,20090304,4,4,63,3,2009,2009,Qtr 1,Tháng Ba,4,3,2,10
Wednesday,March,Mercredi,Mars,Miércoles,Marzo,1,1,2009,20090311,11,4,70,3,2009,2009,Qtr 1,Tháng Ba,11,3,2,11
Wednesday,March,Mercredi,Mars,Miércoles,Marzo,1,1,2009,20090318,18,4,77,3,2009,2009,Qtr 1,Tháng Ba,18,3,2,12
Wednesday,March,Mercredi,Mars,Miércoles,Marzo,1,1,2009,20090325,25,4,84,3,2009,2009,Qtr 1,Tháng Ba,25,3,2,13
Wednesday,March,Mercredi,Mars,Miércoles,Marzo,1,1,2010,20100303,3,4,62,3,2010,2010,Qtr 1,Tháng Ba,3,3,2,10
Wednesday,March,Mercredi,Mars,Miércoles,Marzo,1,1,2010,20100310,10,4,69,3,2010,2010,Qtr 1,Tháng Ba,10,3,2,11
Wednesday,March,Mercredi,Mars,Miércoles,Marzo,1,1,2010,20100317,17,4,76,3,2010,2010,Qtr 1,Tháng Ba,17,3,2,12
Wednesday,March,Mercredi,Mars,Miércoles,Marzo,1,1,2010,20100324,24,4,83,3,2010,2010,Qtr 1,Tháng Ba,24,3,2,13
Wednesday,March,Mercredi,Mars,Miércoles,Marzo,1,1,2010,20100331,31,4,90,3,2010,2010,Qtr 1,Tháng Ba,31,3,2,14
Wednesday,March,Mercredi,Mars,Miércoles,Marzo,1,1,2011,20110302,2,4,61,3,2010,2011,Qtr 1,Tháng Ba,2,3,2,10
Wednesday,March,Mercredi,Mars,Miércoles,Marzo,1,1,2011,20110309,9,4,68,3,2010,2011,Qtr 1,Tháng Ba,9,3,2,11
Wednesday,March,Mercredi,Mars,Miércoles,Marzo,1,1,2011,20110316,16,4,75,3,2010,2011,Qtr 1,Tháng Ba,16,3,2,12
Wednesday,March,Mercredi,Mars,Miércoles,Marzo,1,1,2011,20110323,23,4,82,3,2010,2011,Qtr 1,Tháng Ba,23,3,2,13
Wednesday,March,Mercredi,Mars,Miércoles,Marzo,1,1,2011,20110330,30,4,89,3,2010,2011,Qtr 1,Tháng Ba,30,3,2,14
Wednesday,March,Mercredi,Mars,Miércoles,Marzo,1,1,2012,20120307,7,4,67,3,2011,2012,Qtr 1,Tháng Ba,7,3,2,10
Wednesday,March,Mercredi,Mars,Miércoles,Marzo,1,1,2012,20120314,14,4,74,3,2011,2012,Qtr 1,Tháng Ba,14,3,2,11
Wednesday,March,Mercredi,Mars,Miércoles,Marzo,1,1,2012,20120321,21,4,81,3,2011,2012,Qtr 1,Tháng Ba,21,3,2,12
Wednesday,March,Mercredi,Mars,Miércoles,Marzo,1,1,2012,20120328,28,4,88,3,2011,2012,Qtr 1,Tháng Ba,28,3,2,13
Wednesday,March,Mercredi,Mars,Miércoles,Marzo,1,1,2013,20130306,6,4,65,3,2012,2013,Qtr 1,Tháng Ba,6,3,2,10
Wednesday,March,Mercredi,Mars,Miércoles,Marzo,1,1,2013,20130313,13,4,72,3,2012,2013,Qtr 1,Tháng Ba,13,3,2,11
Wednesday,March,Mercredi,Mars,Miércoles,Marzo,1,1,2013,20130320,20,4,79,3,2012,2013,Qtr 1,Tháng Ba,20,3,2,12
Wednesday,March,Mercredi,Mars,Miércoles,Marzo,1,1,2013,20130327,27,4,86,3,2012,2013,Qtr 1,Tháng Ba,27,3,2,13
Wednesday,March,Mercredi,Mars,Miércoles,Marzo,1,1,2014,20140305,5,4,64,3,2013,2014,Qtr 1,Tháng Ba,5,3,2,10
Wednesday,March,Mercredi,Mars,Miércoles,Marzo,1,1,2014,20140312,12,4,71,3,2013,2014,Qtr 1,Tháng Ba,12,3,2,11
Wednesday,March,Mercredi,Mars,Miércoles,Marzo,1,1,2014,20140319,19,4,78,3,2013,2014,Qtr 1,Tháng Ba,19,3,2,12
Wednesday,March,Mercredi,Mars,Miércoles,Marzo,1,1,2014,20140326,26,4,85,3,2013,2014,Qtr 1,Tháng Ba,26,3,2,13
Wednesday,May,Mercredi,Mai,Miércoles,Mayo,2,1,2005,20050504,4,4,124,4,2005,2005,Qtr 2,Tháng Năm,4,5,2,19
Wednesday,May,Mercredi,Mai,Miércoles,Mayo,2,1,2005,20050511,11,4,131,4,2005,2005,Qtr 2,Tháng Năm,11,5,2,20
Wednesday,May,Mercredi,Mai,Miércoles,Mayo,2,1,2005,20050518,18,4,138,4,2005,2005,Qtr 2,Tháng Năm,18,5,2,21
Wednesday,May,Mercredi,Mai,Miércoles,Mayo,2,1,2005,20050525,25,4,145,4,2005,2005,Qtr 2,Tháng Năm,25,5,2,22
Wednesday,May,Mercredi,Mai,Miércoles,Mayo,2,1,2006,20060503,3,4,123,4,2006,2006,Qtr 2,Tháng Năm,3,5,2,18
Wednesday,May,Mercredi,Mai,Miércoles,Mayo,2,1,2006,20060510,10,4,130,4,2006,2006,Qtr 2,Tháng Năm,10,5,2,19
Wednesday,May,Mercredi,Mai,Miércoles,Mayo,2,1,2006,20060517,17,4,137,4,2006,2006,Qtr 2,Tháng Năm,17,5,2,20
Wednesday,May,Mercredi,Mai,Miércoles,Mayo,2,1,2006,20060524,24,4,144,4,2006,2006,Qtr 2,Tháng Năm,24,5,2,21
Wednesday,May,Mercredi,Mai,Miércoles,Mayo,2,1,2006,20060531,31,4,151,4,2006,2006,Qtr 2,Tháng Năm,31,5,2,22
Wednesday,May,Mercredi,Mai,Miércoles,Mayo,2,1,2007,20070502,2,4,122,4,2007,2007,Qtr 2,Tháng Năm,2,5,2,18
Wednesday,May,Mercredi,Mai,Miércoles,Mayo,2,1,2007,20070509,9,4,129,4,2007,2007,Qtr 2,Tháng Năm,9,5,2,19
Wednesday,May,Mercredi,Mai,Miércoles,Mayo,2,1,2007,20070516,16,4,136,4,2007,2007,Qtr 2,Tháng Năm,16,5,2,20
Wednesday,May,Mercredi,Mai,Miércoles,Mayo,2,1,2007,20070523,23,4,143,4,2007,2007,Qtr 2,Tháng Năm,23,5,2,21
Wednesday,May,Mercredi,Mai,Miércoles,Mayo,2,1,2007,20070530,30,4,150,4,2007,2007,Qtr 2,Tháng Năm,30,5,2,22
Wednesday,May,Mercredi,Mai,Miércoles,Mayo,2,1,2008,20080507,7,4,128,4,2008,2008,Qtr 2,Tháng Năm,7,5,2,19
Wednesday,May,Mercredi,Mai,Miércoles,Mayo,2,1,2008,20080514,14,4,135,4,2008,2008,Qtr 2,Tháng Năm,14,5,2,20
Wednesday,May,Mercredi,Mai,Miércoles,Mayo,2,1,2008,20080521,21,4,142,4,2008,2008,Qtr 2,Tháng Năm,21,5,2,21
Wednesday,May,Mercredi,Mai,Miércoles,Mayo,2,1,2008,20080528,28,4,149,4,2008,2008,Qtr 2,Tháng Năm,28,5,2,22
Wednesday,May,Mercredi,Mai,Miércoles,Mayo,2,1,2009,20090506,6,4,126,4,2009,2009,Qtr 2,Tháng Năm,6,5,2,19
Wednesday,May,Mercredi,Mai,Miércoles,Mayo,2,1,2009,20090513,13,4,133,4,2009,2009,Qtr 2,Tháng Năm,13,5,2,20
Wednesday,May,Mercredi,Mai,Miércoles,Mayo,2,1,2009,20090520,20,4,140,4,2009,2009,Qtr 2,Tháng Năm,20,5,2,21
Wednesday,May,Mercredi,Mai,Miércoles,Mayo,2,1,2009,20090527,27,4,147,4,2009,2009,Qtr 2,Tháng Năm,27,5,2,22
Wednesday,May,Mercredi,Mai,Miércoles,Mayo,2,1,2010,20100505,5,4,125,4,2010,2010,Qtr 2,Tháng Năm,5,5,2,19
Wednesday,May,Mercredi,Mai,Miércoles,Mayo,2,1,2010,20100512,12,4,132,4,2010,2010,Qtr 2,Tháng Năm,12,5,2,20
Wednesday,May,Mercredi,Mai,Miércoles,Mayo,2,1,2010,20100519,19,4,139,4,2010,2010,Qtr 2,Tháng Năm,19,5,2,21
Wednesday,May,Mercredi,Mai,Miércoles,Mayo,2,1,2010,20100526,26,4,146,4,2010,2010,Qtr 2,Tháng Năm,26,5,2,22
Wednesday,May,Mercredi,Mai,Miércoles,Mayo,2,1,2011,20110504,4,4,124,4,2010,2011,Qtr 2,Tháng Năm,4,5,2,19
Wednesday,May,Mercredi,Mai,Miércoles,Mayo,2,1,2011,20110511,11,4,131,4,2010,2011,Qtr 2,Tháng Năm,11,5,2,20
Wednesday,May,Mercredi,Mai,Miércoles,Mayo,2,1,2011,20110518,18,4,138,4,2010,2011,Qtr 2,Tháng Năm,18,5,2,21
Wednesday,May,Mercredi,Mai,Miércoles,Mayo,2,1,2011,20110525,25,4,145,4,2010,2011,Qtr 2,Tháng Năm,25,5,2,22
Wednesday,May,Mercredi,Mai,Miércoles,Mayo,2,1,2012,20120502,2,4,123,4,2011,2012,Qtr 2,Tháng Năm,2,5,2,18
Wednesday,May,Mercredi,Mai,Miércoles,Mayo,2,1,2012,20120509,9,4,130,4,2011,2012,Qtr 2,Tháng Năm,9,5,2,19
Wednesday,May,Mercredi,Mai,Miércoles,Mayo,2,1,2012,20120516,16,4,137,4,2011,2012,Qtr 2,Tháng Năm,16,5,2,20
Wednesday,May,Mercredi,Mai,Miércoles,Mayo,2,1,2012,20120523,23,4,144,4,2011,2012,Qtr 2,Tháng Năm,23,5,2,21
Wednesday,May,Mercredi,Mai,Miércoles,Mayo,2,1,2012,20120530,30,4,151,4,2011,2012,Qtr 2,Tháng Năm,30,5,2,22
Wednesday,May,Mercredi,Mai,Miércoles,Mayo,2,1,2013,20130501,1,4,121,4,2012,2013,Qtr 2,Tháng Năm,1,5,2,18
Wednesday,May,Mercredi,Mai,Miércoles,Mayo,2,1,2013,20130508,8,4,128,4,2012,2013,Qtr 2,Tháng Năm,8,5,2,19
Wednesday,May,Mercredi,Mai,Miércoles,Mayo,2,1,2013,20130515,15,4,135,4,2012,2013,Qtr 2,Tháng Năm,15,5,2,20
Wednesday,May,Mercredi,Mai,Miércoles,Mayo,2,1,2013,20130522,22,4,142,4,2012,2013,Qtr 2,Tháng Năm,22,5,2,21
Wednesday,May,Mercredi,Mai,Miércoles,Mayo,2,1,2013,20130529,29,4,149,4,2012,2013,Qtr 2,Tháng Năm,29,5,2,22
Wednesday,May,Mercredi,Mai,Miércoles,Mayo,2,1,2014,20140507,7,4,127,4,2013,2014,Qtr 2,Tháng Năm,7,5,2,19
Wednesday,May,Mercredi,Mai,Miércoles,Mayo,2,1,2014,20140514,14,4,134,4,2013,2014,Qtr 2,Tháng Năm,14,5,2,20
Wednesday,May,Mercredi,Mai,Miércoles,Mayo,2,1,2014,20140521,21,4,141,4,2013,2014,Qtr 2,Tháng Năm,21,5,2,21
Wednesday,May,Mercredi,Mai,Miércoles,Mayo,2,1,2014,20140528,28,4,148,4,2013,2014,Qtr 2,Tháng Năm,28,5,2,22
Wednesday,November,Mercredi,Novembre,Miércoles,Noviembre,4,2,2005,20051102,2,4,306,2,2006,2005,Qtr 4,Tháng Mười Một,2,11,1,45
Wednesday,November,Mercredi,Novembre,Miércoles,Noviembre,4,2,2005,20051109,9,4,313,2,2006,2005,Qtr 4,Tháng Mười Một,9,11,1,46
Wednesday,November,Mercredi,Novembre,Miércoles,Noviembre,4,2,2005,20051116,16,4,320,2,2006,2005,Qtr 4,Tháng Mười Một,16,11,1,47
Wednesday,November,Mercredi,Novembre,Miércoles,Noviembre,4,2,2005,20051123,23,4,327,2,2006,2005,Qtr 4,Tháng Mười Một,23,11,1,48
Wednesday,November,Mercredi,Novembre,Miércoles,Noviembre,4,2,2005,20051130,30,4,334,2,2006,2005,Qtr 4,Tháng Mười Một,30,11,1,49
Wednesday,November,Mercredi,Novembre,Miércoles,Noviembre,4,2,2006,20061101,1,4,305,2,2007,2006,Qtr 4,Tháng Mười Một,1,11,1,44
Wednesday,November,Mercredi,Novembre,Miércoles,Noviembre,4,2,2006,20061108,8,4,312,2,2007,2006,Qtr 4,Tháng Mười Một,8,11,1,45
Wednesday,November,Mercredi,Novembre,Miércoles,Noviembre,4,2,2006,20061115,15,4,319,2,2007,2006,Qtr 4,Tháng Mười Một,15,11,1,46
Wednesday,November,Mercredi,Novembre,Miércoles,Noviembre,4,2,2006,20061122,22,4,326,2,2007,2006,Qtr 4,Tháng Mười Một,22,11,1,47
Wednesday,November,Mercredi,Novembre,Miércoles,Noviembre,4,2,2006,20061129,29,4,333,2,2007,2006,Qtr 4,Tháng Mười Một,29,11,1,48
Wednesday,November,Mercredi,Novembre,Miércoles,Noviembre,4,2,2007,20071107,7,4,311,2,2008,2007,Qtr 4,Tháng Mười Một,7,11,1,45
Wednesday,November,Mercredi,Novembre,Miércoles,Noviembre,4,2,2007,20071114,14,4,318,2,2008,2007,Qtr 4,Tháng Mười Một,14,11,1,46
Wednesday,November,Mercredi,Novembre,Miércoles,Noviembre,4,2,2007,20071121,21,4,325,2,2008,2007,Qtr 4,Tháng Mười Một,21,11,1,47
Wednesday,November,Mercredi,Novembre,Miércoles,Noviembre,4,2,2007,20071128,28,4,332,2,2008,2007,Qtr 4,Tháng Mười Một,28,11,1,48
Wednesday,November,Mercredi,Novembre,Miércoles,Noviembre,4,2,2008,20081105,5,4,310,2,2009,2008,Qtr 4,Tháng Mười Một,5,11,1,45
Wednesday,November,Mercredi,Novembre,Miércoles,Noviembre,4,2,2008,20081112,12,4,317,2,2009,2008,Qtr 4,Tháng Mười Một,12,11,1,46
Wednesday,November,Mercredi,Novembre,Miércoles,Noviembre,4,2,2008,20081119,19,4,324,2,2009,2008,Qtr 4,Tháng Mười Một,19,11,1,47
Wednesday,November,Mercredi,Novembre,Miércoles,Noviembre,4,2,2008,20081126,26,4,331,2,2009,2008,Qtr 4,Tháng Mười Một,26,11,1,48
Wednesday,November,Mercredi,Novembre,Miércoles,Noviembre,4,2,2009,20091104,4,4,308,2,2010,2009,Qtr 4,Tháng Mười Một,4,11,1,45
Wednesday,November,Mercredi,Novembre,Miércoles,Noviembre,4,2,2009,20091111,11,4,315,2,2010,2009,Qtr 4,Tháng Mười Một,11,11,1,46
Wednesday,November,Mercredi,Novembre,Miércoles,Noviembre,4,2,2009,20091118,18,4,322,2,2010,2009,Qtr 4,Tháng Mười Một,18,11,1,47
Wednesday,November,Mercredi,Novembre,Miércoles,Noviembre,4,2,2009,20091125,25,4,329,2,2010,2009,Qtr 4,Tháng Mười Một,25,11,1,48
Wednesday,November,Mercredi,Novembre,Miércoles,Noviembre,4,2,2010,20101103,3,4,307,2,2011,2010,Qtr 4,Tháng Mười Một,3,11,1,45
Wednesday,November,Mercredi,Novembre,Miércoles,Noviembre,4,2,2010,20101110,10,4,314,2,2011,2010,Qtr 4,Tháng Mười Một,10,11,1,46
Wednesday,November,Mercredi,Novembre,Miércoles,Noviembre,4,2,2010,20101117,17,4,321,2,2011,2010,Qtr 4,Tháng Mười Một,17,11,1,47
Wednesday,November,Mercredi,Novembre,Miércoles,Noviembre,4,2,2010,20101124,24,4,328,2,2011,2010,Qtr 4,Tháng Mười Một,24,11,1,48
Wednesday,November,Mercredi,Novembre,Miércoles,Noviembre,4,2,2011,20111102,2,4,306,2,2011,2011,Qtr 4,Tháng Mười Một,2,11,1,45
Wednesday,November,Mercredi,Novembre,Miércoles,Noviembre,4,2,2011,20111109,9,4,313,2,2011,2011,Qtr 4,Tháng Mười Một,9,11,1,46
Wednesday,November,Mercredi,Novembre,Miércoles,Noviembre,4,2,2011,20111116,16,4,320,2,2011,2011,Qtr 4,Tháng Mười Một,16,11,1,47
Wednesday,November,Mercredi,Novembre,Miércoles,Noviembre,4,2,2011,20111123,23,4,327,2,2011,2011,Qtr 4,Tháng Mười Một,23,11,1,48
Wednesday,November,Mercredi,Novembre,Miércoles,Noviembre,4,2,2011,20111130,30,4,334,2,2011,2011,Qtr 4,Tháng Mười Một,30,11,1,49
Wednesday,November,Mercredi,Novembre,Miércoles,Noviembre,4,2,2012,20121107,7,4,312,2,2012,2012,Qtr 4,Tháng Mười Một,7,11,1,45
Wednesday,November,Mercredi,Novembre,Miércoles,Noviembre,4,2,2012,20121114,14,4,319,2,2012,2012,Qtr 4,Tháng Mười Một,14,11,1,46
Wednesday,November,Mercredi,Novembre,Miércoles,Noviembre,4,2,2012,20121121,21,4,326,2,2012,2012,Qtr 4,Tháng Mười Một,21,11,1,47
Wednesday,November,Mercredi,Novembre,Miércoles,Noviembre,4,2,2012,20121128,28,4,333,2,2012,2012,Qtr 4,Tháng Mười Một,28,11,1,48
Wednesday,November,Mercredi,Novembre,Miércoles,Noviembre,4,2,2013,20131106,6,4,310,2,2013,2013,Qtr 4,Tháng Mười Một,6,11,1,45
Wednesday,November,Mercredi,Novembre,Miércoles,Noviembre,4,2,2013,20131113,13,4,317,2,2013,2013,Qtr 4,Tháng Mười Một,13,11,1,46
Wednesday,November,Mercredi,Novembre,Miércoles,Noviembre,4,2,2013,20131120,20,4,324,2,2013,2013,Qtr 4,Tháng Mười Một,20,11,1,47
Wednesday,November,Mercredi,Novembre,Miércoles,Noviembre,4,2,2013,20131127,27,4,331,2,2013,2013,Qtr 4,Tháng Mười Một,27,11,1,48
Wednesday,November,Mercredi,Novembre,Miércoles,Noviembre,4,2,2014,20141105,5,4,309,2,2014,2014,Qtr 4,Tháng Mười Một,5,11,1,45
Wednesday,November,Mercredi,Novembre,Miércoles,Noviembre,4,2,2014,20141112,12,4,316,2,2014,2014,Qtr 4,Tháng Mười Một,12,11,1,46
Wednesday,November,Mercredi,Novembre,Miércoles,Noviembre,4,2,2014,20141119,19,4,323,2,2014,2014,Qtr 4,Tháng Mười Một,19,11,1,47
Wednesday,November,Mercredi,Novembre,Miércoles,Noviembre,4,2,2014,20141126,26,4,330,2,2014,2014,Qtr 4,Tháng Mười Một,26,11,1,48
Wednesday,October,Mercredi,Octobre,Miércoles,Octubre,4,2,2005,20051005,5,4,278,2,2006,2005,Qtr 4,Tháng Mười,5,10,1,41
Wednesday,October,Mercredi,Octobre,Miércoles,Octubre,4,2,2005,20051012,12,4,285,2,2006,2005,Qtr 4,Tháng Mười,12,10,1,42
Wednesday,October,Mercredi,Octobre,Miércoles,Octubre,4,2,2005,20051019,19,4,292,2,2006,2005,Qtr 4,Tháng Mười,19,10,1,43
Wednesday,October,Mercredi,Octobre,Miércoles,Octubre,4,2,2005,20051026,26,4,299,2,2006,2005,Qtr 4,Tháng Mười,26,10,1,44
Wednesday,October,Mercredi,Octobre,Miércoles,Octubre,4,2,2006,20061004,4,4,277,2,2007,2006,Qtr 4,Tháng Mười,4,10,1,40
Wednesday,October,Mercredi,Octobre,Miércoles,Octubre,4,2,2006,20061011,11,4,284,2,2007,2006,Qtr 4,Tháng Mười,11,10,1,41
Wednesday,October,Mercredi,Octobre,Miércoles,Octubre,4,2,2006,20061018,18,4,291,2,2007,2006,Qtr 4,Tháng Mười,18,10,1,42
Wednesday,October,Mercredi,Octobre,Miércoles,Octubre,4,2,2006,20061025,25,4,298,2,2007,2006,Qtr 4,Tháng Mười,25,10,1,43
Wednesday,October,Mercredi,Octobre,Miércoles,Octubre,4,2,2007,20071003,3,4,276,2,2008,2007,Qtr 4,Tháng Mười,3,10,1,40
Wednesday,October,Mercredi,Octobre,Miércoles,Octubre,4,2,2007,20071010,10,4,283,2,2008,2007,Qtr 4,Tháng Mười,10,10,1,41
Wednesday,October,Mercredi,Octobre,Miércoles,Octubre,4,2,2007,20071017,17,4,290,2,2008,2007,Qtr 4,Tháng Mười,17,10,1,42
Wednesday,October,Mercredi,Octobre,Miércoles,Octubre,4,2,2007,20071024,24,4,297,2,2008,2007,Qtr 4,Tháng Mười,24,10,1,43
Wednesday,October,Mercredi,Octobre,Miércoles,Octubre,4,2,2007,20071031,31,4,304,2,2008,2007,Qtr 4,Tháng Mười,31,10,1,44
Wednesday,October,Mercredi,Octobre,Miércoles,Octubre,4,2,2008,20081001,1,4,275,2,2009,2008,Qtr 4,Tháng Mười,1,10,1,40
Wednesday,October,Mercredi,Octobre,Miércoles,Octubre,4,2,2008,20081008,8,4,282,2,2009,2008,Qtr 4,Tháng Mười,8,10,1,41
Wednesday,October,Mercredi,Octobre,Miércoles,Octubre,4,2,2008,20081015,15,4,289,2,2009,2008,Qtr 4,Tháng Mười,15,10,1,42
Wednesday,October,Mercredi,Octobre,Miércoles,Octubre,4,2,2008,20081022,22,4,296,2,2009,2008,Qtr 4,Tháng Mười,22,10,1,43
Wednesday,October,Mercredi,Octobre,Miércoles,Octubre,4,2,2008,20081029,29,4,303,2,2009,2008,Qtr 4,Tháng Mười,29,10,1,44
Wednesday,October,Mercredi,Octobre,Miércoles,Octubre,4,2,2009,20091007,7,4,280,2,2010,2009,Qtr 4,Tháng Mười,7,10,1,41
Wednesday,October,Mercredi,Octobre,Miércoles,Octubre,4,2,2009,20091014,14,4,287,2,2010,2009,Qtr 4,Tháng Mười,14,10,1,42
Wednesday,October,Mercredi,Octobre,Miércoles,Octubre,4,2,2009,20091021,21,4,294,2,2010,2009,Qtr 4,Tháng Mười,21,10,1,43
Wednesday,October,Mercredi,Octobre,Miércoles,Octubre,4,2,2009,20091028,28,4,301,2,2010,2009,Qtr 4,Tháng Mười,28,10,1,44
Wednesday,October,Mercredi,Octobre,Miércoles,Octubre,4,2,2010,20101006,6,4,279,2,2011,2010,Qtr 4,Tháng Mười,6,10,1,41
Wednesday,October,Mercredi,Octobre,Miércoles,Octubre,4,2,2010,20101013,13,4,286,2,2011,2010,Qtr 4,Tháng Mười,13,10,1,42
Wednesday,October,Mercredi,Octobre,Miércoles,Octubre,4,2,2010,20101020,20,4,293,2,2011,2010,Qtr 4,Tháng Mười,20,10,1,43
Wednesday,October,Mercredi,Octobre,Miércoles,Octubre,4,2,2010,20101027,27,4,300,2,2011,2010,Qtr 4,Tháng Mười,27,10,1,44
Wednesday,October,Mercredi,Octobre,Miércoles,Octubre,4,2,2011,20111005,5,4,278,2,2011,2011,Qtr 4,Tháng Mười,5,10,1,41
Wednesday,October,Mercredi,Octobre,Miércoles,Octubre,4,2,2011,20111012,12,4,285,2,2011,2011,Qtr 4,Tháng Mười,12,10,1,42
Wednesday,October,Mercredi,Octobre,Miércoles,Octubre,4,2,2011,20111019,19,4,292,2,2011,2011,Qtr 4,Tháng Mười,19,10,1,43
Wednesday,October,Mercredi,Octobre,Miércoles,Octubre,4,2,2011,20111026,26,4,299,2,2011,2011,Qtr 4,Tháng Mười,26,10,1,44
Wednesday,October,Mercredi,Octobre,Miércoles,Octubre,4,2,2012,20121003,3,4,277,2,2012,2012,Qtr 4,Tháng Mười,3,10,1,40
Wednesday,October,Mercredi,Octobre,Miércoles,Octubre,4,2,2012,20121010,10,4,284,2,2012,2012,Qtr 4,Tháng Mười,10,10,1,41
Wednesday,October,Mercredi,Octobre,Miércoles,Octubre,4,2,2012,20121017,17,4,291,2,2012,2012,Qtr 4,Tháng Mười,17,10,1,42
Wednesday,October,Mercredi,Octobre,Miércoles,Octubre,4,2,2012,20121024,24,4,298,2,2012,2012,Qtr 4,Tháng Mười,24,10,1,43
Wednesday,October,Mercredi,Octobre,Miércoles,Octubre,4,2,2012,20121031,31,4,305,2,2012,2012,Qtr 4,Tháng Mười,31,10,1,44
Wednesday,October,Mercredi,Octobre,Miércoles,Octubre,4,2,2013,20131002,2,4,275,2,2013,2013,Qtr 4,Tháng Mười,2,10,1,40
Wednesday,October,Mercredi,Octobre,Miércoles,Octubre,4,2,2013,20131009,9,4,282,2,2013,2013,Qtr 4,Tháng Mười,9,10,1,41
Wednesday,October,Mercredi,Octobre,Miércoles,Octubre,4,2,2013,20131016,16,4,289,2,2013,2013,Qtr 4,Tháng Mười,16,10,1,42
Wednesday,October,Mercredi,Octobre,Miércoles,Octubre,4,2,2013,20131023,23,4,296,2,2013,2013,Qtr 4,Tháng Mười,23,10,1,43
Wednesday,October,Mercredi,Octobre,Miércoles,Octubre,4,2,2013,20131030,30,4,303,2,2013,2013,Qtr 4,Tháng Mười,30,10,1,44
Wednesday,October,Mercredi,Octobre,Miércoles,Octubre,4,2,2014,20141001,1,4,274,2,2014,2014,Qtr 4,Tháng Mười,1,10,1,40
Wednesday,October,Mercredi,Octobre,Miércoles,Octubre,4,2,2014,20141008,8,4,281,2,2014,2014,Qtr 4,Tháng Mười,8,10,1,41
Wednesday,October,Mercredi,Octobre,Miércoles,Octubre,4,2,2014,20141015,15,4,288,2,2014,2014,Qtr 4,Tháng Mười,15,10,1,42
Wednesday,October,Mercredi,Octobre,Miércoles,Octubre,4,2,2014,20141022,22,4,295,2,2014,2014,Qtr 4,Tháng Mười,22,10,1,43
Wednesday,October,Mercredi,Octobre,Miércoles,Octubre,4,2,2014,20141029,29,4,302,2,2014,2014,Qtr 4,Tháng Mười,29,10,1,44
Wednesday,September,Mercredi,Septembre,Miércoles,Septiembre,3,2,2005,20050907,7,4,250,1,2006,2005,Qtr 3,Tháng Chín,7,9,1,37
Wednesday,September,Mercredi,Septembre,Miércoles,Septiembre,3,2,2005,20050914,14,4,257,1,2006,2005,Qtr 3,Tháng Chín,14,9,1,38
Wednesday,September,Mercredi,Septembre,Miércoles,Septiembre,3,2,2005,20050921,21,4,264,1,2006,2005,Qtr 3,Tháng Chín,21,9,1,39
Wednesday,September,Mercredi,Septembre,Miércoles,Septiembre,3,2,2005,20050928,28,4,271,1,2006,2005,Qtr 3,Tháng Chín,28,9,1,40
Wednesday,September,Mercredi,Septembre,Miércoles,Septiembre,3,2,2006,20060906,6,4,249,1,2007,2006,Qtr 3,Tháng Chín,6,9,1,36
Wednesday,September,Mercredi,Septembre,Miércoles,Septiembre,3,2,2006,20060913,13,4,256,1,2007,2006,Qtr 3,Tháng Chín,13,9,1,37
Wednesday,September,Mercredi,Septembre,Miércoles,Septiembre,3,2,2006,20060920,20,4,263,1,2007,2006,Qtr 3,Tháng Chín,20,9,1,38
Wednesday,September,Mercredi,Septembre,Miércoles,Septiembre,3,2,2006,20060927,27,4,270,1,2007,2006,Qtr 3,Tháng Chín,27,9,1,39
Wednesday,September,Mercredi,Septembre,Miércoles,Septiembre,3,2,2007,20070905,5,4,248,1,2008,2007,Qtr 3,Tháng Chín,5,9,1,36
Wednesday,September,Mercredi,Septembre,Miércoles,Septiembre,3,2,2007,20070912,12,4,255,1,2008,2007,Qtr 3,Tháng Chín,12,9,1,37
Wednesday,September,Mercredi,Septembre,Miércoles,Septiembre,3,2,2007,20070919,19,4,262,1,2008,2007,Qtr 3,Tháng Chín,19,9,1,38
Wednesday,September,Mercredi,Septembre,Miércoles,Septiembre,3,2,2007,20070926,26,4,269,1,2008,2007,Qtr 3,Tháng Chín,26,9,1,39
Wednesday,September,Mercredi,Septembre,Miércoles,Septiembre,3,2,2008,20080903,3,4,247,1,2009,2008,Qtr 3,Tháng Chín,3,9,1,36
Wednesday,September,Mercredi,Septembre,Miércoles,Septiembre,3,2,2008,20080910,10,4,254,1,2009,2008,Qtr 3,Tháng Chín,10,9,1,37
Wednesday,September,Mercredi,Septembre,Miércoles,Septiembre,3,2,2008,20080917,17,4,261,1,2009,2008,Qtr 3,Tháng Chín,17,9,1,38
Wednesday,September,Mercredi,Septembre,Miércoles,Septiembre,3,2,2008,20080924,24,4,268,1,2009,2008,Qtr 3,Tháng Chín,24,9,1,39
Wednesday,September,Mercredi,Septembre,Miércoles,Septiembre,3,2,2009,20090902,2,4,245,1,2010,2009,Qtr 3,Tháng Chín,2,9,1,36
Wednesday,September,Mercredi,Septembre,Miércoles,Septiembre,3,2,2009,20090909,9,4,252,1,2010,2009,Qtr 3,Tháng Chín,9,9,1,37
Wednesday,September,Mercredi,Septembre,Miércoles,Septiembre,3,2,2009,20090916,16,4,259,1,2010,2009,Qtr 3,Tháng Chín,16,9,1,38
Wednesday,September,Mercredi,Septembre,Miércoles,Septiembre,3,2,2009,20090923,23,4,266,1,2010,2009,Qtr 3,Tháng Chín,23,9,1,39
Wednesday,September,Mercredi,Septembre,Miércoles,Septiembre,3,2,2009,20090930,30,4,273,1,2010,2009,Qtr 3,Tháng Chín,30,9,1,40
Wednesday,September,Mercredi,Septembre,Miércoles,Septiembre,3,2,2010,20100901,1,4,244,1,2011,2010,Qtr 3,Tháng Chín,1,9,1,36
Wednesday,September,Mercredi,Septembre,Miércoles,Septiembre,3,2,2010,20100908,8,4,251,1,2011,2010,Qtr 3,Tháng Chín,8,9,1,37
Wednesday,September,Mercredi,Septembre,Miércoles,Septiembre,3,2,2010,20100915,15,4,258,1,2011,2010,Qtr 3,Tháng Chín,15,9,1,38
Wednesday,September,Mercredi,Septembre,Miércoles,Septiembre,3,2,2010,20100922,22,4,265,1,2011,2010,Qtr 3,Tháng Chín,22,9,1,39
Wednesday,September,Mercredi,Septembre,Miércoles,Septiembre,3,2,2010,20100929,29,4,272,1,2011,2010,Qtr 3,Tháng Chín,29,9,1,40
Wednesday,September,Mercredi,Septembre,Miércoles,Septiembre,3,2,2011,20110907,7,4,250,1,2011,2011,Qtr 3,Tháng Chín,7,9,1,37
Wednesday,September,Mercredi,Septembre,Miércoles,Septiembre,3,2,2011,20110914,14,4,257,1,2011,2011,Qtr 3,Tháng Chín,14,9,1,38
Wednesday,September,Mercredi,Septembre,Miércoles,Septiembre,3,2,2011,20110921,21,4,264,1,2011,2011,Qtr 3,Tháng Chín,21,9,1,39
Wednesday,September,Mercredi,Septembre,Miércoles,Septiembre,3,2,2011,20110928,28,4,271,1,2011,2011,Qtr 3,Tháng Chín,28,9,1,40
Wednesday,September,Mercredi,Septembre,Miércoles,Septiembre,3,2,2012,20120905,5,4,249,1,2012,2012,Qtr 3,Tháng Chín,5,9,1,36
Wednesday,September,Mercredi,Septembre,Miércoles,Septiembre,3,2,2012,20120912,12,4,256,1,2012,2012,Qtr 3,Tháng Chín,12,9,1,37
Wednesday,September,Mercredi,Septembre,Miércoles,Septiembre,3,2,2012,20120919,19,4,263,1,2012,2012,Qtr 3,Tháng Chín,19,9,1,38
Wednesday,September,Mercredi,Septembre,Miércoles,Septiembre,3,2,2012,20120926,26,4,270,1,2012,2012,Qtr 3,Tháng Chín,26,9,1,39
Wednesday,September,Mercredi,Septembre,Miércoles,Septiembre,3,2,2013,20130904,4,4,247,1,2013,2013,Qtr 3,Tháng Chín,4,9,1,36
Wednesday,September,Mercredi,Septembre,Miércoles,Septiembre,3,2,2013,20130911,11,4,254,1,2013,2013,Qtr 3,Tháng Chín,11,9,1,37
Wednesday,September,Mercredi,Septembre,Miércoles,Septiembre,3,2,2013,20130918,18,4,261,1,2013,2013,Qtr 3,Tháng Chín,18,9,1,38
Wednesday,September,Mercredi,Septembre,Miércoles,Septiembre,3,2,2013,20130925,25,4,268,1,2013,2013,Qtr 3,Tháng Chín,25,9,1,39
Wednesday,September,Mercredi,Septembre,Miércoles,Septiembre,3,2,2014,20140903,3,4,246,1,2014,2014,Qtr 3,Tháng Chín,3,9,1,36
Wednesday,September,Mercredi,Septembre,Miércoles,Septiembre,3,2,2014,20140910,10,4,253,1,2014,2014,Qtr 3,Tháng Chín,10,9,1,37
Wednesday,September,Mercredi,Septembre,Miércoles,Septiembre,3,2,2014,20140917,17,4,260,1,2014,2014,Qtr 3,Tháng Chín,17,9,1,38
Wednesday,September,Mercredi,Septembre,Miércoles,Septiembre,3,2,2014,20140924,24,4,267,1,2014,2014,Qtr 3,Tháng Chín,24,9,1,39
