AccountKey,Sum of Amount,Năm,Quý,Tháng,Ngày,DateKey,Count of DepartmentGroupKey,Count of FinanceKey,Count of OrganizationKey,ScenarioKey
4,76978,2010,Qtr 4,Tháng Mười Hai,29,20101229,1,1,1,1
4,329778,2011,Qtr 1,Tháng Giêng,29,20110129,1,1,1,1
4,209423,2011,Qtr 1,Tháng Ba,1,20110301,1,1,1,1
4,286328,2011,Qtr 1,Tháng Ba,31,20110331,1,1,1,1
4,256527,2011,Qtr 2,Tháng Năm,1,20110501,1,1,1,1
4,234919,2011,Qtr 2,Tháng Năm,31,20110531,1,1,1,1
4,159282,2011,Qtr 3,Tháng Bảy,1,20110701,1,1,1,1
4,420632,2011,Qtr 3,Tháng Tám,1,20110801,1,1,1,1
4,167847,2011,Qtr 3,Tháng Tám,29,20110829,1,1,1,1
4,192629,2011,Qtr 3,Tháng Chín,29,20110929,1,1,1,1
4,266546,2011,Qtr 4,Tháng Mười,29,20111029,1,1,1,1
4,102893,2011,Qtr 4,Tháng Mười Một,29,20111129,1,1,1,1
4,783049,2011,Qtr 4,Tháng Mười Hai,29,20111229,1,1,1,1
4,1006243,2012,Qtr 1,Tháng Giêng,29,20120129,1,1,1,1
4,703914,2012,Qtr 1,Tháng Hai,29,20120229,1,1,1,1
4,573087,2012,Qtr 1,Tháng Ba,30,20120330,1,1,1,1
4,770078,2012,Qtr 2,Tháng Tư,30,20120430,1,1,1,1
4,543967,2012,Qtr 2,Tháng Năm,30,20120530,1,1,1,1
4,455501,2012,Qtr 2,Tháng Sáu,30,20120630,1,1,1,1
4,533554,2012,Qtr 3,Tháng Bảy,31,20120731,1,1,1,1
4,348157,2012,Qtr 3,Tháng Tám,28,20120828,1,1,1,1
4,750186,2012,Qtr 3,Tháng Chín,28,20120928,1,1,1,1
4,606496,2012,Qtr 4,Tháng Mười,28,20121028,1,1,1,1
4,519570,2012,Qtr 4,Tháng Mười Một,28,20121128,1,1,1,1
4,489022,2012,Qtr 4,Tháng Mười Hai,28,20121228,1,1,1,1
4,593571,2013,Qtr 1,Tháng Giêng,28,20130128,1,1,1,1
4,742998,2013,Qtr 1,Tháng Hai,28,20130228,1,1,1,1
4,416186,2013,Qtr 1,Tháng Ba,30,20130330,1,1,1,1
4,328799,2013,Qtr 2,Tháng Tư,30,20130430,1,1,1,1
4,505537,2013,Qtr 2,Tháng Năm,30,20130530,1,1,1,1
4,236929,2013,Qtr 2,Tháng Sáu,30,20130630,1,1,1,1
4,223107,2013,Qtr 3,Tháng Bảy,31,20130731,1,1,1,1
4,485212,2013,Qtr 3,Tháng Tám,29,20130829,1,1,1,1
4,317621,2013,Qtr 3,Tháng Chín,29,20130929,1,1,1,1
4,363917,2013,Qtr 4,Tháng Mười,29,20131029,1,1,1,1
4,584567,2013,Qtr 4,Tháng Mười Một,29,20131129,1,1,1,1
6,361777.52,2010,Qtr 4,Tháng Mười Hai,29,20101229,1,1,1,1
6,169957,2011,Qtr 1,Tháng Giêng,29,20110129,1,1,1,1
6,185123,2011,Qtr 1,Tháng Ba,1,20110301,1,1,1,1
6,303211,2011,Qtr 1,Tháng Ba,31,20110331,1,1,1,1
6,261945,2011,Qtr 2,Tháng Năm,1,20110501,1,1,1,1
6,427953,2011,Qtr 2,Tháng Năm,31,20110531,1,1,1,1
6,298888,2011,Qtr 3,Tháng Bảy,1,20110701,1,1,1,1
6,386576,2011,Qtr 3,Tháng Tám,1,20110801,1,1,1,1
6,391050,2011,Qtr 3,Tháng Tám,29,20110829,1,1,1,1
6,377786,2011,Qtr 3,Tháng Chín,29,20110929,1,1,1,1
6,326173,2011,Qtr 4,Tháng Mười,29,20111029,1,1,1,1
6,357509,2011,Qtr 4,Tháng Mười Một,29,20111129,1,1,1,1
6,765093,2011,Qtr 4,Tháng Mười Hai,29,20111229,1,1,1,1
6,695179,2012,Qtr 1,Tháng Giêng,29,20120129,1,1,1,1
6,873346,2012,Qtr 1,Tháng Hai,29,20120229,1,1,1,1
6,844659,2012,Qtr 1,Tháng Ba,30,20120330,1,1,1,1
6,465672,2012,Qtr 2,Tháng Tư,30,20120430,1,1,1,1
6,695628,2012,Qtr 2,Tháng Năm,30,20120530,1,1,1,1
6,674096,2012,Qtr 2,Tháng Sáu,30,20120630,1,1,1,1
6,336642,2012,Qtr 3,Tháng Bảy,31,20120731,1,1,1,1
6,487892,2012,Qtr 3,Tháng Tám,28,20120828,1,1,1,1
6,542624,2012,Qtr 3,Tháng Chín,28,20120928,1,1,1,1
6,620650,2012,Qtr 4,Tháng Mười,28,20121028,1,1,1,1
6,7077.49,2012,Qtr 4,Tháng Mười Một,28,20121128,1,1,1,1
6,622661,2012,Qtr 4,Tháng Mười Hai,28,20121228,1,1,1,1
6,615815,2013,Qtr 1,Tháng Giêng,28,20130128,1,1,1,1
6,692107,2013,Qtr 1,Tháng Hai,28,20130228,1,1,1,1
6,631568,2013,Qtr 1,Tháng Ba,30,20130330,1,1,1,1
6,560600,2013,Qtr 2,Tháng Tư,30,20130430,1,1,1,1
6,487110,2013,Qtr 2,Tháng Năm,30,20130530,1,1,1,1
6,484392,2013,Qtr 2,Tháng Sáu,30,20130630,1,1,1,1
6,676415,2013,Qtr 3,Tháng Bảy,31,20130731,1,1,1,1
6,668728,2013,Qtr 3,Tháng Tám,29,20130829,1,1,1,1
6,651637,2013,Qtr 3,Tháng Chín,29,20130929,1,1,1,1
6,752672,2013,Qtr 4,Tháng Mười,29,20131029,1,1,1,1
6,831114,2013,Qtr 4,Tháng Mười Một,29,20131129,1,1,1,1
7,10410.37,2010,Qtr 4,Tháng Mười Hai,29,20101229,1,1,1,1
7,5122,2011,Qtr 1,Tháng Giêng,29,20110129,1,1,1,1
7,6467,2011,Qtr 1,Tháng Ba,1,20110301,1,1,1,1
7,9600,2011,Qtr 1,Tháng Ba,31,20110331,1,1,1,1
7,8705,2011,Qtr 2,Tháng Năm,1,20110501,1,1,1,1
7,13105,2011,Qtr 2,Tháng Năm,31,20110531,1,1,1,1
7,8998,2011,Qtr 3,Tháng Bảy,1,20110701,1,1,1,1
7,11268,2011,Qtr 3,Tháng Tám,1,20110801,1,1,1,1
7,7673,2011,Qtr 3,Tháng Tám,29,20110829,1,1,1,1
7,10211,2011,Qtr 3,Tháng Chín,29,20110929,1,1,1,1
7,9949,2011,Qtr 4,Tháng Mười,29,20111029,1,1,1,1
7,12478,2011,Qtr 4,Tháng Mười Một,29,20111129,1,1,1,1
7,14536,2011,Qtr 4,Tháng Mười Hai,29,20111229,1,1,1,1
7,23519,2012,Qtr 1,Tháng Giêng,29,20120129,1,1,1,1
7,24496,2012,Qtr 1,Tháng Hai,29,20120229,1,1,1,1
7,22543,2012,Qtr 1,Tháng Ba,30,20120330,1,1,1,1
7,23525,2012,Qtr 2,Tháng Tư,30,20120430,1,1,1,1
7,20930,2012,Qtr 2,Tháng Năm,30,20120530,1,1,1,1
7,19314,2012,Qtr 2,Tháng Sáu,30,20120630,1,1,1,1
7,16598,2012,Qtr 3,Tháng Bảy,31,20120731,1,1,1,1
7,15903,2012,Qtr 3,Tháng Tám,28,20120828,1,1,1,1
7,18062,2012,Qtr 3,Tháng Chín,28,20120928,1,1,1,1
7,18285,2012,Qtr 4,Tháng Mười,28,20121028,1,1,1,1
7,213.53,2012,Qtr 4,Tháng Mười Một,28,20121128,1,1,1,1
7,18417,2012,Qtr 4,Tháng Mười Hai,28,20121228,1,1,1,1
7,17002,2013,Qtr 1,Tháng Giêng,28,20130128,1,1,1,1
7,21082,2013,Qtr 1,Tháng Hai,28,20130228,1,1,1,1
7,21006,2013,Qtr 1,Tháng Ba,30,20130330,1,1,1,1
7,18280,2013,Qtr 2,Tháng Tư,30,20130430,1,1,1,1
7,14778,2013,Qtr 2,Tháng Năm,30,20130530,1,1,1,1
7,12904,2013,Qtr 2,Tháng Sáu,30,20130630,1,1,1,1
7,12119,2013,Qtr 3,Tháng Bảy,31,20130731,1,1,1,1
7,13052,2013,Qtr 3,Tháng Tám,29,20130829,1,1,1,1
7,11995,2013,Qtr 3,Tháng Chín,29,20130929,1,1,1,1
7,14925,2013,Qtr 4,Tháng Mười,29,20131029,1,1,1,1
7,14710,2013,Qtr 4,Tháng Mười Một,29,20131129,1,1,1,1
8,7236.06,2010,Qtr 4,Tháng Mười Hai,29,20101229,1,1,1,1
8,3399,2011,Qtr 1,Tháng Giêng,29,20110129,1,1,1,1
8,3702,2011,Qtr 1,Tháng Ba,1,20110301,1,1,1,1
8,6064,2011,Qtr 1,Tháng Ba,31,20110331,1,1,1,1
8,5238,2011,Qtr 2,Tháng Năm,1,20110501,1,1,1,1
8,8559,2011,Qtr 2,Tháng Năm,31,20110531,1,1,1,1
8,5977,2011,Qtr 3,Tháng Bảy,1,20110701,1,1,1,1
8,7731,2011,Qtr 3,Tháng Tám,1,20110801,1,1,1,1
8,7821,2011,Qtr 3,Tháng Tám,29,20110829,1,1,1,1
8,7555,2011,Qtr 3,Tháng Chín,29,20110929,1,1,1,1
8,6523,2011,Qtr 4,Tháng Mười,29,20111029,1,1,1,1
8,7150,2011,Qtr 4,Tháng Mười Một,29,20111129,1,1,1,1
8,15301,2011,Qtr 4,Tháng Mười Hai,29,20111229,1,1,1,1
8,13903,2012,Qtr 1,Tháng Giêng,29,20120129,1,1,1,1
8,17466,2012,Qtr 1,Tháng Hai,29,20120229,1,1,1,1
8,16893,2012,Qtr 1,Tháng Ba,30,20120330,1,1,1,1
8,9313,2012,Qtr 2,Tháng Tư,30,20120430,1,1,1,1
8,13912,2012,Qtr 2,Tháng Năm,30,20120530,1,1,1,1
8,13481,2012,Qtr 2,Tháng Sáu,30,20120630,1,1,1,1
8,6732,2012,Qtr 3,Tháng Bảy,31,20120731,1,1,1,1
8,9757,2012,Qtr 3,Tháng Tám,28,20120828,1,1,1,1
8,10852,2012,Qtr 3,Tháng Chín,28,20120928,1,1,1,1
8,12413,2012,Qtr 4,Tháng Mười,28,20121028,1,1,1,1
8,142.25,2012,Qtr 4,Tháng Mười Một,28,20121128,1,1,1,1
8,12453,2012,Qtr 4,Tháng Mười Hai,28,20121228,1,1,1,1
8,12316,2013,Qtr 1,Tháng Giêng,28,20130128,1,1,1,1
8,13842,2013,Qtr 1,Tháng Hai,28,20130228,1,1,1,1
8,12631,2013,Qtr 1,Tháng Ba,30,20130330,1,1,1,1
8,11212,2013,Qtr 2,Tháng Tư,30,20130430,1,1,1,1
8,9742,2013,Qtr 2,Tháng Năm,30,20130530,1,1,1,1
8,9687,2013,Qtr 2,Tháng Sáu,30,20130630,1,1,1,1
8,13528,2013,Qtr 3,Tháng Bảy,31,20130731,1,1,1,1
8,13374,2013,Qtr 3,Tháng Tám,29,20130829,1,1,1,1
8,13032,2013,Qtr 3,Tháng Chín,29,20130929,1,1,1,1
8,15053,2013,Qtr 4,Tháng Mười,29,20131029,1,1,1,1
8,16622,2013,Qtr 4,Tháng Mười Một,29,20131129,1,1,1,1
10,308472,2010,Qtr 4,Tháng Mười Hai,29,20101229,1,1,1,1
10,444008,2011,Qtr 1,Tháng Giêng,29,20110129,1,1,1,1
10,743125,2011,Qtr 1,Tháng Ba,1,20110301,1,1,1,1
10,538024,2011,Qtr 1,Tháng Ba,31,20110331,1,1,1,1
10,1495532,2011,Qtr 2,Tháng Năm,1,20110501,1,1,1,1
10,1116030,2011,Qtr 2,Tháng Năm,31,20110531,1,1,1,1
10,441070,2011,Qtr 3,Tháng Bảy,1,20110701,1,1,1,1
10,1209727,2011,Qtr 3,Tháng Tám,1,20110801,1,1,1,1
10,812721,2011,Qtr 3,Tháng Tám,29,20110829,1,1,1,1
10,572963,2011,Qtr 3,Tháng Chín,29,20110929,1,1,1,1
10,1432012,2011,Qtr 4,Tháng Mười,29,20111029,1,1,1,1
10,870667,2011,Qtr 4,Tháng Mười Một,29,20111129,1,1,1,1
10,1435923,2011,Qtr 4,Tháng Mười Hai,29,20111229,1,1,1,1
10,2233805,2012,Qtr 1,Tháng Giêng,29,20120129,1,1,1,1
10,1886930,2012,Qtr 1,Tháng Hai,29,20120229,1,1,1,1
10,1086060,2012,Qtr 1,Tháng Ba,30,20120330,1,1,1,1
10,2003586,2012,Qtr 2,Tháng Tư,30,20120430,1,1,1,1
10,1434725,2012,Qtr 2,Tháng Năm,30,20120530,1,1,1,1
10,791201,2012,Qtr 2,Tháng Sáu,30,20120630,1,1,1,1
10,1362743,2012,Qtr 3,Tháng Bảy,31,20120731,1,1,1,1
10,1033750,2012,Qtr 3,Tháng Tám,28,20120828,1,1,1,1
10,1214948,2012,Qtr 3,Tháng Chín,28,20120928,1,1,1,1
10,1839928,2012,Qtr 4,Tháng Mười,28,20121028,1,1,1,1
10,1137408,2012,Qtr 4,Tháng Mười Một,28,20121128,1,1,1,1
10,1737676,2012,Qtr 4,Tháng Mười Hai,28,20121228,1,1,1,1
10,2796203,2013,Qtr 1,Tháng Giêng,28,20130128,1,1,1,1
10,2322615,2013,Qtr 1,Tháng Hai,28,20130228,1,1,1,1
10,1308707,2013,Qtr 1,Tháng Ba,30,20130330,1,1,1,1
10,2306269,2013,Qtr 2,Tháng Tư,30,20130430,1,1,1,1
10,1964299,2013,Qtr 2,Tháng Năm,30,20130530,1,1,1,1
10,982134,2013,Qtr 2,Tháng Sáu,30,20130630,1,1,1,1
10,1508328,2013,Qtr 3,Tháng Bảy,31,20130731,1,1,1,1
10,1692987,2013,Qtr 3,Tháng Tám,29,20130829,1,1,1,1
10,1289157,2013,Qtr 3,Tháng Chín,29,20130929,1,1,1,1
10,1969652,2013,Qtr 4,Tháng Mười,29,20131029,1,1,1,1
10,2007586,2013,Qtr 4,Tháng Mười Một,29,20131129,1,1,1,1
11,176270,2010,Qtr 4,Tháng Mười Hai,29,20101229,1,1,1,1
11,555521,2011,Qtr 1,Tháng Giêng,29,20110129,1,1,1,1
11,462700,2011,Qtr 1,Tháng Ba,1,20110301,1,1,1,1
11,345147,2011,Qtr 1,Tháng Ba,31,20110331,1,1,1,1
11,978385,2011,Qtr 2,Tháng Năm,1,20110501,1,1,1,1
11,668935,2011,Qtr 2,Tháng Năm,31,20110531,1,1,1,1
11,302611,2011,Qtr 3,Tháng Bảy,1,20110701,1,1,1,1
11,836918,2011,Qtr 3,Tháng Tám,1,20110801,1,1,1,1
11,588422,2011,Qtr 3,Tháng Tám,29,20110829,1,1,1,1
11,385512,2011,Qtr 3,Tháng Chín,29,20110929,1,1,1,1
11,918306,2011,Qtr 4,Tháng Mười,29,20111029,1,1,1,1
11,526197,2011,Qtr 4,Tháng Mười Một,29,20111129,1,1,1,1
11,996355,2011,Qtr 4,Tháng Mười Hai,29,20111229,1,1,1,1
11,1387003,2012,Qtr 1,Tháng Giêng,29,20120129,1,1,1,1
11,1083237,2012,Qtr 1,Tháng Hai,29,20120229,1,1,1,1
11,781963,2012,Qtr 1,Tháng Ba,30,20120330,1,1,1,1
11,1115146,2012,Qtr 2,Tháng Tư,30,20120430,1,1,1,1
11,859957,2012,Qtr 2,Tháng Năm,30,20120530,1,1,1,1
11,586074,2012,Qtr 2,Tháng Sáu,30,20120630,1,1,1,1
11,985000,2012,Qtr 3,Tháng Bảy,31,20120731,1,1,1,1
11,645310,2012,Qtr 3,Tháng Tám,28,20120828,1,1,1,1
11,712469,2012,Qtr 3,Tháng Chín,28,20120928,1,1,1,1
11,1272906,2012,Qtr 4,Tháng Mười,28,20121028,1,1,1,1
11,854054,2012,Qtr 4,Tháng Mười Một,28,20121128,1,1,1,1
11,1191867,2012,Qtr 4,Tháng Mười Hai,28,20121228,1,1,1,1
11,1934480,2013,Qtr 1,Tháng Giêng,28,20130128,1,1,1,1
11,1565426,2013,Qtr 1,Tháng Hai,28,20130228,1,1,1,1
11,835735,2013,Qtr 1,Tháng Ba,30,20130330,1,1,1,1
11,1495580,2013,Qtr 2,Tháng Tư,30,20130430,1,1,1,1
11,1323613,2013,Qtr 2,Tháng Năm,30,20130530,1,1,1,1
11,661370,2013,Qtr 2,Tháng Sáu,30,20130630,1,1,1,1
11,1167738,2013,Qtr 3,Tháng Bảy,31,20130731,1,1,1,1
11,1062911,2013,Qtr 3,Tháng Tám,29,20130829,1,1,1,1
11,832857,2013,Qtr 3,Tháng Chín,29,20130929,1,1,1,1
11,1473889,2013,Qtr 4,Tháng Mười,29,20131029,1,1,1,1
11,1393582,2013,Qtr 4,Tháng Mười Một,29,20131129,1,1,1,1
12,38012,2010,Qtr 4,Tháng Mười Hai,29,20101229,1,1,1,1
12,43068,2011,Qtr 1,Tháng Giêng,29,20110129,1,1,1,1
12,52500,2011,Qtr 1,Tháng Ba,1,20110301,1,1,1,1
12,46598,2011,Qtr 1,Tháng Ba,31,20110331,1,1,1,1
12,67558,2011,Qtr 2,Tháng Năm,1,20110501,1,1,1,1
12,96991,2011,Qtr 2,Tháng Năm,31,20110531,1,1,1,1
12,50131,2011,Qtr 3,Tháng Bảy,1,20110701,1,1,1,1
12,61121,2011,Qtr 3,Tháng Tám,1,20110801,1,1,1,1
12,46651,2011,Qtr 3,Tháng Tám,29,20110829,1,1,1,1
12,73777,2011,Qtr 3,Tháng Chín,29,20110929,1,1,1,1
12,146033,2011,Qtr 4,Tháng Mười,29,20111029,1,1,1,1
12,65797,2011,Qtr 4,Tháng Mười Một,29,20111129,1,1,1,1
12,166288,2011,Qtr 4,Tháng Mười Hai,29,20111229,1,1,1,1
12,198926,2012,Qtr 1,Tháng Giêng,29,20120129,1,1,1,1
12,1833.77,2012,Qtr 1,Tháng Hai,29,20120229,1,1,1,1
12,146656,2012,Qtr 1,Tháng Ba,30,20120330,1,1,1,1
12,161897,2012,Qtr 2,Tháng Tư,30,20120430,1,1,1,1
12,407.15,2012,Qtr 2,Tháng Năm,30,20120530,1,1,1,1
12,105644,2012,Qtr 2,Tháng Sáu,30,20120630,1,1,1,1
12,123747,2012,Qtr 3,Tháng Bảy,31,20120731,1,1,1,1
12,550.77,2012,Qtr 3,Tháng Tám,28,20120828,1,1,1,1
12,159146,2012,Qtr 3,Tháng Chín,28,20120928,1,1,1,1
12,161594,2012,Qtr 4,Tháng Mười,28,20121028,1,1,1,1
12,490.13,2012,Qtr 4,Tháng Mười Một,28,20121128,1,1,1,1
12,115106,2012,Qtr 4,Tháng Mười Hai,28,20121228,1,1,1,1
12,141170,2013,Qtr 1,Tháng Giêng,28,20130128,1,1,1,1
12,155721,2013,Qtr 1,Tháng Hai,28,20130228,1,1,1,1
12,93119,2013,Qtr 1,Tháng Ba,30,20130330,1,1,1,1
12,93930,2013,Qtr 2,Tháng Tư,30,20130430,1,1,1,1
12,193608,2013,Qtr 2,Tháng Năm,30,20130530,1,1,1,1
12,59367,2013,Qtr 2,Tháng Sáu,30,20130630,1,1,1,1
12,68344,2013,Qtr 3,Tháng Bảy,31,20130731,1,1,1,1
12,109897,2013,Qtr 3,Tháng Tám,29,20130829,1,1,1,1
12,86491,2013,Qtr 3,Tháng Chín,29,20130929,1,1,1,1
12,91769,2013,Qtr 4,Tháng Mười,29,20131029,1,1,1,1
12,124986,2013,Qtr 4,Tháng Mười Một,29,20131129,1,1,1,1
13,57521.85,2010,Qtr 4,Tháng Mười Hai,29,20101229,1,1,1,1
13,23454,2011,Qtr 1,Tháng Giêng,29,20110129,1,1,1,1
13,29712,2011,Qtr 1,Tháng Ba,1,20110301,1,1,1,1
13,31130,2011,Qtr 1,Tháng Ba,31,20110331,1,1,1,1
13,38113,2011,Qtr 2,Tháng Năm,1,20110501,1,1,1,1
13,65476,2011,Qtr 2,Tháng Năm,31,20110531,1,1,1,1
13,44384,2011,Qtr 3,Tháng Bảy,1,20110701,1,1,1,1
13,59146,2011,Qtr 3,Tháng Tám,1,20110801,1,1,1,1
13,41367,2011,Qtr 3,Tháng Tám,29,20110829,1,1,1,1
13,53267,2011,Qtr 3,Tháng Chín,29,20110929,1,1,1,1
13,50883,2011,Qtr 4,Tháng Mười,29,20111029,1,1,1,1
13,54698,2011,Qtr 4,Tháng Mười Một,29,20111129,1,1,1,1
13,80291,2011,Qtr 4,Tháng Mười Hai,29,20111229,1,1,1,1
13,111576,2012,Qtr 1,Tháng Giêng,29,20120129,1,1,1,1
13,133622,2012,Qtr 1,Tháng Hai,29,20120229,1,1,1,1
13,121630,2012,Qtr 1,Tháng Ba,30,20120330,1,1,1,1
13,72644,2012,Qtr 2,Tháng Tư,30,20120430,1,1,1,1
13,101214,2012,Qtr 2,Tháng Năm,30,20120530,1,1,1,1
13,106170,2012,Qtr 2,Tháng Sáu,30,20120630,1,1,1,1
13,49486,2012,Qtr 3,Tháng Bảy,31,20120731,1,1,1,1
13,68060,2012,Qtr 3,Tháng Tám,28,20120828,1,1,1,1
13,89533,2012,Qtr 3,Tháng Chín,28,20120928,1,1,1,1
13,97752,2012,Qtr 4,Tháng Mười,28,20121028,1,1,1,1
13,1082.69,2012,Qtr 4,Tháng Mười Một,28,20121128,1,1,1,1
13,85927,2012,Qtr 4,Tháng Mười Hai,28,20121228,1,1,1,1
13,97914,2013,Qtr 1,Tháng Giêng,28,20130128,1,1,1,1
13,96548,2013,Qtr 1,Tháng Hai,28,20130228,1,1,1,1
13,87156,2013,Qtr 1,Tháng Ba,30,20130330,1,1,1,1
13,89135,2013,Qtr 2,Tháng Tư,30,20130430,1,1,1,1
13,67221,2013,Qtr 2,Tháng Năm,30,20130530,1,1,1,1
13,76291,2013,Qtr 2,Tháng Sáu,30,20130630,1,1,1,1
13,95374,2013,Qtr 3,Tháng Bảy,31,20130731,1,1,1,1
13,105324,2013,Qtr 3,Tháng Tám,29,20130829,1,1,1,1
13,99700,2013,Qtr 3,Tháng Chín,29,20130929,1,1,1,1
13,114029,2013,Qtr 4,Tháng Mười,29,20131029,1,1,1,1
13,137133,2013,Qtr 4,Tháng Mười Một,29,20131129,1,1,1,1
14,39433.63,2010,Qtr 4,Tháng Mười Hai,29,20101229,1,1,1,1
14,17675,2011,Qtr 1,Tháng Giêng,29,20110129,1,1,1,1
14,17216,2011,Qtr 1,Tháng Ba,1,20110301,1,1,1,1
14,20972,2011,Qtr 1,Tháng Ba,31,20110331,1,1,1,1
14,25670,2011,Qtr 2,Tháng Năm,1,20110501,1,1,1,1
14,38515,2011,Qtr 2,Tháng Năm,31,20110531,1,1,1,1
14,30187,2011,Qtr 3,Tháng Bảy,1,20110701,1,1,1,1
14,38271,2011,Qtr 3,Tháng Tám,1,20110801,1,1,1,1
14,35585,2011,Qtr 3,Tháng Tám,29,20110829,1,1,1,1
14,41556,2011,Qtr 3,Tháng Chín,29,20110929,1,1,1,1
14,35226,2011,Qtr 4,Tháng Mười,29,20111029,1,1,1,1
14,33605,2011,Qtr 4,Tháng Mười Một,29,20111129,1,1,1,1
14,80334,2011,Qtr 4,Tháng Mười Hai,29,20111229,1,1,1,1
14,70213,2012,Qtr 1,Tháng Giêng,29,20120129,1,1,1,1
14,90828,2012,Qtr 1,Tháng Hai,29,20120229,1,1,1,1
14,92067,2012,Qtr 1,Tháng Ba,30,20120330,1,1,1,1
14,71380,2012,Qtr 2,Tháng Tư,30,20120430,1,1,1,1
14,68867,2012,Qtr 2,Tháng Năm,30,20120530,1,1,1,1
14,70780,2012,Qtr 2,Tháng Sáu,30,20120630,1,1,1,1
14,48782,2012,Qtr 3,Tháng Bảy,31,20120731,1,1,1,1
14,48301,2012,Qtr 3,Tháng Tám,28,20120828,1,1,1,1
14,50464,2012,Qtr 3,Tháng Chín,28,20120928,1,1,1,1
14,61444,2012,Qtr 4,Tháng Mười,28,20121028,1,1,1,1
14,729.5,2012,Qtr 4,Tháng Mười Một,28,20121128,1,1,1,1
14,65379,2012,Qtr 4,Tháng Mười Hai,28,20121228,1,1,1,1
14,67739,2013,Qtr 1,Tháng Giêng,28,20130128,1,1,1,1
14,71979,2013,Qtr 1,Tháng Hai,28,20130228,1,1,1,1
14,59999,2013,Qtr 1,Tháng Ba,30,20130330,1,1,1,1
14,53817,2013,Qtr 2,Tháng Tư,30,20130430,1,1,1,1
14,45788,2013,Qtr 2,Tháng Năm,30,20130530,1,1,1,1
14,51829,2013,Qtr 2,Tháng Sáu,30,20130630,1,1,1,1
14,40784,2013,Qtr 3,Tháng Bảy,31,20130731,1,1,1,1
14,43278,2013,Qtr 3,Tháng Tám,29,20130829,1,1,1,1
14,37985,2013,Qtr 3,Tháng Chín,29,20130929,1,1,1,1
14,52329,2013,Qtr 4,Tháng Mười,29,20131029,1,1,1,1
14,44153,2013,Qtr 4,Tháng Mười Một,29,20131129,1,1,1,1
15,71632.72,2010,Qtr 4,Tháng Mười Hai,29,20101229,1,1,1,1
15,33651,2011,Qtr 1,Tháng Giêng,29,20110129,1,1,1,1
15,39246,2011,Qtr 1,Tháng Ba,1,20110301,1,1,1,1
15,45440,2011,Qtr 1,Tháng Ba,31,20110331,1,1,1,1
15,55008,2011,Qtr 2,Tháng Năm,1,20110501,1,1,1,1
15,77887,2011,Qtr 2,Tháng Năm,31,20110531,1,1,1,1
15,57984,2011,Qtr 3,Tháng Bảy,1,20110701,1,1,1,1
15,71903,2011,Qtr 3,Tháng Tám,1,20110801,1,1,1,1
15,51847,2011,Qtr 3,Tháng Tám,29,20110829,1,1,1,1
15,70268,2011,Qtr 3,Tháng Chín,29,20110929,1,1,1,1
15,67844,2011,Qtr 4,Tháng Mười,29,20111029,1,1,1,1
15,76507,2011,Qtr 4,Tháng Mười Một,29,20111129,1,1,1,1
15,114330,2011,Qtr 4,Tháng Mười Hai,29,20111229,1,1,1,1
15,151549,2012,Qtr 1,Tháng Giêng,29,20120129,1,1,1,1
15,162442,2012,Qtr 1,Tháng Hai,29,20120229,1,1,1,1
15,153728,2012,Qtr 1,Tháng Ba,30,20120330,1,1,1,1
15,83820,2012,Qtr 2,Tháng Tư,30,20120430,1,1,1,1
15,133560,2012,Qtr 2,Tháng Năm,30,20120530,1,1,1,1
15,128078,2012,Qtr 2,Tháng Sáu,30,20120630,1,1,1,1
15,67328,2012,Qtr 3,Tháng Bảy,31,20120731,1,1,1,1
15,101481,2012,Qtr 3,Tháng Tám,28,20120828,1,1,1,1
15,109610,2012,Qtr 3,Tháng Chín,28,20120928,1,1,1,1
15,116682,2012,Qtr 4,Tháng Mười,28,20121028,1,1,1,1
15,1401.85,2012,Qtr 4,Tháng Mười Một,28,20121128,1,1,1,1
15,123286,2012,Qtr 4,Tháng Mười Hai,28,20121228,1,1,1,1
15,117004,2013,Qtr 1,Tháng Giêng,28,20130128,1,1,1,1
15,139805,2013,Qtr 1,Tháng Hai,28,20130228,1,1,1,1
15,130103,2013,Qtr 1,Tháng Ba,30,20130330,1,1,1,1
15,114362,2013,Qtr 2,Tháng Tư,30,20130430,1,1,1,1
15,90602,2013,Qtr 2,Tháng Năm,30,20130530,1,1,1,1
15,87190,2013,Qtr 2,Tháng Sáu,30,20130630,1,1,1,1
15,136635,2013,Qtr 3,Tháng Bảy,31,20130731,1,1,1,1
15,143107,2013,Qtr 3,Tháng Tám,29,20130829,1,1,1,1
15,138147,2013,Qtr 3,Tháng Chín,29,20130929,1,1,1,1
15,162577,2013,Qtr 4,Tháng Mười,29,20131029,1,1,1,1
15,159573,2013,Qtr 4,Tháng Mười Một,29,20131129,1,1,1,1
18,10395.21,2010,Qtr 4,Tháng Mười Hai,29,20101229,1,1,1,1
18,13720,2011,Qtr 1,Tháng Giêng,29,20110129,1,1,1,1
18,13720,2011,Qtr 1,Tháng Ba,1,20110301,1,1,1,1
18,13720,2011,Qtr 1,Tháng Ba,31,20110331,1,1,1,1
18,13720,2011,Qtr 2,Tháng Năm,1,20110501,1,1,1,1
18,10976,2011,Qtr 2,Tháng Năm,31,20110531,1,1,1,1
18,13720,2011,Qtr 3,Tháng Bảy,1,20110701,1,1,1,1
18,10976,2011,Qtr 3,Tháng Tám,1,20110801,1,1,1,1
18,8232,2011,Qtr 3,Tháng Tám,29,20110829,1,1,1,1
18,10976,2011,Qtr 3,Tháng Chín,29,20110929,1,1,1,1
18,13720,2011,Qtr 4,Tháng Mười,29,20111029,1,1,1,1
18,10976,2011,Qtr 4,Tháng Mười Một,29,20111129,1,1,1,1
18,10701,2011,Qtr 4,Tháng Mười Hai,29,20111229,1,1,1,1
18,17836,2012,Qtr 1,Tháng Giêng,29,20120129,1,1,1,1
18,17836,2012,Qtr 1,Tháng Hai,29,20120229,1,1,1,1
18,17836,2012,Qtr 1,Tháng Ba,30,20120330,1,1,1,1
18,17836,2012,Qtr 2,Tháng Tư,30,20120430,1,1,1,1
18,17836,2012,Qtr 2,Tháng Năm,30,20120530,1,1,1,1
18,17836,2012,Qtr 2,Tháng Sáu,30,20120630,1,1,1,1
18,17836,2012,Qtr 3,Tháng Bảy,31,20120731,1,1,1,1
18,17836,2012,Qtr 3,Tháng Tám,28,20120828,1,1,1,1
18,17836,2012,Qtr 3,Tháng Chín,28,20120928,1,1,1,1
18,17836,2012,Qtr 4,Tháng Mười,28,20121028,1,1,1,1
18,3795.51,2012,Qtr 4,Tháng Mười Một,28,20121128,1,1,1,1
18,24696,2012,Qtr 4,Tháng Mười Hai,28,20121228,1,1,1,1
18,24696,2013,Qtr 1,Tháng Giêng,28,20130128,1,1,1,1
18,24696,2013,Qtr 1,Tháng Hai,28,20130228,1,1,1,1
18,24696,2013,Qtr 1,Tháng Ba,30,20130330,1,1,1,1
18,24696,2013,Qtr 2,Tháng Tư,30,20130430,1,1,1,1
18,24696,2013,Qtr 2,Tháng Năm,30,20130530,1,1,1,1
18,24696,2013,Qtr 2,Tháng Sáu,30,20130630,1,1,1,1
18,24696,2013,Qtr 3,Tháng Bảy,31,20130731,1,1,1,1
18,24696,2013,Qtr 3,Tháng Tám,29,20130829,1,1,1,1
18,24696,2013,Qtr 3,Tháng Chín,29,20130929,1,1,1,1
18,24696,2013,Qtr 4,Tháng Mười,29,20131029,1,1,1,1
18,24696,2013,Qtr 4,Tháng Mười Một,29,20131129,1,1,1,1
19,33121.4,2010,Qtr 4,Tháng Mười Hai,29,20101229,1,1,1,1
19,43720,2011,Qtr 1,Tháng Giêng,29,20110129,1,1,1,1
19,43720,2011,Qtr 1,Tháng Ba,1,20110301,1,1,1,1
19,43720,2011,Qtr 1,Tháng Ba,31,20110331,1,1,1,1
19,43720,2011,Qtr 2,Tháng Năm,1,20110501,1,1,1,1
19,34976,2011,Qtr 2,Tháng Năm,31,20110531,1,1,1,1
19,43720,2011,Qtr 3,Tháng Bảy,1,20110701,1,1,1,1
19,34976,2011,Qtr 3,Tháng Tám,1,20110801,1,1,1,1
19,43720,2011,Qtr 3,Tháng Tám,29,20110829,1,1,1,1
19,34976,2011,Qtr 3,Tháng Chín,29,20110929,1,1,1,1
19,43720,2011,Qtr 4,Tháng Mười,29,20111029,1,1,1,1
19,34976,2011,Qtr 4,Tháng Mười Một,29,20111129,1,1,1,1
19,45468,2011,Qtr 4,Tháng Mười Hai,29,20111229,1,1,1,1
19,56836,2012,Qtr 1,Tháng Giêng,29,20120129,1,1,1,1
19,56836,2012,Qtr 1,Tháng Hai,29,20120229,1,1,1,1
19,56836,2012,Qtr 1,Tháng Ba,30,20120330,1,1,1,1
19,45468,2012,Qtr 2,Tháng Tư,30,20120430,1,1,1,1
19,56836,2012,Qtr 2,Tháng Năm,30,20120530,1,1,1,1
19,56836,2012,Qtr 2,Tháng Sáu,30,20120630,1,1,1,1
19,45468,2012,Qtr 3,Tháng Bảy,31,20120731,1,1,1,1
19,56836,2012,Qtr 3,Tháng Tám,28,20120828,1,1,1,1
19,56836,2012,Qtr 3,Tháng Chín,28,20120928,1,1,1,1
19,56836,2012,Qtr 4,Tháng Mười,28,20121028,1,1,1,1
19,12093.54,2012,Qtr 4,Tháng Mười Một,28,20121128,1,1,1,1
19,78696,2012,Qtr 4,Tháng Mười Hai,28,20121228,1,1,1,1
19,78696,2013,Qtr 1,Tháng Giêng,28,20130128,1,1,1,1
19,78696,2013,Qtr 1,Tháng Hai,28,20130228,1,1,1,1
19,78696,2013,Qtr 1,Tháng Ba,30,20130330,1,1,1,1
19,78696,2013,Qtr 2,Tháng Tư,30,20130430,1,1,1,1
19,78696,2013,Qtr 2,Tháng Năm,30,20130530,1,1,1,1
19,78696,2013,Qtr 2,Tháng Sáu,30,20130630,1,1,1,1
19,62956,2013,Qtr 3,Tháng Bảy,31,20130731,1,1,1,1
19,62956,2013,Qtr 3,Tháng Tám,29,20130829,1,1,1,1
19,62956,2013,Qtr 3,Tháng Chín,29,20130929,1,1,1,1
19,62956,2013,Qtr 4,Tháng Mười,29,20131029,1,1,1,1
19,62956,2013,Qtr 4,Tháng Mười Một,29,20131129,1,1,1,1
20,10498.25,2010,Qtr 4,Tháng Mười Hai,29,20101229,1,1,1,1
20,15092,2011,Qtr 1,Tháng Giêng,29,20110129,1,1,1,1
20,14131,2011,Qtr 1,Tháng Ba,1,20110301,1,1,1,1
20,14406,2011,Qtr 1,Tháng Ba,31,20110331,1,1,1,1
20,13445,2011,Qtr 2,Tháng Năm,1,20110501,1,1,1,1
20,11854,2011,Qtr 2,Tháng Năm,31,20110531,1,1,1,1
20,12896,2011,Qtr 3,Tháng Bảy,1,20110701,1,1,1,1
20,10097,2011,Qtr 3,Tháng Tám,1,20110801,1,1,1,1
20,7738,2011,Qtr 3,Tháng Tám,29,20110829,1,1,1,1
20,11524,2011,Qtr 3,Tháng Chín,29,20110929,1,1,1,1
20,12896,2011,Qtr 4,Tháng Mười,29,20111029,1,1,1,1
20,11305,2011,Qtr 4,Tháng Mười Một,29,20111129,1,1,1,1
20,11129,2011,Qtr 4,Tháng Mười Hai,29,20111229,1,1,1,1
20,18549,2012,Qtr 1,Tháng Giêng,29,20120129,1,1,1,1
20,16052,2012,Qtr 1,Tháng Hai,29,20120229,1,1,1,1
20,19441,2012,Qtr 1,Tháng Ba,30,20120330,1,1,1,1
20,19441,2012,Qtr 2,Tháng Tư,30,20120430,1,1,1,1
20,16944,2012,Qtr 2,Tháng Năm,30,20120530,1,1,1,1
20,16944,2012,Qtr 2,Tháng Sáu,30,20120630,1,1,1,1
20,19441,2012,Qtr 3,Tháng Bảy,31,20120731,1,1,1,1
20,17479,2012,Qtr 3,Tháng Tám,28,20120828,1,1,1,1
20,17657,2012,Qtr 3,Tháng Chín,28,20120928,1,1,1,1
20,16052,2012,Qtr 4,Tháng Mười,28,20121028,1,1,1,1
20,4137.01,2012,Qtr 4,Tháng Mười Một,28,20121128,1,1,1,1
20,24942,2012,Qtr 4,Tháng Mười Hai,28,20121228,1,1,1,1
20,27165,2013,Qtr 1,Tháng Giêng,28,20130128,1,1,1,1
20,25683,2013,Qtr 1,Tháng Hai,28,20130228,1,1,1,1
20,22720,2013,Qtr 1,Tháng Ba,30,20130330,1,1,1,1
20,26918,2013,Qtr 2,Tháng Tư,30,20130430,1,1,1,1
20,24202,2013,Qtr 2,Tháng Năm,30,20130530,1,1,1,1
20,23708,2013,Qtr 2,Tháng Sáu,30,20130630,1,1,1,1
20,22226,2013,Qtr 3,Tháng Bảy,31,20130731,1,1,1,1
20,26918,2013,Qtr 3,Tháng Tám,29,20130829,1,1,1,1
20,23708,2013,Qtr 3,Tháng Chín,29,20130929,1,1,1,1
20,26671,2013,Qtr 4,Tháng Mười,29,20131029,1,1,1,1
20,25930,2013,Qtr 4,Tháng Mười Một,29,20131129,1,1,1,1
21,59702.19,2010,Qtr 4,Tháng Mười Hai,29,20101229,1,1,1,1
21,55695,2011,Qtr 1,Tháng Giêng,29,20110129,1,1,1,1
21,51717,2011,Qtr 1,Tháng Ba,1,20110301,1,1,1,1
21,61622,2011,Qtr 1,Tháng Ba,31,20110331,1,1,1,1
21,60729,2011,Qtr 2,Tháng Năm,1,20110501,1,1,1,1
21,48226,2011,Qtr 2,Tháng Năm,31,20110531,1,1,1,1
21,68198,2011,Qtr 3,Tháng Bảy,1,20110701,1,1,1,1
21,55018,2011,Qtr 3,Tháng Tám,1,20110801,1,1,1,1
21,57400,2011,Qtr 3,Tháng Tám,29,20110829,1,1,1,1
21,44626,2011,Qtr 3,Tháng Chín,29,20110929,1,1,1,1
21,56642,2011,Qtr 4,Tháng Mười,29,20111029,1,1,1,1
21,55018,2011,Qtr 4,Tháng Mười Một,29,20111129,1,1,1,1
21,67224,2011,Qtr 4,Tháng Mười Hai,29,20111229,1,1,1,1
21,80376,2012,Qtr 1,Tháng Giêng,29,20120129,1,1,1,1
21,86330,2012,Qtr 1,Tháng Hai,29,20120229,1,1,1,1
21,75343,2012,Qtr 1,Tháng Ba,30,20120330,1,1,1,1
21,65492,2012,Qtr 2,Tháng Tư,30,20120430,1,1,1,1
21,76723,2012,Qtr 2,Tháng Năm,30,20120530,1,1,1,1
21,80376,2012,Qtr 2,Tháng Sáu,30,20120630,1,1,1,1
21,70796,2012,Qtr 3,Tháng Bảy,31,20120731,1,1,1,1
21,74585,2012,Qtr 3,Tháng Tám,28,20120828,1,1,1,1
21,80052,2012,Qtr 3,Tháng Chín,28,20120928,1,1,1,1
21,75262,2012,Qtr 4,Tháng Mười,28,20121028,1,1,1,1
21,28502.35,2012,Qtr 4,Tháng Mười Một,28,20121128,1,1,1,1
21,93123,2012,Qtr 4,Tháng Mười Hai,28,20121228,1,1,1,1
21,100674,2013,Qtr 1,Tháng Giêng,28,20130128,1,1,1,1
21,116505,2013,Qtr 1,Tháng Hai,28,20130228,1,1,1,1
21,108251,2013,Qtr 1,Tháng Ba,30,20130330,1,1,1,1
21,105410,2013,Qtr 2,Tháng Tư,30,20130430,1,1,1,1
21,107629,2013,Qtr 2,Tháng Năm,30,20130530,1,1,1,1
21,101756,2013,Qtr 2,Tháng Sáu,30,20130630,1,1,1,1
21,77129,2013,Qtr 3,Tháng Bảy,31,20130731,1,1,1,1
21,85573,2013,Qtr 3,Tháng Tám,29,20130829,1,1,1,1
21,94395,2013,Qtr 3,Tháng Chín,29,20130929,1,1,1,1
21,82812,2013,Qtr 4,Tháng Mười,29,20131029,1,1,1,1
21,89307,2013,Qtr 4,Tháng Mười Một,29,20131129,1,1,1,1
22,9005.79,2010,Qtr 4,Tháng Mười Hai,29,20101229,1,1,1,1
22,11770,2011,Qtr 1,Tháng Giêng,29,20110129,1,1,1,1
22,11652,2011,Qtr 1,Tháng Ba,1,20110301,1,1,1,1
22,11770,2011,Qtr 1,Tháng Ba,31,20110331,1,1,1,1
22,11652,2011,Qtr 2,Tháng Năm,1,20110501,1,1,1,1
22,9416,2011,Qtr 2,Tháng Năm,31,20110531,1,1,1,1
22,11887,2011,Qtr 3,Tháng Bảy,1,20110701,1,1,1,1
22,9321,2011,Qtr 3,Tháng Tám,1,20110801,1,1,1,1
22,6991,2011,Qtr 3,Tháng Tám,29,20110829,1,1,1,1
22,9321,2011,Qtr 3,Tháng Chín,29,20110929,1,1,1,1
22,11652,2011,Qtr 4,Tháng Mười,29,20111029,1,1,1,1
22,9510,2011,Qtr 4,Tháng Mười Một,29,20111129,1,1,1,1
22,9272,2011,Qtr 4,Tháng Mười Hai,29,20111229,1,1,1,1
22,15147,2012,Qtr 1,Tháng Giêng,29,20120129,1,1,1,1
22,15301,2012,Qtr 1,Tháng Hai,29,20120229,1,1,1,1
22,15147,2012,Qtr 1,Tháng Ba,30,20120330,1,1,1,1
22,15301,2012,Qtr 2,Tháng Tư,30,20120430,1,1,1,1
22,15454,2012,Qtr 2,Tháng Năm,30,20120530,1,1,1,1
22,15147,2012,Qtr 2,Tháng Sáu,30,20120630,1,1,1,1
22,15454,2012,Qtr 3,Tháng Bảy,31,20120731,1,1,1,1
22,15301,2012,Qtr 3,Tháng Tám,28,20120828,1,1,1,1
22,15301,2012,Qtr 3,Tháng Chín,28,20120928,1,1,1,1
22,15454,2012,Qtr 4,Tháng Mười,28,20121028,1,1,1,1
22,3223.16,2012,Qtr 4,Tháng Mười Một,28,20121128,1,1,1,1
22,20974,2012,Qtr 4,Tháng Mười Hai,28,20121228,1,1,1,1
22,20974,2013,Qtr 1,Tháng Giêng,28,20130128,1,1,1,1
22,21397,2013,Qtr 1,Tháng Hai,28,20130228,1,1,1,1
22,20974,2013,Qtr 1,Tháng Ba,30,20130330,1,1,1,1
22,21397,2013,Qtr 2,Tháng Tư,30,20130430,1,1,1,1
22,21186,2013,Qtr 2,Tháng Năm,30,20130530,1,1,1,1
22,21397,2013,Qtr 2,Tháng Sáu,30,20130630,1,1,1,1
22,21397,2013,Qtr 3,Tháng Bảy,31,20130731,1,1,1,1
22,21397,2013,Qtr 3,Tháng Tám,29,20130829,1,1,1,1
22,21186,2013,Qtr 3,Tháng Chín,29,20130929,1,1,1,1
22,21397,2013,Qtr 4,Tháng Mười,29,20131029,1,1,1,1
22,20974,2013,Qtr 4,Tháng Mười Một,29,20131129,1,1,1,1
23,3645.09,2010,Qtr 4,Tháng Mười Hai,29,20101229,1,1,1,1
23,4811,2011,Qtr 1,Tháng Giêng,29,20110129,1,1,1,1
23,4860,2011,Qtr 1,Tháng Ba,1,20110301,1,1,1,1
23,4860,2011,Qtr 1,Tháng Ba,31,20110331,1,1,1,1
23,4908,2011,Qtr 2,Tháng Năm,1,20110501,1,1,1,1
23,3849,2011,Qtr 2,Tháng Năm,31,20110531,1,1,1,1
23,4860,2011,Qtr 3,Tháng Bảy,1,20110701,1,1,1,1
23,3888,2011,Qtr 3,Tháng Tám,1,20110801,1,1,1,1
23,4811,2011,Qtr 3,Tháng Tám,29,20110829,1,1,1,1
23,3888,2011,Qtr 3,Tháng Chín,29,20110929,1,1,1,1
23,4811,2011,Qtr 4,Tháng Mười,29,20111029,1,1,1,1
23,3849,2011,Qtr 4,Tháng Mười Một,29,20111129,1,1,1,1
23,5054,2011,Qtr 4,Tháng Mười Hai,29,20111229,1,1,1,1
23,6318,2012,Qtr 1,Tháng Giêng,29,20120129,1,1,1,1
23,6318,2012,Qtr 1,Tháng Hai,29,20120229,1,1,1,1
23,6254,2012,Qtr 1,Tháng Ba,30,20120330,1,1,1,1
23,5054,2012,Qtr 2,Tháng Tư,30,20120430,1,1,1,1
23,6381,2012,Qtr 2,Tháng Năm,30,20120530,1,1,1,1
23,6318,2012,Qtr 2,Tháng Sáu,30,20120630,1,1,1,1
23,5054,2012,Qtr 3,Tháng Bảy,31,20120731,1,1,1,1
23,6254,2012,Qtr 3,Tháng Tám,28,20120828,1,1,1,1
23,6318,2012,Qtr 3,Tháng Chín,28,20120928,1,1,1,1
23,6381,2012,Qtr 4,Tháng Mười,28,20121028,1,1,1,1
23,1358.23,2012,Qtr 4,Tháng Mười Một,28,20121128,1,1,1,1
23,8835,2012,Qtr 4,Tháng Mười Hai,28,20121228,1,1,1,1
23,8660,2013,Qtr 1,Tháng Giêng,28,20130128,1,1,1,1
23,8835,2013,Qtr 1,Tháng Hai,28,20130228,1,1,1,1
23,8748,2013,Qtr 1,Tháng Ba,30,20130330,1,1,1,1
23,8748,2013,Qtr 2,Tháng Tư,30,20130430,1,1,1,1
23,8748,2013,Qtr 2,Tháng Năm,30,20130530,1,1,1,1
23,8660,2013,Qtr 2,Tháng Sáu,30,20130630,1,1,1,1
23,6928,2013,Qtr 3,Tháng Bảy,31,20130731,1,1,1,1
23,6998,2013,Qtr 3,Tháng Tám,29,20130829,1,1,1,1
23,7068,2013,Qtr 3,Tháng Chín,29,20130929,1,1,1,1
23,7068,2013,Qtr 4,Tháng Mười,29,20131029,1,1,1,1
23,6998,2013,Qtr 4,Tháng Mười Một,29,20131129,1,1,1,1
24,18102.93,2010,Qtr 4,Tháng Mười Hai,29,20101229,1,1,1,1
24,24641,2011,Qtr 1,Tháng Giêng,29,20110129,1,1,1,1
24,25636,2011,Qtr 1,Tháng Ba,1,20110301,1,1,1,1
24,23147,2011,Qtr 1,Tháng Ba,31,20110331,1,1,1,1
24,23396,2011,Qtr 2,Tháng Năm,1,20110501,1,1,1,1
24,21106,2011,Qtr 2,Tháng Năm,31,20110531,1,1,1,1
24,23396,2011,Qtr 3,Tháng Bảy,1,20110701,1,1,1,1
24,21106,2011,Qtr 3,Tháng Tám,1,20110801,1,1,1,1
24,14635,2011,Qtr 3,Tháng Tám,29,20110829,1,1,1,1
24,21106,2011,Qtr 3,Tháng Chín,29,20110929,1,1,1,1
24,22401,2011,Qtr 4,Tháng Mười,29,20111029,1,1,1,1
24,20708,2011,Qtr 4,Tháng Mười Một,29,20111129,1,1,1,1
24,20384,2011,Qtr 4,Tháng Mười Hai,29,20111229,1,1,1,1
24,29444,2012,Qtr 1,Tháng Giêng,29,20120129,1,1,1,1
24,30739,2012,Qtr 1,Tháng Hai,29,20120229,1,1,1,1
24,32357,2012,Qtr 1,Tháng Ba,30,20120330,1,1,1,1
24,32357,2012,Qtr 2,Tháng Tư,30,20120430,1,1,1,1
24,30739,2012,Qtr 2,Tháng Năm,30,20120530,1,1,1,1
24,32357,2012,Qtr 2,Tháng Sáu,30,20120630,1,1,1,1
24,31386,2012,Qtr 3,Tháng Bảy,31,20120731,1,1,1,1
24,29768,2012,Qtr 3,Tháng Tám,28,20120828,1,1,1,1
24,31709,2012,Qtr 3,Tháng Chín,28,20120928,1,1,1,1
24,31709,2012,Qtr 4,Tháng Mười,28,20121028,1,1,1,1
24,6472.16,2012,Qtr 4,Tháng Mười Một,28,20121128,1,1,1,1
24,47042,2012,Qtr 4,Tháng Mười Hai,28,20121228,1,1,1,1
24,41665,2013,Qtr 1,Tháng Giêng,28,20130128,1,1,1,1
24,41665,2013,Qtr 1,Tháng Hai,28,20130228,1,1,1,1
24,42113,2013,Qtr 1,Tháng Ba,30,20130330,1,1,1,1
24,48386,2013,Qtr 2,Tháng Tư,30,20130430,1,1,1,1
24,43905,2013,Qtr 2,Tháng Năm,30,20130530,1,1,1,1
24,48386,2013,Qtr 2,Tháng Sáu,30,20130630,1,1,1,1
24,41665,2013,Qtr 3,Tháng Bảy,31,20130731,1,1,1,1
24,47938,2013,Qtr 3,Tháng Tám,29,20130829,1,1,1,1
24,42561,2013,Qtr 3,Tháng Chín,29,20130929,1,1,1,1
24,43457,2013,Qtr 4,Tháng Mười,29,20131029,1,1,1,1
24,48386,2013,Qtr 4,Tháng Mười Một,29,20131129,1,1,1,1
28,16163.5,2010,Qtr 4,Tháng Mười Hai,29,20101229,1,1,1,1
28,23511,2011,Qtr 1,Tháng Giêng,29,20110129,1,1,1,1
28,19810,2011,Qtr 1,Tháng Ba,1,20110301,1,1,1,1
28,22640,2011,Qtr 1,Tháng Ba,31,20110331,1,1,1,1
28,20681,2011,Qtr 2,Tháng Năm,1,20110501,1,1,1,1
28,16196,2011,Qtr 2,Tháng Năm,31,20110531,1,1,1,1
28,20681,2011,Qtr 3,Tháng Bảy,1,20110701,1,1,1,1
28,18112,2011,Qtr 3,Tháng Tám,1,20110801,1,1,1,1
28,21552,2011,Qtr 3,Tháng Tám,29,20110829,1,1,1,1
28,16893,2011,Qtr 3,Tháng Chín,29,20110929,1,1,1,1
28,23076,2011,Qtr 4,Tháng Mười,29,20111029,1,1,1,1
28,17590,2011,Qtr 4,Tháng Mười Một,29,20111129,1,1,1,1
28,21282,2011,Qtr 4,Tháng Mười Hai,29,20111229,1,1,1,1
28,29433,2012,Qtr 1,Tháng Giêng,29,20120129,1,1,1,1
28,27734,2012,Qtr 1,Tháng Hai,29,20120229,1,1,1,1
28,28301,2012,Qtr 1,Tháng Ba,30,20120330,1,1,1,1
28,22867,2012,Qtr 2,Tháng Tư,30,20120430,1,1,1,1
28,25470,2012,Qtr 2,Tháng Năm,30,20120530,1,1,1,1
28,25753,2012,Qtr 2,Tháng Sáu,30,20120630,1,1,1,1
28,21055,2012,Qtr 3,Tháng Bảy,31,20120731,1,1,1,1
28,29716,2012,Qtr 3,Tháng Tám,28,20120828,1,1,1,1
28,26602,2012,Qtr 3,Tháng Chín,28,20120928,1,1,1,1
28,26036,2012,Qtr 4,Tháng Mười,28,20121028,1,1,1,1
28,6323.22,2012,Qtr 4,Tháng Mười Một,28,20121128,1,1,1,1
28,38794,2012,Qtr 4,Tháng Mười Hai,28,20121228,1,1,1,1
28,37226,2013,Qtr 1,Tháng Giêng,28,20130128,1,1,1,1
28,39577,2013,Qtr 1,Tháng Hai,28,20130228,1,1,1,1
28,40361,2013,Qtr 1,Tháng Ba,30,20130330,1,1,1,1
28,39969,2013,Qtr 2,Tháng Tư,30,20130430,1,1,1,1
28,36442,2013,Qtr 2,Tháng Năm,30,20130530,1,1,1,1
28,35267,2013,Qtr 2,Tháng Sáu,30,20130630,1,1,1,1
28,31662,2013,Qtr 3,Tháng Bảy,31,20130731,1,1,1,1
28,33543,2013,Qtr 3,Tháng Tám,29,20130829,1,1,1,1
28,33229,2013,Qtr 3,Tháng Chín,29,20130929,1,1,1,1
28,33856,2013,Qtr 4,Tháng Mười,29,20131029,1,1,1,1
28,30094,2013,Qtr 4,Tháng Mười Một,29,20131129,1,1,1,1
29,129964.11,2010,Qtr 4,Tháng Mười Hai,29,20101229,1,1,1,1
29,209682,2011,Qtr 1,Tháng Giêng,29,20110129,1,1,1,1
29,202056,2011,Qtr 1,Tháng Ba,1,20110301,1,1,1,1
29,198240,2011,Qtr 1,Tháng Ba,31,20110331,1,1,1,1
29,190620,2011,Qtr 2,Tháng Năm,1,20110501,1,1,1,1
29,167742,2011,Qtr 2,Tháng Năm,31,20110531,1,1,1,1
29,207774,2011,Qtr 3,Tháng Bảy,1,20110701,1,1,1,1
29,149442,2011,Qtr 3,Tháng Tám,1,20110801,1,1,1,1
29,120090,2011,Qtr 3,Tháng Tám,29,20110829,1,1,1,1
29,140292,2011,Qtr 3,Tháng Chín,29,20110929,1,1,1,1
29,179178,2011,Qtr 4,Tháng Mười,29,20111029,1,1,1,1
29,147918,2011,Qtr 4,Tháng Mười Một,29,20111129,1,1,1,1
29,148680,2011,Qtr 4,Tháng Mười Hai,29,20111229,1,1,1,1
29,250284,2012,Qtr 1,Tháng Giêng,29,20120129,1,1,1,1
29,257718,2012,Qtr 1,Tháng Hai,29,20120229,1,1,1,1
29,227976,2012,Qtr 1,Tháng Ba,30,20120330,1,1,1,1
29,272586,2012,Qtr 2,Tháng Tư,30,20120430,1,1,1,1
29,267630,2012,Qtr 2,Tháng Năm,30,20120530,1,1,1,1
29,262674,2012,Qtr 2,Tháng Sáu,30,20120630,1,1,1,1
29,235410,2012,Qtr 3,Tháng Bảy,31,20120731,1,1,1,1
29,247806,2012,Qtr 3,Tháng Tám,28,20120828,1,1,1,1
29,240366,2012,Qtr 3,Tháng Chín,28,20120928,1,1,1,1
29,223020,2012,Qtr 4,Tháng Mười,28,20121028,1,1,1,1
29,57466.72,2012,Qtr 4,Tháng Mười Một,28,20121128,1,1,1,1
29,346542,2012,Qtr 4,Tháng Mười Hai,28,20121228,1,1,1,1
29,377424,2013,Qtr 1,Tháng Giêng,28,20130128,1,1,1,1
29,356838,2013,Qtr 1,Tháng Hai,28,20130228,1,1,1,1
29,315666,2013,Qtr 1,Tháng Ba,30,20130330,1,1,1,1
29,373992,2013,Qtr 2,Tháng Tư,30,20130430,1,1,1,1
29,336252,2013,Qtr 2,Tháng Năm,30,20130530,1,1,1,1
29,329388,2013,Qtr 2,Tháng Sáu,30,20130630,1,1,1,1
29,308802,2013,Qtr 3,Tháng Bảy,31,20130731,1,1,1,1
29,373992,2013,Qtr 3,Tháng Tám,29,20130829,1,1,1,1
29,329388,2013,Qtr 3,Tháng Chín,29,20130929,1,1,1,1
29,370560,2013,Qtr 4,Tháng Mười,29,20131029,1,1,1,1
29,360270,2013,Qtr 4,Tháng Mười Một,29,20131129,1,1,1,1
31,65981.1,2010,Qtr 4,Tháng Mười Hai,29,20101229,1,1,1,1
31,49290,2011,Qtr 1,Tháng Giêng,29,20110129,1,1,1,1
31,49815,2011,Qtr 1,Tháng Ba,1,20110301,1,1,1,1
31,56856,2011,Qtr 1,Tháng Ba,31,20110331,1,1,1,1
31,50539,2011,Qtr 2,Tháng Năm,1,20110501,1,1,1,1
31,40900,2011,Qtr 2,Tháng Năm,31,20110531,1,1,1,1
31,56332,2011,Qtr 3,Tháng Bảy,1,20110701,1,1,1,1
31,44596,2011,Qtr 3,Tháng Tám,1,20110801,1,1,1,1
31,55058,2011,Qtr 3,Tháng Tám,29,20110829,1,1,1,1
31,43297,2011,Qtr 3,Tháng Chín,29,20110929,1,1,1,1
31,51687,2011,Qtr 4,Tháng Mười,29,20111029,1,1,1,1
31,47917,2011,Qtr 4,Tháng Mười Một,29,20111129,1,1,1,1
31,56282,2011,Qtr 4,Tháng Mười Hai,29,20111229,1,1,1,1
31,65396,2012,Qtr 1,Tháng Giêng,29,20120129,1,1,1,1
31,78930,2012,Qtr 1,Tháng Hai,29,20120229,1,1,1,1
31,68068,2012,Qtr 1,Tháng Ba,30,20120330,1,1,1,1
31,52187,2012,Qtr 2,Tháng Tư,30,20120430,1,1,1,1
31,65396,2012,Qtr 2,Tháng Năm,30,20120530,1,1,1,1
31,80902,2012,Qtr 2,Tháng Sáu,30,20120630,1,1,1,1
31,54534,2012,Qtr 3,Tháng Bảy,31,20120731,1,1,1,1
31,62974,2012,Qtr 3,Tháng Tám,28,20120828,1,1,1,1
31,68068,2012,Qtr 3,Tháng Chín,28,20120928,1,1,1,1
31,74160,2012,Qtr 4,Tháng Mười,28,20121028,1,1,1,1
31,21516.05,2012,Qtr 4,Tháng Mười Một,28,20121128,1,1,1,1
31,90541,2012,Qtr 4,Tháng Mười Hai,28,20121228,1,1,1,1
31,104874,2013,Qtr 1,Tháng Giêng,28,20130128,1,1,1,1
31,92139,2013,Qtr 1,Tháng Hai,28,20130228,1,1,1,1
31,108869,2013,Qtr 1,Tháng Ba,30,20130330,1,1,1,1
31,100329,2013,Qtr 2,Tháng Tư,30,20130430,1,1,1,1
31,100329,2013,Qtr 2,Tháng Năm,30,20130530,1,1,1,1
31,108869,2013,Qtr 2,Tháng Sáu,30,20130630,1,1,1,1
31,80902,2013,Qtr 3,Tháng Bảy,31,20130731,1,1,1,1
31,83599,2013,Qtr 3,Tháng Tám,29,20130829,1,1,1,1
31,85497,2013,Qtr 3,Tháng Chín,29,20130929,1,1,1,1
31,75659,2013,Qtr 4,Tháng Mười,29,20131029,1,1,1,1
31,71913,2013,Qtr 4,Tháng Mười Một,29,20131129,1,1,1,1
32,25512.16,2010,Qtr 4,Tháng Mười Hai,29,20101229,1,1,1,1
32,34311,2011,Qtr 1,Tháng Giêng,29,20110129,1,1,1,1
32,30816,2011,Qtr 1,Tháng Ba,1,20110301,1,1,1,1
32,30181,2011,Qtr 1,Tháng Ba,31,20110331,1,1,1,1
32,30181,2011,Qtr 2,Tháng Năm,1,20110501,1,1,1,1
32,24653,2011,Qtr 2,Tháng Năm,31,20110531,1,1,1,1
32,32723,2011,Qtr 3,Tháng Bảy,1,20110701,1,1,1,1
32,27957,2011,Qtr 3,Tháng Tám,1,20110801,1,1,1,1
32,18680,2011,Qtr 3,Tháng Tám,29,20110829,1,1,1,1
32,24145,2011,Qtr 3,Tháng Chín,29,20110929,1,1,1,1
32,32087,2011,Qtr 4,Tháng Mười,29,20111029,1,1,1,1
32,23382,2011,Qtr 4,Tháng Mười Một,29,20111129,1,1,1,1
32,25524,2011,Qtr 4,Tháng Mười Hai,29,20111229,1,1,1,1
32,45018,2012,Qtr 1,Tháng Giêng,29,20120129,1,1,1,1
32,39648,2012,Qtr 1,Tháng Hai,29,20120229,1,1,1,1
32,38409,2012,Qtr 1,Tháng Ba,30,20120330,1,1,1,1
32,38822,2012,Qtr 2,Tháng Tư,30,20120430,1,1,1,1
32,42540,2012,Qtr 2,Tháng Năm,30,20120530,1,1,1,1
32,42953,2012,Qtr 2,Tháng Sáu,30,20120630,1,1,1,1
32,40061,2012,Qtr 3,Tháng Bảy,31,20120731,1,1,1,1
32,41714,2012,Qtr 3,Tháng Tám,28,20120828,1,1,1,1
32,41301,2012,Qtr 3,Tháng Chín,28,20120928,1,1,1,1
32,37583,2012,Qtr 4,Tháng Mười,28,20121028,1,1,1,1
32,8875.39,2012,Qtr 4,Tháng Mười Một,28,20121128,1,1,1,1
32,62904,2012,Qtr 4,Tháng Mười Hai,28,20121228,1,1,1,1
32,58329,2013,Qtr 1,Tháng Giêng,28,20130128,1,1,1,1
32,58329,2013,Qtr 1,Tháng Hai,28,20130228,1,1,1,1
32,56614,2013,Qtr 1,Tháng Ba,30,20130330,1,1,1,1
32,61760,2013,Qtr 2,Tháng Tư,30,20130430,1,1,1,1
32,52611,2013,Qtr 2,Tháng Năm,30,20130530,1,1,1,1
32,51467,2013,Qtr 2,Tháng Sáu,30,20130630,1,1,1,1
32,56614,2013,Qtr 3,Tháng Bảy,31,20130731,1,1,1,1
32,60045,2013,Qtr 3,Tháng Tám,29,20130829,1,1,1,1
32,54326,2013,Qtr 3,Tháng Chín,29,20130929,1,1,1,1
32,52611,2013,Qtr 4,Tháng Mười,29,20131029,1,1,1,1
32,58329,2013,Qtr 4,Tháng Mười Một,29,20131129,1,1,1,1
33,19174.17,2010,Qtr 4,Tháng Mười Hai,29,20101229,1,1,1,1
33,27705,2011,Qtr 1,Tháng Giêng,29,20110129,1,1,1,1
33,23976,2011,Qtr 1,Tháng Ba,1,20110301,1,1,1,1
33,27972,2011,Qtr 1,Tháng Ba,31,20110331,1,1,1,1
33,27972,2011,Qtr 2,Tháng Năm,1,20110501,1,1,1,1
33,21951,2011,Qtr 2,Tháng Năm,31,20110531,1,1,1,1
33,26640,2011,Qtr 3,Tháng Bảy,1,20110701,1,1,1,1
33,19393,2011,Qtr 3,Tháng Tám,1,20110801,1,1,1,1
33,26373,2011,Qtr 3,Tháng Tám,29,20110829,1,1,1,1
33,20672,2011,Qtr 3,Tháng Chín,29,20110929,1,1,1,1
33,25308,2011,Qtr 4,Tháng Mười,29,20111029,1,1,1,1
33,21738,2011,Qtr 4,Tháng Mười Một,29,20111129,1,1,1,1
33,25489,2011,Qtr 4,Tháng Mười Hai,29,20111229,1,1,1,1
33,36363,2012,Qtr 1,Tháng Giêng,29,20120129,1,1,1,1
33,31861,2012,Qtr 1,Tháng Hai,29,20120229,1,1,1,1
33,36709,2012,Qtr 1,Tháng Ba,30,20120330,1,1,1,1
33,29090,2012,Qtr 2,Tháng Tư,30,20120430,1,1,1,1
33,36709,2012,Qtr 2,Tháng Năm,30,20120530,1,1,1,1
33,35324,2012,Qtr 2,Tháng Sáu,30,20120630,1,1,1,1
33,25212,2012,Qtr 3,Tháng Bảy,31,20120731,1,1,1,1
33,37748,2012,Qtr 3,Tháng Tám,28,20120828,1,1,1,1
33,38095,2012,Qtr 3,Tháng Chín,28,20120928,1,1,1,1
33,36363,2012,Qtr 4,Tháng Mười,28,20121028,1,1,1,1
33,6853.01,2012,Qtr 4,Tháng Mười Một,28,20121128,1,1,1,1
33,49870,2012,Qtr 4,Tháng Mười Hai,28,20121228,1,1,1,1
33,47472,2013,Qtr 1,Tháng Giêng,28,20130128,1,1,1,1
33,45074,2013,Qtr 1,Tháng Hai,28,20130228,1,1,1,1
33,49390,2013,Qtr 1,Tháng Ba,30,20130330,1,1,1,1
33,46513,2013,Qtr 2,Tháng Tư,30,20130430,1,1,1,1
33,47472,2013,Qtr 2,Tháng Năm,30,20130530,1,1,1,1
33,46513,2013,Qtr 2,Tháng Sáu,30,20130630,1,1,1,1
33,41814,2013,Qtr 3,Tháng Bảy,31,20130731,1,1,1,1
33,39896,2013,Qtr 3,Tháng Tám,29,20130829,1,1,1,1
33,39128,2013,Qtr 3,Tháng Chín,29,20130929,1,1,1,1
33,37210,2013,Qtr 4,Tháng Mười,29,20131029,1,1,1,1
33,41046,2013,Qtr 4,Tháng Mười Một,29,20131129,1,1,1,1
34,24563.66,2010,Qtr 4,Tháng Mười Hai,29,20101229,1,1,1,1
34,11302,2011,Qtr 1,Tháng Giêng,29,20110129,1,1,1,1
34,12181,2011,Qtr 1,Tháng Ba,1,20110301,1,1,1,1
34,14833,2011,Qtr 1,Tháng Ba,31,20110331,1,1,1,1
34,17419,2011,Qtr 2,Tháng Năm,1,20110501,1,1,1,1
34,32652,2011,Qtr 2,Tháng Năm,31,20110531,1,1,1,1
34,21968,2011,Qtr 3,Tháng Bảy,1,20110701,1,1,1,1
34,25436,2011,Qtr 3,Tháng Tám,1,20110801,1,1,1,1
34,29015,2011,Qtr 3,Tháng Tám,29,20110829,1,1,1,1
34,29089,2011,Qtr 3,Tháng Chín,29,20110929,1,1,1,1
34,23060,2011,Qtr 4,Tháng Mười,29,20111029,1,1,1,1
34,25526,2011,Qtr 4,Tháng Mười Một,29,20111129,1,1,1,1
34,49272,2011,Qtr 4,Tháng Mười Hai,29,20111229,1,1,1,1
34,47202,2012,Qtr 1,Tháng Giêng,29,20120129,1,1,1,1
34,56854,2012,Qtr 1,Tháng Hai,29,20120229,1,1,1,1
34,58534,2012,Qtr 1,Tháng Ba,30,20120330,1,1,1,1
34,47905,2012,Qtr 2,Tháng Tư,30,20120430,1,1,1,1
34,45772,2012,Qtr 2,Tháng Năm,30,20120530,1,1,1,1
34,45299,2012,Qtr 2,Tháng Sáu,30,20120630,1,1,1,1
34,35261,2012,Qtr 3,Tháng Bảy,31,20120731,1,1,1,1
34,33810,2012,Qtr 3,Tháng Tám,28,20120828,1,1,1,1
34,37603,2012,Qtr 3,Tháng Chín,28,20120928,1,1,1,1
34,43445,2012,Qtr 4,Tháng Mười,28,20121028,1,1,1,1
34,505.02,2012,Qtr 4,Tháng Mười Một,28,20121128,1,1,1,1
34,46637,2012,Qtr 4,Tháng Mười Hai,28,20121228,1,1,1,1
34,45693,2013,Qtr 1,Tháng Giêng,28,20130128,1,1,1,1
34,45056,2013,Qtr 1,Tháng Hai,28,20130228,1,1,1,1
34,43767,2013,Qtr 1,Tháng Ba,30,20130330,1,1,1,1
34,35710,2013,Qtr 2,Tháng Tư,30,20130430,1,1,1,1
34,32392,2013,Qtr 2,Tháng Năm,30,20130530,1,1,1,1
34,31873,2013,Qtr 2,Tháng Sáu,30,20130630,1,1,1,1
34,30297,2013,Qtr 3,Tháng Bảy,31,20130731,1,1,1,1
34,28008,2013,Qtr 3,Tháng Tám,29,20130829,1,1,1,1
34,26306,2013,Qtr 3,Tháng Chín,29,20130929,1,1,1,1
34,32261,2013,Qtr 4,Tháng Mười,29,20131029,1,1,1,1
34,34853,2013,Qtr 4,Tháng Mười Một,29,20131129,1,1,1,1
35,28487.98,2010,Qtr 4,Tháng Mười Hai,29,20101229,1,1,1,1
35,119746,2011,Qtr 1,Tháng Giêng,29,20110129,1,1,1,1
35,89736,2011,Qtr 1,Tháng Ba,1,20110301,1,1,1,1
35,61585,2011,Qtr 1,Tháng Ba,31,20110331,1,1,1,1
35,171450,2011,Qtr 2,Tháng Năm,1,20110501,1,1,1,1
35,110306,2011,Qtr 2,Tháng Năm,31,20110531,1,1,1,1
35,51958,2011,Qtr 3,Tháng Bảy,1,20110701,1,1,1,1
35,113212,2011,Qtr 3,Tháng Tám,1,20110801,1,1,1,1
35,128171,2011,Qtr 3,Tháng Tám,29,20110829,1,1,1,1
35,61116,2011,Qtr 3,Tháng Chín,29,20110929,1,1,1,1
35,185480,2011,Qtr 4,Tháng Mười,29,20111029,1,1,1,1
35,85928,2011,Qtr 4,Tháng Mười Một,29,20111129,1,1,1,1
35,156291,2011,Qtr 4,Tháng Mười Hai,29,20111229,1,1,1,1
35,265721,2012,Qtr 1,Tháng Giêng,29,20120129,1,1,1,1
35,230625,2012,Qtr 1,Tháng Hai,29,20120229,1,1,1,1
35,157841,2012,Qtr 1,Tháng Ba,30,20120330,1,1,1,1
35,182345,2012,Qtr 2,Tháng Tư,30,20120430,1,1,1,1
35,189542,2012,Qtr 2,Tháng Năm,30,20120530,1,1,1,1
35,96969,2012,Qtr 2,Tháng Sáu,30,20120630,1,1,1,1
35,149950,2012,Qtr 3,Tháng Bảy,31,20120731,1,1,1,1
35,132822,2012,Qtr 3,Tháng Tám,28,20120828,1,1,1,1
35,154494,2012,Qtr 3,Tháng Chín,28,20120928,1,1,1,1
35,240695,2012,Qtr 4,Tháng Mười,28,20121028,1,1,1,1
35,33965.22,2012,Qtr 4,Tháng Mười Một,28,20121128,1,1,1,1
35,220551,2012,Qtr 4,Tháng Mười Hai,28,20121228,1,1,1,1
35,365793,2013,Qtr 1,Tháng Giêng,28,20130128,1,1,1,1
35,333504,2013,Qtr 1,Tháng Hai,28,20130228,1,1,1,1
35,174495,2013,Qtr 1,Tháng Ba,30,20130330,1,1,1,1
35,296321,2013,Qtr 2,Tháng Tư,30,20130430,1,1,1,1
35,287253,2013,Qtr 2,Tháng Năm,30,20130530,1,1,1,1
35,129629,2013,Qtr 2,Tháng Sáu,30,20130630,1,1,1,1
35,179918,2013,Qtr 3,Tháng Bảy,31,20130731,1,1,1,1
35,187599,2013,Qtr 3,Tháng Tám,29,20130829,1,1,1,1
35,148851,2013,Qtr 3,Tháng Chín,29,20130929,1,1,1,1
35,212240,2013,Qtr 4,Tháng Mười,29,20131029,1,1,1,1
35,234012,2013,Qtr 4,Tháng Mười Một,29,20131129,1,1,1,1
37,29377.39,2010,Qtr 4,Tháng Mười Hai,29,20101229,1,1,1,1
37,99993,2011,Qtr 1,Tháng Giêng,29,20110129,1,1,1,1
37,79921,2011,Qtr 1,Tháng Ba,1,20110301,1,1,1,1
37,54817,2011,Qtr 1,Tháng Ba,31,20110331,1,1,1,1
37,155982,2011,Qtr 2,Tháng Năm,1,20110501,1,1,1,1
37,89446,2011,Qtr 2,Tháng Năm,31,20110531,1,1,1,1
37,49331,2011,Qtr 3,Tháng Bảy,1,20110701,1,1,1,1
37,106273,2011,Qtr 3,Tháng Tám,1,20110801,1,1,1,1
37,58516,2011,Qtr 3,Tháng Tám,29,20110829,1,1,1,1
37,47874,2011,Qtr 3,Tháng Chín,29,20110929,1,1,1,1
37,162022,2011,Qtr 4,Tháng Mười,29,20111029,1,1,1,1
37,73429,2011,Qtr 4,Tháng Mười Một,29,20111129,1,1,1,1
37,99166,2011,Qtr 4,Tháng Mười Hai,29,20111229,1,1,1,1
37,249660,2012,Qtr 1,Tháng Giêng,29,20120129,1,1,1,1
37,218045,2012,Qtr 1,Tháng Hai,29,20120229,1,1,1,1
37,130327,2012,Qtr 1,Tháng Ba,30,20120330,1,1,1,1
37,213961,2012,Qtr 2,Tháng Tư,30,20120430,1,1,1,1
37,151633,2012,Qtr 2,Tháng Năm,30,20120530,1,1,1,1
37,90149,2012,Qtr 2,Tháng Sáu,30,20120630,1,1,1,1
37,173857,2012,Qtr 3,Tháng Bảy,31,20120731,1,1,1,1
37,122922,2012,Qtr 3,Tháng Tám,28,20120828,1,1,1,1
37,140394,2012,Qtr 3,Tháng Chín,28,20120928,1,1,1,1
37,204128,2012,Qtr 4,Tháng Mười,28,20121028,1,1,1,1
37,27817.23,2012,Qtr 4,Tháng Mười Một,28,20121128,1,1,1,1
37,192481,2012,Qtr 4,Tháng Mười Hai,28,20121228,1,1,1,1
37,297558,2013,Qtr 1,Tháng Giêng,28,20130128,1,1,1,1
37,287902,2013,Qtr 1,Tháng Hai,28,20130228,1,1,1,1
37,150432,2013,Qtr 1,Tháng Ba,30,20130330,1,1,1,1
37,271720,2013,Qtr 2,Tháng Tư,30,20130430,1,1,1,1
37,271200,2013,Qtr 2,Tháng Năm,30,20130530,1,1,1,1
37,121427,2013,Qtr 2,Tháng Sáu,30,20130630,1,1,1,1
37,206300,2013,Qtr 3,Tháng Bảy,31,20130731,1,1,1,1
37,183434,2013,Qtr 3,Tháng Tám,29,20130829,1,1,1,1
37,167458,2013,Qtr 3,Tháng Chín,29,20130929,1,1,1,1
37,229123,2013,Qtr 4,Tháng Mười,29,20131029,1,1,1,1
37,273197,2013,Qtr 4,Tháng Mười Một,29,20131129,1,1,1,1
38,24012.13,2010,Qtr 4,Tháng Mười Hai,29,20101229,1,1,1,1
38,35743,2011,Qtr 1,Tháng Giêng,29,20110129,1,1,1,1
38,36754,2011,Qtr 1,Tháng Ba,1,20110301,1,1,1,1
38,37092,2011,Qtr 1,Tháng Ba,31,20110331,1,1,1,1
38,35743,2011,Qtr 2,Tháng Năm,1,20110501,1,1,1,1
38,25357,2011,Qtr 2,Tháng Năm,31,20110531,1,1,1,1
38,34057,2011,Qtr 3,Tháng Bảy,1,20110701,1,1,1,1
38,25087,2011,Qtr 3,Tháng Tám,1,20110801,1,1,1,1
38,34057,2011,Qtr 3,Tháng Tám,29,20110829,1,1,1,1
38,25627,2011,Qtr 3,Tháng Chín,29,20110929,1,1,1,1
38,34394,2011,Qtr 4,Tháng Mười,29,20111029,1,1,1,1
38,26706,2011,Qtr 4,Tháng Mười Một,29,20111129,1,1,1,1
38,32263,2011,Qtr 4,Tháng Mười Hai,29,20111229,1,1,1,1
38,47781,2012,Qtr 1,Tháng Giêng,29,20120129,1,1,1,1
38,42082,2012,Qtr 1,Tháng Hai,29,20120229,1,1,1,1
38,45151,2012,Qtr 1,Tháng Ba,30,20120330,1,1,1,1
38,37523,2012,Qtr 2,Tháng Tư,30,20120430,1,1,1,1
38,48219,2012,Qtr 2,Tháng Năm,30,20120530,1,1,1,1
38,42959,2012,Qtr 2,Tháng Sáu,30,20120630,1,1,1,1
38,35419,2012,Qtr 3,Tháng Bảy,31,20120731,1,1,1,1
38,41644,2012,Qtr 3,Tháng Tám,28,20120828,1,1,1,1
38,41644,2012,Qtr 3,Tháng Chín,28,20120928,1,1,1,1
38,42959,2012,Qtr 4,Tháng Mười,28,20121028,1,1,1,1
38,9607.32,2012,Qtr 4,Tháng Mười Một,28,20121128,1,1,1,1
38,57661,2012,Qtr 4,Tháng Mười Hai,28,20121228,1,1,1,1
38,63730,2013,Qtr 1,Tháng Giêng,28,20130128,1,1,1,1
38,59482,2013,Qtr 1,Tháng Hai,28,20130228,1,1,1,1
38,55840,2013,Qtr 1,Tháng Ba,30,20130330,1,1,1,1
38,57661,2013,Qtr 2,Tháng Tư,30,20130430,1,1,1,1
38,61909,2013,Qtr 2,Tháng Năm,30,20130530,1,1,1,1
38,62516,2013,Qtr 2,Tháng Sáu,30,20130630,1,1,1,1
38,46614,2013,Qtr 3,Tháng Bảy,31,20130731,1,1,1,1
38,44186,2013,Qtr 3,Tháng Tám,29,20130829,1,1,1,1
38,51470,2013,Qtr 3,Tháng Chín,29,20130929,1,1,1,1
38,48556,2013,Qtr 4,Tháng Mười,29,20131029,1,1,1,1
38,50013,2013,Qtr 4,Tháng Mười Một,29,20131129,1,1,1,1
39,61744.66,2010,Qtr 4,Tháng Mười Hai,29,20101229,1,1,1,1
39,56107,2011,Qtr 1,Tháng Giêng,29,20110129,1,1,1,1
39,49815,2011,Qtr 1,Tháng Ba,1,20110301,1,1,1,1
39,61451,2011,Qtr 1,Tháng Ba,31,20110331,1,1,1,1
39,57680,2011,Qtr 2,Tháng Năm,1,20110501,1,1,1,1
39,45844,2011,Qtr 2,Tháng Năm,31,20110531,1,1,1,1
39,57530,2011,Qtr 3,Tháng Bảy,1,20110701,1,1,1,1
39,43173,2011,Qtr 3,Tháng Tám,1,20110801,1,1,1,1
39,35956,2011,Qtr 3,Tháng Tám,29,20110829,1,1,1,1
39,43297,2011,Qtr 3,Tháng Chín,29,20110929,1,1,1,1
39,55708,2011,Qtr 4,Tháng Mười,29,20111029,1,1,1,1
39,50289,2011,Qtr 4,Tháng Mười Một,29,20111129,1,1,1,1
39,45545,2011,Qtr 4,Tháng Mười Hai,29,20111229,1,1,1,1
39,60677,2012,Qtr 1,Tháng Giêng,29,20120129,1,1,1,1
39,78930,2012,Qtr 1,Tháng Hai,29,20120229,1,1,1,1
39,65895,2012,Qtr 1,Tháng Ba,30,20120330,1,1,1,1
39,79654,2012,Qtr 2,Tháng Tư,30,20120430,1,1,1,1
39,72812,2012,Qtr 2,Tháng Năm,30,20120530,1,1,1,1
39,73411,2012,Qtr 2,Tháng Sáu,30,20120630,1,1,1,1
39,68817,2012,Qtr 3,Tháng Bảy,31,20120731,1,1,1,1
39,67518,2012,Qtr 3,Tháng Tám,28,20120828,1,1,1,1
39,70964,2012,Qtr 3,Tháng Chín,28,20120928,1,1,1,1
39,66070,2012,Qtr 4,Tháng Mười,28,20121028,1,1,1,1
39,22472.45,2012,Qtr 4,Tháng Mười Một,28,20121128,1,1,1,1
39,97008,2012,Qtr 4,Tháng Mười Hai,28,20121228,1,1,1,1
39,92888,2013,Qtr 1,Tháng Giêng,28,20130128,1,1,1,1
39,95210,2013,Qtr 1,Tháng Hai,28,20130228,1,1,1,1
39,93887,2013,Qtr 1,Tháng Ba,30,20130330,1,1,1,1
39,110567,2013,Qtr 2,Tháng Tư,30,20130430,1,1,1,1
39,100329,2013,Qtr 2,Tháng Năm,30,20130530,1,1,1,1
39,107870,2013,Qtr 2,Tháng Sáu,30,20130630,1,1,1,1
39,92888,2013,Qtr 3,Tháng Bảy,31,20130731,1,1,1,1
39,112215,2013,Qtr 3,Tháng Tám,29,20130829,1,1,1,1
39,90141,2013,Qtr 3,Tháng Chín,29,20130929,1,1,1,1
39,101727,2013,Qtr 4,Tháng Mười,29,20131029,1,1,1,1
39,105173,2013,Qtr 4,Tháng Mười Một,29,20131129,1,1,1,1
40,23586.37,2010,Qtr 4,Tháng Mười Hai,29,20101229,1,1,1,1
40,34311,2011,Qtr 1,Tháng Giêng,29,20110129,1,1,1,1
40,28910,2011,Qtr 1,Tháng Ba,1,20110301,1,1,1,1
40,33040,2011,Qtr 1,Tháng Ba,31,20110331,1,1,1,1
40,30181,2011,Qtr 2,Tháng Năm,1,20110501,1,1,1,1
40,23636,2011,Qtr 2,Tháng Năm,31,20110531,1,1,1,1
40,30181,2011,Qtr 3,Tháng Bảy,1,20110701,1,1,1,1
40,26432,2011,Qtr 3,Tháng Tám,1,20110801,1,1,1,1
40,31452,2011,Qtr 3,Tháng Tám,29,20110829,1,1,1,1
40,24653,2011,Qtr 3,Tháng Chín,29,20110929,1,1,1,1
40,33676,2011,Qtr 4,Tháng Mười,29,20111029,1,1,1,1
40,25670,2011,Qtr 4,Tháng Mười Một,29,20111129,1,1,1,1
40,31058,2011,Qtr 4,Tháng Mười Hai,29,20111229,1,1,1,1
40,42953,2012,Qtr 1,Tháng Giêng,29,20120129,1,1,1,1
40,40474,2012,Qtr 1,Tháng Hai,29,20120229,1,1,1,1
40,41301,2012,Qtr 1,Tháng Ba,30,20120330,1,1,1,1
40,33371,2012,Qtr 2,Tháng Tư,30,20120430,1,1,1,1
40,37170,2012,Qtr 2,Tháng Năm,30,20120530,1,1,1,1
40,37583,2012,Qtr 2,Tháng Sáu,30,20120630,1,1,1,1
40,30727,2012,Qtr 3,Tháng Bảy,31,20120731,1,1,1,1
40,43366,2012,Qtr 3,Tháng Tám,28,20120828,1,1,1,1
40,38822,2012,Qtr 3,Tháng Chín,28,20120928,1,1,1,1
40,37996,2012,Qtr 4,Tháng Mười,28,20121028,1,1,1,1
40,9227.53,2012,Qtr 4,Tháng Mười Một,28,20121128,1,1,1,1
40,56614,2012,Qtr 4,Tháng Mười Hai,28,20121228,1,1,1,1
40,54326,2013,Qtr 1,Tháng Giêng,28,20130128,1,1,1,1
40,57757,2013,Qtr 1,Tháng Hai,28,20130228,1,1,1,1
40,58901,2013,Qtr 1,Tháng Ba,30,20130330,1,1,1,1
40,58329,2013,Qtr 2,Tháng Tư,30,20130430,1,1,1,1
40,53182,2013,Qtr 2,Tháng Năm,30,20130530,1,1,1,1
40,51467,2013,Qtr 2,Tháng Sáu,30,20130630,1,1,1,1
40,46206,2013,Qtr 3,Tháng Bảy,31,20130731,1,1,1,1
40,48951,2013,Qtr 3,Tháng Tám,29,20130829,1,1,1,1
40,48493,2013,Qtr 3,Tháng Chín,29,20130929,1,1,1,1
40,49408,2013,Qtr 4,Tháng Mười,29,20131029,1,1,1,1
40,43918,2013,Qtr 4,Tháng Mười Một,29,20131129,1,1,1,1
42,400000,2010,Qtr 4,Tháng Mười Hai,29,20101229,1,1,1,1
42,350000,2011,Qtr 4,Tháng Mười Hai,29,20111229,1,1,1,1
42,475000,2012,Qtr 4,Tháng Mười Hai,27,20121227,1,1,1,1
42,350000,2012,Qtr 4,Tháng Mười Hai,28,20121228,1,1,1,1
42,475000,2013,Qtr 4,Tháng Mười Hai,28,20131228,1,1,1,1
43,-830343.5,2010,Qtr 4,Tháng Mười Hai,29,20101229,1,1,1,1
43,405462,2011,Qtr 1,Tháng Giêng,29,20110129,1,1,1,1
43,52899,2011,Qtr 1,Tháng Ba,1,20110301,1,1,1,1
43,64733,2011,Qtr 1,Tháng Ba,31,20110331,1,1,1,1
43,16771,2011,Qtr 2,Tháng Năm,1,20110501,1,1,1,1
43,211042,2011,Qtr 2,Tháng Năm,31,20110531,1,1,1,1
43,98775,2011,Qtr 3,Tháng Bảy,1,20110701,1,1,1,1
43,302470,2011,Qtr 3,Tháng Tám,1,20110801,1,1,1,1
43,278149,2011,Qtr 3,Tháng Tám,29,20110829,1,1,1,1
43,133360,2011,Qtr 3,Tháng Chín,29,20110929,1,1,1,1
43,-99745,2011,Qtr 4,Tháng Mười,29,20111029,1,1,1,1
43,-101932,2011,Qtr 4,Tháng Mười Một,29,20111129,1,1,1,1
43,-152831,2011,Qtr 4,Tháng Mười Hai,29,20111229,1,1,1,1
43,1063634,2012,Qtr 1,Tháng Giêng,29,20120129,1,1,1,1
43,908238,2012,Qtr 1,Tháng Hai,29,20120229,1,1,1,1
43,939129,2012,Qtr 1,Tháng Ba,30,20120330,1,1,1,1
43,659279,2012,Qtr 2,Tháng Tư,30,20120430,1,1,1,1
43,440571,2012,Qtr 2,Tháng Năm,30,20120530,1,1,1,1
43,468595,2012,Qtr 2,Tháng Sáu,30,20120630,1,1,1,1
43,209423,2012,Qtr 3,Tháng Bảy,31,20120731,1,1,1,1
43,58681,2012,Qtr 3,Tháng Tám,28,20120828,1,1,1,1
43,533632,2012,Qtr 3,Tháng Chín,28,20120928,1,1,1,1
43,293715,2012,Qtr 4,Tháng Mười,28,20121028,1,1,1,1
43,-78029.69,2012,Qtr 4,Tháng Mười Một,28,20121128,1,1,1,1
43,-475000,2012,Qtr 4,Tháng Mười Hai,27,20121227,1,1,1,1
43,-321994,2012,Qtr 4,Tháng Mười Hai,28,20121228,1,1,1,1
43,319210,2013,Qtr 1,Tháng Giêng,28,20130128,1,1,1,1
43,518398,2013,Qtr 1,Tháng Hai,28,20130228,1,1,1,1
43,353338,2013,Qtr 1,Tháng Ba,30,20130330,1,1,1,1
43,-81887,2013,Qtr 2,Tháng Tư,30,20130430,1,1,1,1
43,10814,2013,Qtr 2,Tháng Năm,30,20130530,1,1,1,1
43,45600,2013,Qtr 2,Tháng Sáu,30,20130630,1,1,1,1
43,-120253,2013,Qtr 3,Tháng Bảy,31,20130731,1,1,1,1
43,112456,2013,Qtr 3,Tháng Tám,29,20130829,1,1,1,1
43,67766,2013,Qtr 3,Tháng Chín,29,20130929,1,1,1,1
43,66511,2013,Qtr 4,Tháng Mười,29,20131029,1,1,1,1
43,143099,2013,Qtr 4,Tháng Mười Một,29,20131129,1,1,1,1
43,-475000,2013,Qtr 4,Tháng Mười Hai,28,20131228,1,1,1,1
45,121290.3,2010,Qtr 4,Tháng Mười Hai,29,20101229,1,1,1,1
45,954914.7,2011,Qtr 4,Tháng Mười Hai,29,20111229,1,1,1,1
45,-60105.68,2012,Qtr 4,Tháng Mười Hai,28,20121228,1,1,1,1
46,-25508,2010,Qtr 4,Tháng Mười Hai,29,20101229,1,1,1,1
46,33431,2011,Qtr 1,Tháng Giêng,29,20110129,1,1,1,1
46,12108,2011,Qtr 1,Tháng Ba,1,20110301,1,1,1,1
46,12864,2011,Qtr 1,Tháng Ba,31,20110331,1,1,1,1
46,65087,2011,Qtr 2,Tháng Năm,1,20110501,1,1,1,1
46,244133,2011,Qtr 2,Tháng Năm,31,20110531,1,1,1,1
46,122829,2011,Qtr 3,Tháng Bảy,1,20110701,1,1,1,1
46,345056,2011,Qtr 3,Tháng Tám,1,20110801,1,1,1,1
46,181542,2011,Qtr 3,Tháng Tám,29,20110829,1,1,1,1
46,304242,2011,Qtr 3,Tháng Chín,29,20110929,1,1,1,1
46,267747,2011,Qtr 4,Tháng Mười,29,20111029,1,1,1,1
46,367673,2011,Qtr 4,Tháng Mười Một,29,20111129,1,1,1,1
46,136058,2011,Qtr 4,Tháng Mười Hai,29,20111229,1,1,1,1
46,263191,2012,Qtr 1,Tháng Giêng,29,20120129,1,1,1,1
46,341899,2012,Qtr 1,Tháng Hai,29,20120229,1,1,1,1
46,325705,2012,Qtr 1,Tháng Ba,30,20120330,1,1,1,1
46,497885,2012,Qtr 2,Tháng Tư,30,20120430,1,1,1,1
46,481038,2012,Qtr 2,Tháng Năm,30,20120530,1,1,1,1
46,466591,2012,Qtr 2,Tháng Sáu,30,20120630,1,1,1,1
46,553708,2012,Qtr 3,Tháng Bảy,31,20120731,1,1,1,1
46,416859,2012,Qtr 3,Tháng Tám,28,20120828,1,1,1,1
46,497316,2012,Qtr 3,Tháng Chín,28,20120928,1,1,1,1
46,560092,2012,Qtr 4,Tháng Mười,28,20121028,1,1,1,1
46,-60105.68,2012,Qtr 4,Tháng Mười Một,28,20121128,1,1,1,1
46,-40042,2012,Qtr 4,Tháng Mười Hai,28,20121228,1,1,1,1
46,64096,2013,Qtr 1,Tháng Giêng,28,20130128,1,1,1,1
46,227026,2013,Qtr 1,Tháng Hai,28,20130228,1,1,1,1
46,219964,2013,Qtr 1,Tháng Ba,30,20130330,1,1,1,1
46,171473,2013,Qtr 2,Tháng Tư,30,20130430,1,1,1,1
46,227566,2013,Qtr 2,Tháng Năm,30,20130530,1,1,1,1
46,161682,2013,Qtr 2,Tháng Sáu,30,20130630,1,1,1,1
46,804717,2013,Qtr 3,Tháng Bảy,31,20130731,1,1,1,1
46,877520,2013,Qtr 3,Tháng Tám,29,20130829,1,1,1,1
46,1005345,2013,Qtr 3,Tháng Chín,29,20130929,1,1,1,1
46,1071758,2013,Qtr 4,Tháng Mười,29,20131029,1,1,1,1
46,1175555,2013,Qtr 4,Tháng Mười Một,29,20131129,1,1,1,1
52,2102.64,2010,Qtr 4,Tháng Mười Hai,29,20101229,1,1,1,1
52,15733,2011,Qtr 1,Tháng Giêng,29,20110129,1,1,1,1
52,4772,2011,Qtr 1,Tháng Ba,1,20110301,1,1,1,1
52,3883,2011,Qtr 1,Tháng Ba,31,20110331,1,1,1,1
52,8357,2011,Qtr 2,Tháng Năm,1,20110501,1,1,1,1
52,6061,2011,Qtr 2,Tháng Năm,31,20110531,1,1,1,1
52,4467,2011,Qtr 3,Tháng Bảy,1,20110701,1,1,1,1
52,5613,2011,Qtr 3,Tháng Tám,1,20110801,1,1,1,1
52,10765,2011,Qtr 3,Tháng Tám,29,20110829,1,1,1,1
52,4256,2011,Qtr 3,Tháng Chín,29,20110929,1,1,1,1
52,21007.53,2011,Qtr 4,Tháng Mười,29,20111029,1,1,1,1
52,5483,2011,Qtr 4,Tháng Mười Một,29,20111129,1,1,1,1
52,35633,2011,Qtr 4,Tháng Mười Hai,29,20111229,1,1,1,1
52,30140,2012,Qtr 1,Tháng Giêng,29,20120129,1,1,1,1
52,333.74,2012,Qtr 1,Tháng Hai,29,20120229,1,1,1,1
52,4150,2012,Qtr 1,Tháng Ba,30,20120330,1,1,1,1
52,10558,2012,Qtr 2,Tháng Tư,30,20120430,1,1,1,1
52,51.82,2012,Qtr 2,Tháng Năm,30,20120530,1,1,1,1
52,13069,2012,Qtr 2,Tháng Sáu,30,20120630,1,1,1,1
52,18378,2012,Qtr 3,Tháng Bảy,31,20120731,1,1,1,1
52,53.95,2012,Qtr 3,Tháng Tám,28,20120828,1,1,1,1
52,33758,2012,Qtr 3,Tháng Chín,28,20120928,1,1,1,1
52,18467,2012,Qtr 4,Tháng Mười,28,20121028,1,1,1,1
52,101.82,2012,Qtr 4,Tháng Mười Một,28,20121128,1,1,1,1
52,25579,2012,Qtr 4,Tháng Mười Hai,28,20121228,1,1,1,1
52,20965,2013,Qtr 1,Tháng Giêng,28,20130128,1,1,1,1
52,30802,2013,Qtr 1,Tháng Hai,28,20130228,1,1,1,1
52,17459,2013,Qtr 1,Tháng Ba,30,20130330,1,1,1,1
52,5419,2013,Qtr 2,Tháng Tư,30,20130430,1,1,1,1
52,43426,2013,Qtr 2,Tháng Năm,30,20130530,1,1,1,1
52,13852,2013,Qtr 2,Tháng Sáu,30,20130630,1,1,1,1
52,8040,2013,Qtr 3,Tháng Bảy,31,20130731,1,1,1,1
52,6660,2013,Qtr 3,Tháng Tám,29,20130829,1,1,1,1
52,7707,2013,Qtr 3,Tháng Chín,29,20130929,1,1,1,1
52,5098,2013,Qtr 4,Tháng Mười,29,20131029,1,1,1,1
52,8151,2013,Qtr 4,Tháng Mười Một,29,20131129,1,1,1,1
53,4800,2010,Qtr 4,Tháng Mười Hai,29,20101229,1,1,1,2
53,8400,2011,Qtr 1,Tháng Giêng,29,20110129,1,1,1,2
53,9100,2011,Qtr 1,Tháng Ba,1,20110301,1,1,1,2
53,2200,2011,Qtr 1,Tháng Ba,31,20110331,1,1,1,2
53,20900,2011,Qtr 2,Tháng Năm,1,20110501,1,1,1,2
53,11300,2011,Qtr 2,Tháng Năm,31,20110531,1,1,1,2
53,6600,2011,Qtr 3,Tháng Bảy,1,20110701,1,1,1,2
53,1600,2011,Qtr 3,Tháng Tám,1,20110801,1,1,1,2
53,7689,2011,Qtr 3,Tháng Tám,29,20110829,1,1,1,1
53,6384,2011,Qtr 3,Tháng Chín,29,20110929,1,1,1,1
53,6000,2011,Qtr 4,Tháng Mười,29,20111029,1,1,1,2
53,4400,2011,Qtr 4,Tháng Mười Một,29,20111129,1,1,1,2
53,30542,2011,Qtr 4,Tháng Mười Hai,29,20111229,1,1,1,1
53,40959,2012,Qtr 1,Tháng Giêng,29,20120129,1,1,1,1
53,83.74,2012,Qtr 1,Tháng Hai,29,20120229,1,1,1,1
53,12451,2012,Qtr 1,Tháng Ba,30,20120330,1,1,1,1
53,19775,2012,Qtr 2,Tháng Tư,30,20120430,1,1,1,1
53,3383.8,2012,Qtr 2,Tháng Năm,30,20120530,1,1,1,1
53,9802,2012,Qtr 2,Tháng Sáu,30,20120630,1,1,1,1
53,19407,2012,Qtr 3,Tháng Bảy,31,20120731,1,1,1,1
53,3523.17,2012,Qtr 3,Tháng Tám,28,20120828,1,1,1,1
53,21701,2012,Qtr 3,Tháng Chín,28,20120928,1,1,1,1
53,34627,2012,Qtr 4,Tháng Mười,28,20121028,1,1,1,1
53,5020,2012,Qtr 4,Tháng Mười Một,28,20121128,1,1,1,1
53,9592,2012,Qtr 4,Tháng Mười Hai,28,20121228,1,1,1,1
53,4193,2013,Qtr 1,Tháng Giêng,28,20130128,1,1,1,1
53,5133,2013,Qtr 1,Tháng Hai,28,20130228,1,1,1,1
53,5819,2013,Qtr 1,Tháng Ba,30,20130330,1,1,1,1
53,16257,2013,Qtr 2,Tháng Tư,30,20130430,1,1,1,1
53,15658,2013,Qtr 2,Tháng Năm,30,20130530,1,1,1,1
53,20742,2013,Qtr 2,Tháng Sáu,30,20130630,1,1,1,1
53,3354,2013,Qtr 3,Tháng Bảy,31,20130731,1,1,1,1
53,14547,2013,Qtr 3,Tháng Tám,29,20130829,1,1,1,1
53,2569,2013,Qtr 3,Tháng Chín,29,20130929,1,1,1,1
53,26915,2013,Qtr 4,Tháng Mười,29,20131029,1,1,1,1
53,5325,2013,Qtr 4,Tháng Mười Một,29,20131129,1,1,1,1
54,211.69,2011,Qtr 1,Tháng Giêng,29,20110129,1,1,1,1
54,534,2011,Qtr 1,Tháng Ba,1,20110301,1,1,1,1
54,1,2011,Qtr 1,Tháng Ba,31,20110331,1,1,1,1
54,7,2011,Qtr 2,Tháng Năm,1,20110501,1,1,1,1
54,596,2011,Qtr 2,Tháng Năm,31,20110531,1,1,1,1
54,213.21,2011,Qtr 3,Tháng Bảy,1,20110701,1,1,1,1
54,1,2011,Qtr 3,Tháng Tám,1,20110801,1,1,1,1
54,2.6,2011,Qtr 3,Tháng Tám,29,20110829,1,1,1,1
54,0,2011,Qtr 3,Tháng Chín,29,20110929,1,1,1,2
54,29.87,2011,Qtr 4,Tháng Mười,29,20111029,1,1,1,1
54,23431,2011,Qtr 4,Tháng Mười Một,29,20111129,1,1,1,1
54,17446,2011,Qtr 4,Tháng Mười Hai,29,20111229,1,1,1,1
54,8860,2012,Qtr 1,Tháng Giêng,29,20120129,1,1,1,1
54,2698.68,2012,Qtr 1,Tháng Hai,29,20120229,1,1,1,1
54,507,2012,Qtr 1,Tháng Ba,30,20120330,1,1,1,1
54,438,2012,Qtr 2,Tháng Tư,30,20120430,1,1,1,1
54,7059,2012,Qtr 2,Tháng Năm,30,20120530,1,1,1,1
54,29,2012,Qtr 2,Tháng Sáu,30,20120630,1,1,1,1
54,265,2012,Qtr 3,Tháng Bảy,31,20120731,1,1,1,1
54,1254,2012,Qtr 3,Tháng Tám,28,20120828,1,1,1,1
54,862,2012,Qtr 3,Tháng Chín,28,20120928,1,1,1,1
54,2252,2012,Qtr 4,Tháng Mười,28,20121028,1,1,1,1
54,784,2012,Qtr 4,Tháng Mười Một,28,20121128,1,1,1,1
54,2770,2012,Qtr 4,Tháng Mười Hai,28,20121228,1,1,1,1
54,2995,2013,Qtr 1,Tháng Giêng,28,20130128,1,1,1,1
54,10324,2013,Qtr 1,Tháng Hai,28,20130228,1,1,1,1
54,442,2013,Qtr 1,Tháng Ba,30,20130330,1,1,1,1
54,309,2013,Qtr 2,Tháng Tư,30,20130430,1,1,1,1
54,75,2013,Qtr 2,Tháng Năm,30,20130530,1,1,1,1
54,11,2013,Qtr 2,Tháng Sáu,30,20130630,1,1,1,1
54,9,2013,Qtr 3,Tháng Bảy,31,20130731,1,1,1,1
54,38,2013,Qtr 3,Tháng Tám,29,20130829,1,1,1,1
54,151,2013,Qtr 3,Tháng Chín,29,20130929,1,1,1,1
54,1927.39,2013,Qtr 4,Tháng Mười,29,20131029,1,1,1,1
54,2117,2013,Qtr 4,Tháng Mười Một,29,20131129,1,1,1,1
56,73593.36,2010,Qtr 4,Tháng Mười Hai,29,20101229,1,1,1,1
56,87872,2011,Qtr 1,Tháng Giêng,29,20110129,1,1,1,1
56,52820,2011,Qtr 1,Tháng Ba,1,20110301,1,1,1,1
56,73700,2011,Qtr 1,Tháng Ba,31,20110331,1,1,1,2
56,83477,2011,Qtr 2,Tháng Năm,1,20110501,1,1,1,1
56,120100,2011,Qtr 2,Tháng Năm,31,20110531,1,1,1,2
56,64718,2011,Qtr 3,Tháng Bảy,1,20110701,1,1,1,1
56,87865,2011,Qtr 3,Tháng Tám,1,20110801,1,1,1,1
56,61152,2011,Qtr 3,Tháng Tám,29,20110829,1,1,1,1
56,46622,2011,Qtr 3,Tháng Chín,29,20110929,1,1,1,1
56,411400,2011,Qtr 4,Tháng Mười,29,20111029,1,1,1,2
56,78900,2011,Qtr 4,Tháng Mười Một,29,20111129,1,1,1,2
56,121025,2011,Qtr 4,Tháng Mười Hai,29,20111229,1,1,1,1
56,143041,2012,Qtr 1,Tháng Giêng,29,20120129,1,1,1,1
56,3311.46,2012,Qtr 1,Tháng Hai,29,20120229,1,1,1,1
56,108459,2012,Qtr 1,Tháng Ba,30,20120330,1,1,1,1
56,106519,2012,Qtr 2,Tháng Tư,30,20120430,1,1,1,1
56,420.98,2012,Qtr 2,Tháng Năm,30,20120530,1,1,1,1
56,91311,2012,Qtr 2,Tháng Sáu,30,20120630,1,1,1,1
56,96314,2012,Qtr 3,Tháng Bảy,31,20120731,1,1,1,1
56,1455.04,2012,Qtr 3,Tháng Tám,28,20120828,1,1,1,1
56,109446,2012,Qtr 3,Tháng Chín,28,20120928,1,1,1,1
56,123391,2012,Qtr 4,Tháng Mười,28,20121028,1,1,1,1
56,457.15,2012,Qtr 4,Tháng Mười Một,28,20121128,1,1,1,1
56,98436,2012,Qtr 4,Tháng Mười Hai,28,20121228,1,1,1,1
56,109291,2013,Qtr 1,Tháng Giêng,28,20130128,1,1,1,1
56,135925,2013,Qtr 1,Tháng Hai,28,20130228,1,1,1,1
56,89342,2013,Qtr 1,Tháng Ba,30,20130330,1,1,1,1
56,85948,2013,Qtr 2,Tháng Tư,30,20130430,1,1,1,1
56,116199,2013,Qtr 2,Tháng Năm,30,20130530,1,1,1,1
56,79120,2013,Qtr 2,Tháng Sáu,30,20130630,1,1,1,1
56,106185,2013,Qtr 3,Tháng Bảy,31,20130731,1,1,1,1
56,145753,2013,Qtr 3,Tháng Tám,29,20130829,1,1,1,1
56,90166,2013,Qtr 3,Tháng Chín,29,20130929,1,1,1,1
56,120144,2013,Qtr 4,Tháng Mười,29,20131029,1,1,1,1
56,162872,2013,Qtr 4,Tháng Mười Một,29,20131129,1,1,1,1
57,9600,2010,Qtr 4,Tháng Mười Hai,29,20101229,1,1,1,2
57,6900,2011,Qtr 1,Tháng Giêng,29,20110129,1,1,1,2
57,4400,2011,Qtr 1,Tháng Ba,1,20110301,1,1,1,2
57,2157,2011,Qtr 1,Tháng Ba,31,20110331,1,1,1,1
57,8300,2011,Qtr 2,Tháng Năm,1,20110501,1,1,1,2
57,3500,2011,Qtr 2,Tháng Năm,31,20110531,1,1,1,2
57,1400,2011,Qtr 3,Tháng Bảy,1,20110701,1,1,1,2
57,3700,2011,Qtr 3,Tháng Tám,1,20110801,1,1,1,2
57,5600,2011,Qtr 3,Tháng Tám,29,20110829,1,1,1,2
57,5320,2011,Qtr 3,Tháng Chín,29,20110929,1,1,1,1
57,11671,2011,Qtr 4,Tháng Mười,29,20111029,1,1,1,1
57,4569,2011,Qtr 4,Tháng Mười Một,29,20111129,1,1,1,1
57,25452,2011,Qtr 4,Tháng Mười Hai,29,20111229,1,1,1,1
57,30140,2012,Qtr 1,Tháng Giêng,29,20120129,1,1,1,1
57,5265.75,2012,Qtr 1,Tháng Hai,29,20120229,1,1,1,1
57,41506,2012,Qtr 1,Tháng Ba,30,20120330,1,1,1,1
57,13198,2012,Qtr 2,Tháng Tư,30,20120430,1,1,1,1
57,130.55,2012,Qtr 2,Tháng Năm,30,20120530,1,1,1,1
57,7364,2012,Qtr 2,Tháng Sáu,30,20120630,1,1,1,1
57,36756,2012,Qtr 3,Tháng Bảy,31,20120731,1,1,1,1
57,5871.08,2012,Qtr 3,Tháng Tám,28,20120828,1,1,1,1
57,36169,2012,Qtr 3,Tháng Chín,28,20120928,1,1,1,1
57,34000,2012,Qtr 4,Tháng Mười,28,20121028,1,1,1,1
57,5578.52,2012,Qtr 4,Tháng Mười Một,28,20121128,1,1,1,1
57,31973,2012,Qtr 4,Tháng Mười Hai,28,20121228,1,1,1,1
57,12579,2013,Qtr 1,Tháng Giêng,28,20130128,1,1,1,1
57,30802,2013,Qtr 1,Tháng Hai,28,20130228,1,1,1,1
57,17459,2013,Qtr 1,Tháng Ba,30,20130330,1,1,1,1
57,20321,2013,Qtr 2,Tháng Tư,30,20130430,1,1,1,1
57,8142,2013,Qtr 2,Tháng Năm,30,20130530,1,1,1,1
57,5936,2013,Qtr 2,Tháng Sáu,30,20130630,1,1,1,1
57,6030,2013,Qtr 3,Tháng Bảy,31,20130731,1,1,1,1
57,4995,2013,Qtr 3,Tháng Tám,29,20130829,1,1,1,1
57,14045,2013,Qtr 3,Tháng Chín,29,20130929,1,1,1,1
57,7647,2013,Qtr 4,Tháng Mười,29,20131029,1,1,1,1
57,18340,2013,Qtr 4,Tháng Mười Một,29,20131129,1,1,1,1
60,24000.01,2010,Qtr 4,Tháng Mười Hai,29,20101229,1,1,1,1
60,20020,2011,Qtr 1,Tháng Giêng,29,20110129,1,1,1,1
60,13720,2011,Qtr 1,Tháng Ba,1,20110301,1,1,1,1
60,21840,2011,Qtr 1,Tháng Ba,31,20110331,1,1,1,1
60,13020,2011,Qtr 2,Tháng Năm,1,20110501,1,1,1,1
60,23100,2011,Qtr 2,Tháng Năm,31,20110531,1,1,1,1
60,14800,2011,Qtr 3,Tháng Bảy,1,20110701,1,1,1,2
60,14800,2011,Qtr 3,Tháng Tám,1,20110801,1,1,1,2
60,14800,2011,Qtr 3,Tháng Tám,29,20110829,1,1,1,2
60,28100,2011,Qtr 3,Tháng Chín,29,20110929,1,1,1,2
60,19100,2011,Qtr 4,Tháng Mười,29,20111029,1,1,1,2
60,25806,2011,Qtr 4,Tháng Mười Một,29,20111129,1,1,1,1
60,68411,2011,Qtr 4,Tháng Mười Hai,29,20111229,1,1,1,1
60,67095,2012,Qtr 1,Tháng Giêng,29,20120129,1,1,1,1
60,2799.75,2012,Qtr 1,Tháng Hai,29,20120229,1,1,1,1
60,64584,2012,Qtr 1,Tháng Ba,30,20120330,1,1,1,1
60,105248,2012,Qtr 2,Tháng Tư,30,20120430,1,1,1,1
60,17367.04,2012,Qtr 2,Tháng Năm,30,20120530,1,1,1,1
60,61175,2012,Qtr 2,Tháng Sáu,30,20120630,1,1,1,1
60,82524,2012,Qtr 3,Tháng Bảy,31,20120731,1,1,1,1
60,1349.72,2012,Qtr 3,Tháng Tám,28,20120828,1,1,1,1
60,55614,2012,Qtr 3,Tháng Chín,28,20120928,1,1,1,1
60,53820,2012,Qtr 4,Tháng Mười,28,20121028,1,1,1,1
60,86112,2012,Qtr 4,Tháng Mười Một,28,20121128,1,1,1,1
60,61803,2012,Qtr 4,Tháng Mười Hai,28,20121228,1,1,1,1
60,75900,2013,Qtr 1,Tháng Giêng,28,20130128,1,1,1,1
60,68310,2013,Qtr 1,Tháng Hai,28,20130228,1,1,1,1
60,71760,2013,Qtr 1,Tháng Ba,30,20130330,1,1,1,1
60,46851,2013,Qtr 2,Tháng Tư,30,20130430,1,1,1,1
60,43953,2013,Qtr 2,Tháng Năm,30,20130530,1,1,1,1
60,53544,2013,Qtr 2,Tháng Sáu,30,20130630,1,1,1,1
60,76797,2013,Qtr 3,Tháng Bảy,31,20130731,1,1,1,1
60,74382,2013,Qtr 3,Tháng Tám,29,20130829,1,1,1,1
60,76797,2013,Qtr 3,Tháng Chín,29,20130929,1,1,1,1
60,80454,2013,Qtr 4,Tháng Mười,29,20131029,1,1,1,1
60,69069,2013,Qtr 4,Tháng Mười Một,29,20131129,1,1,1,1
61,1400,2010,Qtr 4,Tháng Mười Hai,29,20101229,1,1,1,2
61,2000,2011,Qtr 1,Tháng Giêng,29,20110129,1,1,1,2
61,480,2011,Qtr 1,Tháng Ba,1,20110301,1,1,1,2
61,1900,2011,Qtr 1,Tháng Ba,31,20110331,1,1,1,2
61,1900,2011,Qtr 2,Tháng Năm,1,20110501,1,1,1,2
61,1900,2011,Qtr 2,Tháng Năm,31,20110531,1,1,1,2
61,1300,2011,Qtr 3,Tháng Bảy,1,20110701,1,1,1,2
61,594,2011,Qtr 3,Tháng Tám,1,20110801,1,1,1,1
61,1602,2011,Qtr 3,Tháng Tám,29,20110829,1,1,1,1
61,2284,2011,Qtr 3,Tháng Chín,29,20110929,1,1,1,1
61,2407.19,2011,Qtr 4,Tháng Mười,29,20111029,1,1,1,1
61,2913,2011,Qtr 4,Tháng Mười Một,29,20111129,1,1,1,1
61,8423,2011,Qtr 4,Tháng Mười Hai,29,20111229,1,1,1,1
61,3899,2012,Qtr 1,Tháng Giêng,29,20120129,1,1,1,1
61,152.89,2012,Qtr 1,Tháng Hai,29,20120229,1,1,1,1
61,2307,2012,Qtr 1,Tháng Ba,30,20120330,1,1,1,1
61,8639,2012,Qtr 2,Tháng Tư,30,20120430,1,1,1,1
61,163.53,2012,Qtr 2,Tháng Năm,30,20120530,1,1,1,1
61,2739,2012,Qtr 2,Tháng Sáu,30,20120630,1,1,1,1
61,9314,2012,Qtr 3,Tháng Bảy,31,20120731,1,1,1,1
61,139.06,2012,Qtr 3,Tháng Tám,28,20120828,1,1,1,1
61,5706,2012,Qtr 3,Tháng Chín,28,20120928,1,1,1,1
61,1153,2012,Qtr 4,Tháng Mười,28,20121028,1,1,1,1
61,9719,2012,Qtr 4,Tháng Mười Một,28,20121128,1,1,1,1
61,1964,2012,Qtr 4,Tháng Mười Hai,28,20121228,1,1,1,1
61,7788,2013,Qtr 1,Tháng Giêng,28,20130128,1,1,1,1
61,7009,2013,Qtr 1,Tháng Hai,28,20130228,1,1,1,1
61,6626,2013,Qtr 1,Tháng Ba,30,20130330,1,1,1,1
61,4807,2013,Qtr 2,Tháng Tư,30,20130430,1,1,1,1
61,2083,2013,Qtr 2,Tháng Năm,30,20130530,1,1,1,1
61,1733,2013,Qtr 2,Tháng Sáu,30,20130630,1,1,1,1
61,7880,2013,Qtr 3,Tháng Bảy,31,20130731,1,1,1,1
61,7632,2013,Qtr 3,Tháng Tám,29,20130829,1,1,1,1
61,7880,2013,Qtr 3,Tháng Chín,29,20130929,1,1,1,1
61,8255,2013,Qtr 4,Tháng Mười,29,20131029,1,1,1,1
61,8504,2013,Qtr 4,Tháng Mười Một,29,20131129,1,1,1,1
62,1201.1,2010,Qtr 4,Tháng Mười Hai,29,20101229,1,1,1,1
62,2002,2011,Qtr 1,Tháng Giêng,29,20110129,1,1,1,1
62,1098,2011,Qtr 1,Tháng Ba,1,20110301,1,1,1,1
62,1092,2011,Qtr 1,Tháng Ba,31,20110331,1,1,1,1
62,781,2011,Qtr 2,Tháng Năm,1,20110501,1,1,1,1
62,1500,2011,Qtr 2,Tháng Năm,31,20110531,1,1,1,2
62,850,2011,Qtr 3,Tháng Bảy,1,20110701,1,1,1,2
62,850,2011,Qtr 3,Tháng Tám,1,20110801,1,1,1,2
62,1019,2011,Qtr 3,Tháng Tám,29,20110829,1,1,1,1
62,2200,2011,Qtr 3,Tháng Chín,29,20110929,1,1,1,2
62,1969.3,2011,Qtr 4,Tháng Mười,29,20111029,1,1,1,1
62,2648,2011,Qtr 4,Tháng Mười Một,29,20111129,1,1,1,1
62,4913,2011,Qtr 4,Tháng Mười Hai,29,20111229,1,1,1,1
62,5507,2012,Qtr 1,Tháng Giêng,29,20120129,1,1,1,1
62,173.1,2012,Qtr 1,Tháng Hai,29,20120229,1,1,1,1
62,4638,2012,Qtr 1,Tháng Ba,30,20120330,1,1,1,1
62,6479,2012,Qtr 2,Tháng Tư,30,20120430,1,1,1,1
62,280.55,2012,Qtr 2,Tháng Năm,30,20120530,1,1,1,1
62,5021,2012,Qtr 2,Tháng Sáu,30,20120630,1,1,1,1
62,7620,2012,Qtr 3,Tháng Bảy,31,20120731,1,1,1,1
62,69.91,2012,Qtr 3,Tháng Tám,28,20120828,1,1,1,1
62,3994,2012,Qtr 3,Tháng Chín,28,20120928,1,1,1,1
62,4970,2012,Qtr 4,Tháng Mười,28,20121028,1,1,1,1
62,7952,2012,Qtr 4,Tháng Mười Một,28,20121128,1,1,1,1
62,4439,2012,Qtr 4,Tháng Mười Hai,28,20121228,1,1,1,1
62,3894,2013,Qtr 1,Tháng Giêng,28,20130128,1,1,1,1
62,3504,2013,Qtr 1,Tháng Hai,28,20130228,1,1,1,1
62,6626,2013,Qtr 1,Tháng Ba,30,20130330,1,1,1,1
62,2403,2013,Qtr 2,Tháng Tư,30,20130430,1,1,1,1
62,2255,2013,Qtr 2,Tháng Năm,30,20130530,1,1,1,1
62,3845,2013,Qtr 2,Tháng Sáu,30,20130630,1,1,1,1
62,7880,2013,Qtr 3,Tháng Bảy,31,20130731,1,1,1,1
62,5342,2013,Qtr 3,Tháng Tám,29,20130829,1,1,1,1
62,7880,2013,Qtr 3,Tháng Chín,29,20130929,1,1,1,1
62,8255,2013,Qtr 4,Tháng Mười,29,20131029,1,1,1,1
62,3543,2013,Qtr 4,Tháng Mười Một,29,20131129,1,1,1,1
63,7300,2010,Qtr 4,Tháng Mười Hai,29,20101229,1,1,1,2
63,2400,2011,Qtr 1,Tháng Giêng,29,20110129,1,1,1,2
63,2400,2011,Qtr 1,Tháng Ba,1,20110301,1,1,1,2
63,2600,2011,Qtr 1,Tháng Ba,31,20110331,1,1,1,2
63,2600,2011,Qtr 2,Tháng Năm,1,20110501,1,1,1,2
63,6100,2011,Qtr 2,Tháng Năm,31,20110531,1,1,1,2
63,1900,2011,Qtr 3,Tháng Bảy,1,20110701,1,1,1,2
63,1900,2011,Qtr 3,Tháng Tám,1,20110801,1,1,1,2
63,1538,2011,Qtr 3,Tháng Tám,29,20110829,1,1,1,1
63,3400,2011,Qtr 3,Tháng Chín,29,20110929,1,1,1,2
63,14004.37,2011,Qtr 4,Tháng Mười,29,20111029,1,1,1,1
63,3400,2011,Qtr 4,Tháng Mười Một,29,20111129,1,1,1,2
63,10180,2011,Qtr 4,Tháng Mười Hai,29,20111229,1,1,1,1
63,14791,2012,Qtr 1,Tháng Giêng,29,20120129,1,1,1,1
63,11.4,2012,Qtr 1,Tháng Hai,29,20120229,1,1,1,1
63,20753,2012,Qtr 1,Tháng Ba,30,20120330,1,1,1,1
63,11425,2012,Qtr 2,Tháng Tư,30,20120430,1,1,1,1
63,6.08,2012,Qtr 2,Tháng Năm,30,20120530,1,1,1,1
63,9802,2012,Qtr 2,Tháng Sáu,30,20120630,1,1,1,1
63,11027,2012,Qtr 3,Tháng Bảy,31,20120731,1,1,1,1
63,1566.75,2012,Qtr 3,Tháng Tám,28,20120828,1,1,1,1
63,14467,2012,Qtr 3,Tháng Chín,28,20120928,1,1,1,1
63,18467,2012,Qtr 4,Tháng Mười,28,20121028,1,1,1,1
63,2231.65,2012,Qtr 4,Tháng Mười Một,28,20121128,1,1,1,1
63,4796,2012,Qtr 4,Tháng Mười Hai,28,20121228,1,1,1,1
63,9434,2013,Qtr 1,Tháng Giêng,28,20130128,1,1,1,1
63,11551,2013,Qtr 1,Tháng Hai,28,20130228,1,1,1,1
63,8729,2013,Qtr 1,Tháng Ba,30,20130330,1,1,1,1
63,8129,2013,Qtr 2,Tháng Tư,30,20130430,1,1,1,1
63,27141,2013,Qtr 2,Tháng Năm,30,20130530,1,1,1,1
63,2968,2013,Qtr 2,Tháng Sáu,30,20130630,1,1,1,1
63,3015,2013,Qtr 3,Tháng Bảy,31,20130731,1,1,1,1
63,12488,2013,Qtr 3,Tháng Tám,29,20130829,1,1,1,1
63,5780,2013,Qtr 3,Tháng Chín,29,20130929,1,1,1,1
63,9559,2013,Qtr 4,Tháng Mười,29,20131029,1,1,1,1
63,6113,2013,Qtr 4,Tháng Mười Một,29,20131129,1,1,1,1
65,243.51,2010,Qtr 4,Tháng Mười Hai,29,20101229,1,1,1,1
65,380,2011,Qtr 1,Tháng Giêng,29,20110129,1,1,1,2
65,252,2011,Qtr 1,Tháng Ba,1,20110301,1,1,1,1
65,380,2011,Qtr 1,Tháng Ba,31,20110331,1,1,1,2
65,196,2011,Qtr 2,Tháng Năm,1,20110501,1,1,1,1
65,380,2011,Qtr 2,Tháng Năm,31,20110531,1,1,1,2
65,180,2011,Qtr 3,Tháng Bảy,1,20110701,1,1,1,1
65,244,2011,Qtr 3,Tháng Tám,1,20110801,1,1,1,1
65,236,2011,Qtr 3,Tháng Tám,29,20110829,1,1,1,1
65,363,2011,Qtr 3,Tháng Chín,29,20110929,1,1,1,1
65,200,2011,Qtr 4,Tháng Mười,29,20111029,1,1,1,2
65,462,2011,Qtr 4,Tháng Mười Một,29,20111129,1,1,1,1
65,660,2011,Qtr 4,Tháng Mười Hai,29,20111229,1,1,1,1
65,726,2012,Qtr 1,Tháng Giêng,29,20120129,1,1,1,1
65,24.16,2012,Qtr 1,Tháng Hai,29,20120229,1,1,1,1
65,580,2012,Qtr 1,Tháng Ba,30,20120330,1,1,1,1
65,864,2012,Qtr 2,Tháng Tư,30,20120430,1,1,1,1
65,36.93,2012,Qtr 2,Tháng Năm,30,20120530,1,1,1,1
65,770,2012,Qtr 2,Tháng Sáu,30,20120630,1,1,1,1
65,1200,2012,Qtr 3,Tháng Bảy,31,20120731,1,1,1,1
65,10.33,2012,Qtr 3,Tháng Tám,28,20120828,1,1,1,1
65,650,2012,Qtr 3,Tháng Chín,28,20120928,1,1,1,1
65,720,2012,Qtr 4,Tháng Mười,28,20121028,1,1,1,1
65,1125,2012,Qtr 4,Tháng Mười Một,28,20121128,1,1,1,1
65,614,2012,Qtr 4,Tháng Mười Hai,28,20121228,1,1,1,1
65,690,2013,Qtr 1,Tháng Giêng,28,20130128,1,1,1,1
65,693,2013,Qtr 1,Tháng Hai,28,20130228,1,1,1,1
65,1185,2013,Qtr 1,Tháng Ba,30,20130330,1,1,1,1
65,473,2013,Qtr 2,Tháng Tư,30,20130430,1,1,1,1
65,452,2013,Qtr 2,Tháng Năm,30,20130530,1,1,1,1
65,708,2013,Qtr 2,Tháng Sáu,30,20130630,1,1,1,1
65,1307,2013,Qtr 3,Tháng Bảy,31,20130731,1,1,1,1
65,1007,2013,Qtr 3,Tháng Tám,29,20130829,1,1,1,1
65,1292,2013,Qtr 3,Tháng Chín,29,20130929,1,1,1,1
65,1419,2013,Qtr 4,Tháng Mười,29,20131029,1,1,1,1
65,776,2013,Qtr 4,Tháng Mười Một,29,20131129,1,1,1,1
66,200,2010,Qtr 4,Tháng Mười Hai,29,20101229,1,1,1,2
66,445,2011,Qtr 1,Tháng Giêng,29,20110129,1,1,1,1
66,101,2011,Qtr 1,Tháng Ba,1,20110301,1,1,1,1
66,246,2011,Qtr 1,Tháng Ba,31,20110331,1,1,1,1
66,315,2011,Qtr 2,Tháng Năm,1,20110501,1,1,1,1
66,420,2011,Qtr 2,Tháng Năm,31,20110531,1,1,1,1
66,164,2011,Qtr 3,Tháng Bảy,1,20110701,1,1,1,1
66,68,2011,Qtr 3,Tháng Tám,1,20110801,1,1,1,1
66,200,2011,Qtr 3,Tháng Tám,29,20110829,1,1,1,2
66,380,2011,Qtr 3,Tháng Chín,29,20110929,1,1,1,2
66,200,2011,Qtr 4,Tháng Mười,29,20111029,1,1,1,2
66,380,2011,Qtr 4,Tháng Mười Một,29,20111129,1,1,1,2
66,600,2011,Qtr 4,Tháng Mười Hai,29,20111229,1,1,1,1
66,713,2012,Qtr 1,Tháng Giêng,29,20120129,1,1,1,1
66,16.72,2012,Qtr 1,Tháng Hai,29,20120229,1,1,1,1
66,218,2012,Qtr 1,Tháng Ba,30,20120330,1,1,1,1
66,786,2012,Qtr 2,Tháng Tư,30,20120430,1,1,1,1
66,14.59,2012,Qtr 2,Tháng Năm,30,20120530,1,1,1,1
66,323,2012,Qtr 2,Tháng Sáu,30,20120630,1,1,1,1
66,1092,2012,Qtr 3,Tháng Bảy,31,20120731,1,1,1,1
66,10.33,2012,Qtr 3,Tháng Tám,28,20120828,1,1,1,1
66,591,2012,Qtr 3,Tháng Chín,28,20120928,1,1,1,1
66,141,2012,Qtr 4,Tháng Mười,28,20121028,1,1,1,1
66,1023,2012,Qtr 4,Tháng Mười Một,28,20121128,1,1,1,1
66,167,2012,Qtr 4,Tháng Mười Hai,28,20121228,1,1,1,1
66,628,2013,Qtr 1,Tháng Giêng,28,20130128,1,1,1,1
66,630,2013,Qtr 1,Tháng Hai,28,20130228,1,1,1,1
66,1078,2013,Qtr 1,Tháng Ba,30,20130330,1,1,1,1
66,430,2013,Qtr 2,Tháng Tư,30,20130430,1,1,1,1
66,191,2013,Qtr 2,Tháng Năm,30,20130530,1,1,1,1
66,167,2013,Qtr 2,Tháng Sáu,30,20130630,1,1,1,1
66,1190,2013,Qtr 3,Tháng Bảy,31,20130731,1,1,1,1
66,916,2013,Qtr 3,Tháng Tám,29,20130829,1,1,1,1
66,1175,2013,Qtr 3,Tháng Chín,29,20130929,1,1,1,1
66,1291,2013,Qtr 4,Tháng Mười,29,20131029,1,1,1,1
66,705,2013,Qtr 4,Tháng Mười Một,29,20131129,1,1,1,1
67,122.3,2010,Qtr 4,Tháng Mười Hai,29,20101229,1,1,1,1
67,200,2011,Qtr 1,Tháng Giêng,29,20110129,1,1,1,2
67,116,2011,Qtr 1,Tháng Ba,1,20110301,1,1,1,1
67,200,2011,Qtr 1,Tháng Ba,31,20110331,1,1,1,2
67,91,2011,Qtr 2,Tháng Năm,1,20110501,1,1,1,1
67,209,2011,Qtr 2,Tháng Năm,31,20110531,1,1,1,1
67,100,2011,Qtr 3,Tháng Bảy,1,20110701,1,1,1,2
67,112,2011,Qtr 3,Tháng Tám,1,20110801,1,1,1,1
67,100,2011,Qtr 3,Tháng Tám,29,20110829,1,1,1,2
67,165,2011,Qtr 3,Tháng Chín,29,20110929,1,1,1,1
67,155.63,2011,Qtr 4,Tháng Mười,29,20111029,1,1,1,1
67,209,2011,Qtr 4,Tháng Mười Một,29,20111129,1,1,1,1
67,308,2011,Qtr 4,Tháng Mười Hai,29,20111229,1,1,1,1
67,341,2012,Qtr 1,Tháng Giêng,29,20120129,1,1,1,1
67,11.4,2012,Qtr 1,Tháng Hai,29,20120229,1,1,1,1
67,270,2012,Qtr 1,Tháng Ba,30,20120330,1,1,1,1
67,400,2012,Qtr 2,Tháng Tư,30,20120430,1,1,1,1
67,17.78,2012,Qtr 2,Tháng Năm,30,20120530,1,1,1,1
67,352,2012,Qtr 2,Tháng Sáu,30,20120630,1,1,1,1
67,540,2012,Qtr 3,Tháng Bảy,31,20120731,1,1,1,1
67,5.01,2012,Qtr 3,Tháng Tám,28,20120828,1,1,1,1
67,300,2012,Qtr 3,Tháng Chín,28,20120928,1,1,1,1
67,324,2012,Qtr 4,Tháng Mười,28,20121028,1,1,1,1
67,510,2012,Qtr 4,Tháng Mười Một,28,20121128,1,1,1,1
67,283,2012,Qtr 4,Tháng Mười Hai,28,20121228,1,1,1,1
67,330,2013,Qtr 1,Tháng Giêng,28,20130128,1,1,1,1
67,347,2013,Qtr 1,Tháng Hai,28,20130228,1,1,1,1
67,540,2013,Qtr 1,Tháng Ba,30,20130330,1,1,1,1
67,231,2013,Qtr 2,Tháng Tư,30,20130430,1,1,1,1
67,221,2013,Qtr 2,Tháng Năm,30,20130530,1,1,1,1
67,336,2013,Qtr 2,Tháng Sáu,30,20130630,1,1,1,1
67,583,2013,Qtr 3,Tháng Bảy,31,20130731,1,1,1,1
67,462,2013,Qtr 3,Tháng Tám,29,20130829,1,1,1,1
67,583,2013,Qtr 3,Tháng Chín,29,20130929,1,1,1,1
67,627,2013,Qtr 4,Tháng Mười,29,20131029,1,1,1,1
67,380,2013,Qtr 4,Tháng Mười Một,29,20131129,1,1,1,1
68,70,2010,Qtr 4,Tháng Mười Hai,29,20101229,1,1,1,2
68,165,2011,Qtr 1,Tháng Giêng,29,20110129,1,1,1,1
68,38,2011,Qtr 1,Tháng Ba,1,20110301,1,1,1,1
68,96,2011,Qtr 1,Tháng Ba,31,20110331,1,1,1,1
68,121,2011,Qtr 2,Tháng Năm,1,20110501,1,1,1,1
68,154,2011,Qtr 2,Tháng Năm,31,20110531,1,1,1,1
68,64,2011,Qtr 3,Tháng Bảy,1,20110701,1,1,1,1
68,30,2011,Qtr 3,Tháng Tám,1,20110801,1,1,1,2
68,84,2011,Qtr 3,Tháng Tám,29,20110829,1,1,1,1
68,127,2011,Qtr 3,Tháng Chín,29,20110929,1,1,1,1
68,80,2011,Qtr 4,Tháng Mười,29,20111029,1,1,1,2
68,154,2011,Qtr 4,Tháng Mười Một,29,20111129,1,1,1,1
68,231,2011,Qtr 4,Tháng Mười Hai,29,20111229,1,1,1,1
68,280,2012,Qtr 1,Tháng Giêng,29,20120129,1,1,1,1
68,7.14,2012,Qtr 1,Tháng Hai,29,20120229,1,1,1,1
68,84,2012,Qtr 1,Tháng Ba,30,20120330,1,1,1,1
68,304,2012,Qtr 2,Tháng Tư,30,20120430,1,1,1,1
68,6.08,2012,Qtr 2,Tháng Năm,30,20120530,1,1,1,1
68,120,2012,Qtr 2,Tháng Sáu,30,20120630,1,1,1,1
68,405,2012,Qtr 3,Tháng Bảy,31,20120731,1,1,1,1
68,3.95,2012,Qtr 3,Tháng Tám,28,20120828,1,1,1,1
68,220,2012,Qtr 3,Tháng Chín,28,20120928,1,1,1,1
68,54,2012,Qtr 4,Tháng Mười,28,20121028,1,1,1,1
68,390,2012,Qtr 4,Tháng Mười Một,28,20121128,1,1,1,1
68,63,2012,Qtr 4,Tháng Mười Hai,28,20121228,1,1,1,1
68,255,2013,Qtr 1,Tháng Giêng,28,20130128,1,1,1,1
68,248,2013,Qtr 1,Tháng Hai,28,20130228,1,1,1,1
68,405,2013,Qtr 1,Tháng Ba,30,20130330,1,1,1,1
68,168,2013,Qtr 2,Tháng Tư,30,20130430,1,1,1,1
68,75,2013,Qtr 2,Tháng Năm,30,20130530,1,1,1,1
68,68,2013,Qtr 2,Tháng Sáu,30,20130630,1,1,1,1
68,441,2013,Qtr 3,Tháng Bảy,31,20130731,1,1,1,1
68,347,2013,Qtr 3,Tháng Tám,29,20130829,1,1,1,1
68,441,2013,Qtr 3,Tháng Chín,29,20130929,1,1,1,1
68,479,2013,Qtr 4,Tháng Mười,29,20131029,1,1,1,1
68,281,2013,Qtr 4,Tháng Mười Một,29,20131129,1,1,1,1
69,25.32,2010,Qtr 4,Tháng Mười Hai,29,20101229,1,1,1,1
69,49,2011,Qtr 1,Tháng Giêng,29,20110129,1,1,1,1
69,25,2011,Qtr 1,Tháng Ba,1,20110301,1,1,1,1
69,27,2011,Qtr 1,Tháng Ba,31,20110331,1,1,1,1
69,20,2011,Qtr 2,Tháng Năm,1,20110501,1,1,1,1
69,46,2011,Qtr 2,Tháng Năm,31,20110531,1,1,1,1
69,18,2011,Qtr 3,Tháng Bảy,1,20110701,1,1,1,1
69,24,2011,Qtr 3,Tháng Tám,1,20110801,1,1,1,1
69,24,2011,Qtr 3,Tháng Tám,29,20110829,1,1,1,1
69,36,2011,Qtr 3,Tháng Chín,29,20110929,1,1,1,1
69,34.42,2011,Qtr 4,Tháng Mười,29,20111029,1,1,1,1
69,46,2011,Qtr 4,Tháng Mười Một,29,20111129,1,1,1,1
69,66,2011,Qtr 4,Tháng Mười Hai,29,20111229,1,1,1,1
69,73,2012,Qtr 1,Tháng Giêng,29,20120129,1,1,1,1
69,2.89,2012,Qtr 1,Tháng Hai,29,20120229,1,1,1,1
69,58,2012,Qtr 1,Tháng Ba,30,20120330,1,1,1,1
69,86,2012,Qtr 2,Tháng Tư,30,20120430,1,1,1,1
69,3.95,2012,Qtr 2,Tháng Năm,30,20120530,1,1,1,1
69,77,2012,Qtr 2,Tháng Sáu,30,20120630,1,1,1,1
69,120,2012,Qtr 3,Tháng Bảy,31,20120731,1,1,1,1
69,1.82,2012,Qtr 3,Tháng Tám,28,20120828,1,1,1,1
69,65,2012,Qtr 3,Tháng Chín,28,20120928,1,1,1,1
69,72,2012,Qtr 4,Tháng Mười,28,20121028,1,1,1,1
69,113,2012,Qtr 4,Tháng Mười Một,28,20121128,1,1,1,1
69,61,2012,Qtr 4,Tháng Mười Hai,28,20121228,1,1,1,1
69,69,2013,Qtr 1,Tháng Giêng,28,20130128,1,1,1,1
69,69,2013,Qtr 1,Tháng Hai,28,20130228,1,1,1,1
69,119,2013,Qtr 1,Tháng Ba,30,20130330,1,1,1,1
69,47,2013,Qtr 2,Tháng Tư,30,20130430,1,1,1,1
69,45,2013,Qtr 2,Tháng Năm,30,20130530,1,1,1,1
69,71,2013,Qtr 2,Tháng Sáu,30,20130630,1,1,1,1
69,131,2013,Qtr 3,Tháng Bảy,31,20130731,1,1,1,1
69,101,2013,Qtr 3,Tháng Tám,29,20130829,1,1,1,1
69,129,2013,Qtr 3,Tháng Chín,29,20130929,1,1,1,1
69,142,2013,Qtr 4,Tháng Mười,29,20131029,1,1,1,1
69,78,2013,Qtr 4,Tháng Mười Một,29,20131129,1,1,1,1
71,49.57,2010,Qtr 4,Tháng Mười Hai,29,20101229,1,1,1,1
71,50,2011,Qtr 1,Tháng Giêng,29,20110129,1,1,1,1
71,15,2011,Qtr 1,Tháng Ba,1,20110301,1,1,1,1
71,30,2011,Qtr 1,Tháng Ba,31,20110331,1,1,1,1
71,44,2011,Qtr 2,Tháng Năm,1,20110501,1,1,1,1
71,44,2011,Qtr 2,Tháng Năm,31,20110531,1,1,1,1
71,40,2011,Qtr 3,Tháng Bảy,1,20110701,1,1,1,1
71,9,2011,Qtr 3,Tháng Tám,1,20110801,1,1,1,1
71,28,2011,Qtr 3,Tháng Tám,29,20110829,1,1,1,1
71,57,2011,Qtr 3,Tháng Chín,29,20110929,1,1,1,1
71,50,2011,Qtr 4,Tháng Mười,29,20111029,1,1,1,2
71,80,2011,Qtr 4,Tháng Mười Một,29,20111129,1,1,1,2
71,100,2011,Qtr 4,Tháng Mười Hai,29,20111229,1,1,1,1
71,109,2012,Qtr 1,Tháng Giêng,29,20120129,1,1,1,1
71,3.95,2012,Qtr 1,Tháng Hai,29,20120229,1,1,1,1
71,36,2012,Qtr 1,Tháng Ba,30,20120330,1,1,1,1
71,124,2012,Qtr 2,Tháng Tư,30,20120430,1,1,1,1
71,2.89,2012,Qtr 2,Tháng Năm,30,20120530,1,1,1,1
71,52,2012,Qtr 2,Tháng Sáu,30,20120630,1,1,1,1
71,175,2012,Qtr 3,Tháng Bảy,31,20120731,1,1,1,1
71,1.82,2012,Qtr 3,Tháng Tám,28,20120828,1,1,1,1
71,91,2012,Qtr 3,Tháng Chín,28,20120928,1,1,1,1
71,23,2012,Qtr 4,Tháng Mười,28,20121028,1,1,1,1
71,175,2012,Qtr 4,Tháng Mười Một,28,20121128,1,1,1,1
71,27,2012,Qtr 4,Tháng Mười Hai,28,20121228,1,1,1,1
71,98,2013,Qtr 1,Tháng Giêng,28,20130128,1,1,1,1
71,107,2013,Qtr 1,Tháng Hai,28,20130228,1,1,1,1
71,176,2013,Qtr 1,Tháng Ba,30,20130330,1,1,1,1
71,68,2013,Qtr 2,Tháng Tư,30,20130430,1,1,1,1
71,29,2013,Qtr 2,Tháng Năm,30,20130530,1,1,1,1
71,29,2013,Qtr 2,Tháng Sáu,30,20130630,1,1,1,1
71,205,2013,Qtr 3,Tháng Bảy,31,20130731,1,1,1,1
71,150,2013,Qtr 3,Tháng Tám,29,20130829,1,1,1,1
71,205,2013,Qtr 3,Tháng Chín,29,20130929,1,1,1,1
71,215,2013,Qtr 4,Tháng Mười,29,20131029,1,1,1,1
71,107,2013,Qtr 4,Tháng Mười Một,29,20131129,1,1,1,1
72,650,2010,Qtr 4,Tháng Mười Hai,29,20101229,1,1,1,2
72,380,2011,Qtr 1,Tháng Giêng,29,20110129,1,1,1,2
72,200,2011,Qtr 1,Tháng Ba,1,20110301,1,1,1,2
72,200,2011,Qtr 1,Tháng Ba,31,20110331,1,1,1,2
72,200,2011,Qtr 2,Tháng Năm,1,20110501,1,1,1,2
72,470.79,2011,Qtr 2,Tháng Năm,31,20110531,1,1,1,1
72,200,2011,Qtr 3,Tháng Bảy,1,20110701,1,1,1,2
72,281,2011,Qtr 3,Tháng Tám,1,20110801,1,1,1,1
72,154,2011,Qtr 3,Tháng Tám,29,20110829,1,1,1,1
72,141,2011,Qtr 3,Tháng Chín,29,20110929,1,1,1,1
72,850,2011,Qtr 4,Tháng Mười,29,20111029,1,1,1,2
72,100,2011,Qtr 4,Tháng Mười Một,29,20111129,1,1,1,2
72,1018,2011,Qtr 4,Tháng Mười Hai,29,20111229,1,1,1,1
72,1205,2012,Qtr 1,Tháng Giêng,29,20120129,1,1,1,1
72,1.82,2012,Qtr 1,Tháng Hai,29,20120229,1,1,1,1
72,415,2012,Qtr 1,Tháng Ba,30,20120330,1,1,1,1
72,1583,2012,Qtr 2,Tháng Tư,30,20120430,1,1,1,1
72,1,2012,Qtr 2,Tháng Năm,30,20120530,1,1,1,1
72,653,2012,Qtr 2,Tháng Sáu,30,20120630,1,1,1,1
72,210,2012,Qtr 3,Tháng Bảy,31,20120731,1,1,1,1
72,1.82,2012,Qtr 3,Tháng Tám,28,20120828,1,1,1,1
72,482,2012,Qtr 3,Tháng Chín,28,20120928,1,1,1,1
72,461,2012,Qtr 4,Tháng Mười,28,20121028,1,1,1,1
72,1,2012,Qtr 4,Tháng Mười Một,28,20121128,1,1,1,1
72,959,2012,Qtr 4,Tháng Mười Hai,28,20121228,1,1,1,1
72,314,2013,Qtr 1,Tháng Giêng,28,20130128,1,1,1,1
72,385,2013,Qtr 1,Tháng Hai,28,20130228,1,1,1,1
72,218,2013,Qtr 1,Tháng Ba,30,20130330,1,1,1,1
72,406,2013,Qtr 2,Tháng Tư,30,20130430,1,1,1,1
72,587,2013,Qtr 2,Tháng Năm,30,20130530,1,1,1,1
72,345,2013,Qtr 2,Tháng Sáu,30,20130630,1,1,1,1
72,1341,2013,Qtr 3,Tháng Bảy,31,20130731,1,1,1,1
72,484,2013,Qtr 3,Tháng Tám,29,20130829,1,1,1,1
72,468,2013,Qtr 3,Tháng Chín,29,20130929,1,1,1,1
72,897,2013,Qtr 4,Tháng Mười,29,20131029,1,1,1,1
72,1597,2013,Qtr 4,Tháng Mười Một,29,20131129,1,1,1,1
73,198.05,2010,Qtr 4,Tháng Mười Hai,29,20101229,1,1,1,1
73,300,2011,Qtr 1,Tháng Giêng,29,20110129,1,1,1,2
73,159,2011,Qtr 1,Tháng Ba,1,20110301,1,1,1,1
73,220,2011,Qtr 1,Tháng Ba,31,20110331,1,1,1,2
73,137,2011,Qtr 2,Tháng Năm,1,20110501,1,1,1,1
73,220,2011,Qtr 2,Tháng Năm,31,20110531,1,1,1,2
73,120,2011,Qtr 3,Tháng Bảy,1,20110701,1,1,1,2
73,161,2011,Qtr 3,Tháng Tám,1,20110801,1,1,1,1
73,161,2011,Qtr 3,Tháng Tám,29,20110829,1,1,1,1
73,300,2011,Qtr 3,Tháng Chín,29,20110929,1,1,1,2
73,220,2011,Qtr 4,Tháng Mười,29,20111029,1,1,1,2
73,300,2011,Qtr 4,Tháng Mười Một,29,20111129,1,1,1,2
73,443,2011,Qtr 4,Tháng Mười Hai,29,20111229,1,1,1,1
73,235,2012,Qtr 1,Tháng Giêng,29,20120129,1,1,1,1
73,16.72,2012,Qtr 1,Tháng Hai,29,20120229,1,1,1,1
73,390,2012,Qtr 1,Tháng Ba,30,20120330,1,1,1,1
73,603,2012,Qtr 2,Tháng Tư,30,20120430,1,1,1,1
73,23.1,2012,Qtr 2,Tháng Năm,30,20120530,1,1,1,1
73,486,2012,Qtr 2,Tháng Sáu,30,20120630,1,1,1,1
73,721,2012,Qtr 3,Tháng Bảy,31,20120731,1,1,1,1
73,8.21,2012,Qtr 3,Tháng Tám,28,20120828,1,1,1,1
73,416,2012,Qtr 3,Tháng Chín,28,20120928,1,1,1,1
73,432,2012,Qtr 4,Tháng Mười,28,20121028,1,1,1,1
73,702,2012,Qtr 4,Tháng Mười Một,28,20121128,1,1,1,1
73,405,2012,Qtr 4,Tháng Mười Hai,28,20121228,1,1,1,1
73,527,2013,Qtr 1,Tháng Giêng,28,20130128,1,1,1,1
73,536,2013,Qtr 1,Tháng Hai,28,20130228,1,1,1,1
73,722,2013,Qtr 1,Tháng Ba,30,20130330,1,1,1,1
73,355,2013,Qtr 2,Tháng Tư,30,20130430,1,1,1,1
73,414,2013,Qtr 2,Tháng Năm,30,20130530,1,1,1,1
73,355,2013,Qtr 2,Tháng Sáu,30,20130630,1,1,1,1
73,778,2013,Qtr 3,Tháng Bảy,31,20130731,1,1,1,1
73,665,2013,Qtr 3,Tháng Tám,29,20130829,1,1,1,1
73,778,2013,Qtr 3,Tháng Chín,29,20130929,1,1,1,1
73,836,2013,Qtr 4,Tháng Mười,29,20131029,1,1,1,1
73,579,2013,Qtr 4,Tháng Mười Một,29,20131129,1,1,1,1
74,200,2010,Qtr 4,Tháng Mười Hai,29,20101229,1,1,1,2
74,144,2011,Qtr 1,Tháng Giêng,29,20110129,1,1,1,1
74,111,2011,Qtr 1,Tháng Ba,1,20110301,1,1,1,1
74,91,2011,Qtr 1,Tháng Ba,31,20110331,1,1,1,1
74,112,2011,Qtr 2,Tháng Năm,1,20110501,1,1,1,1
74,138,2011,Qtr 2,Tháng Năm,31,20110531,1,1,1,1
74,84,2011,Qtr 3,Tháng Bảy,1,20110701,1,1,1,1
74,90,2011,Qtr 3,Tháng Tám,1,20110801,1,1,1,2
74,90,2011,Qtr 3,Tháng Tám,29,20110829,1,1,1,2
74,116,2011,Qtr 3,Tháng Chín,29,20110929,1,1,1,1
74,200,2011,Qtr 4,Tháng Mười,29,20111029,1,1,1,2
74,100,2011,Qtr 4,Tháng Mười Một,29,20111129,1,1,1,2
74,367,2011,Qtr 4,Tháng Mười Hai,29,20111229,1,1,1,1
74,267,2012,Qtr 1,Tháng Giêng,29,20120129,1,1,1,1
74,44.38,2012,Qtr 1,Tháng Hai,29,20120229,1,1,1,1
74,323,2012,Qtr 1,Tháng Ba,30,20120330,1,1,1,1
74,374,2012,Qtr 2,Tháng Tư,30,20120430,1,1,1,1
74,39.06,2012,Qtr 2,Tháng Năm,30,20120530,1,1,1,1
74,444,2012,Qtr 2,Tháng Sáu,30,20120630,1,1,1,1
74,478,2012,Qtr 3,Tháng Bảy,31,20120731,1,1,1,1
74,28.42,2012,Qtr 3,Tháng Tám,28,20120828,1,1,1,1
74,382,2012,Qtr 3,Tháng Chín,28,20120928,1,1,1,1
74,386,2012,Qtr 4,Tháng Mười,28,20121028,1,1,1,1
74,456,2012,Qtr 4,Tháng Mười Một,28,20121128,1,1,1,1
74,245,2012,Qtr 4,Tháng Mười Hai,28,20121228,1,1,1,1
74,275,2013,Qtr 1,Tháng Giêng,28,20130128,1,1,1,1
74,272,2013,Qtr 1,Tháng Hai,28,20130228,1,1,1,1
74,377,2013,Qtr 1,Tháng Ba,30,20130330,1,1,1,1
74,244,2013,Qtr 2,Tháng Tư,30,20130430,1,1,1,1
74,392,2013,Qtr 2,Tháng Năm,30,20130530,1,1,1,1
74,416,2013,Qtr 2,Tháng Sáu,30,20130630,1,1,1,1
74,395,2013,Qtr 3,Tháng Bảy,31,20130731,1,1,1,1
74,332,2013,Qtr 3,Tháng Tám,29,20130829,1,1,1,1
74,393,2013,Qtr 3,Tháng Chín,29,20130929,1,1,1,1
74,410,2013,Qtr 4,Tháng Mười,29,20131029,1,1,1,1
74,288,2013,Qtr 4,Tháng Mười Một,29,20131129,1,1,1,1
76,1787.48,2010,Qtr 4,Tháng Mười Hai,29,20101229,1,1,1,1
76,280,2011,Qtr 1,Tháng Giêng,29,20110129,1,1,1,2
76,836,2011,Qtr 1,Tháng Ba,1,20110301,1,1,1,1
76,280,2011,Qtr 1,Tháng Ba,31,20110331,1,1,1,2
76,970,2011,Qtr 2,Tháng Năm,1,20110501,1,1,1,1
76,297,2011,Qtr 2,Tháng Năm,31,20110531,1,1,1,1
76,732,2011,Qtr 3,Tháng Bảy,1,20110701,1,1,1,1
76,750,2011,Qtr 3,Tháng Tám,1,20110801,1,1,1,2
76,791,2011,Qtr 3,Tháng Tám,29,20110829,1,1,1,1
76,275,2011,Qtr 3,Tháng Chín,29,20110929,1,1,1,1
76,237.45,2011,Qtr 4,Tháng Mười,29,20111029,1,1,1,1
76,280,2011,Qtr 4,Tháng Mười Một,29,20111129,1,1,1,2
76,4529,2011,Qtr 4,Tháng Mười Hai,29,20111229,1,1,1,1
76,2606,2012,Qtr 1,Tháng Giêng,29,20120129,1,1,1,1
76,25.23,2012,Qtr 1,Tháng Hai,29,20120229,1,1,1,1
76,3705,2012,Qtr 1,Tháng Ba,30,20120330,1,1,1,1
76,760,2012,Qtr 2,Tháng Tư,30,20120430,1,1,1,1
76,28.42,2012,Qtr 2,Tháng Năm,30,20120530,1,1,1,1
76,3227,2012,Qtr 2,Tháng Sáu,30,20120630,1,1,1,1
76,795,2012,Qtr 3,Tháng Bảy,31,20120731,1,1,1,1
76,10.33,2012,Qtr 3,Tháng Tám,28,20120828,1,1,1,1
76,4358,2012,Qtr 3,Tháng Chín,28,20120928,1,1,1,1
76,4392,2012,Qtr 4,Tháng Mười,28,20121028,1,1,1,1
76,780,2012,Qtr 4,Tháng Mười Một,28,20121128,1,1,1,1
76,2381,2012,Qtr 4,Tháng Mười Hai,28,20121228,1,1,1,1
76,690,2013,Qtr 1,Tháng Giêng,28,20130128,1,1,1,1
76,751,2013,Qtr 1,Tháng Hai,28,20130228,1,1,1,1
76,795,2013,Qtr 1,Tháng Ba,30,20130330,1,1,1,1
76,1979,2013,Qtr 2,Tháng Tư,30,20130430,1,1,1,1
76,4648,2013,Qtr 2,Tháng Năm,30,20130530,1,1,1,1
76,1574,2013,Qtr 2,Tháng Sáu,30,20130630,1,1,1,1
76,842,2013,Qtr 3,Tháng Bảy,31,20130731,1,1,1,1
76,809,2013,Qtr 3,Tháng Tám,29,20130829,1,1,1,1
76,842,2013,Qtr 3,Tháng Chín,29,20130929,1,1,1,1
76,891,2013,Qtr 4,Tháng Mười,29,20131029,1,1,1,1
76,767,2013,Qtr 4,Tháng Mười Một,29,20131129,1,1,1,1
77,380,2010,Qtr 4,Tháng Mười Hai,29,20101229,1,1,1,2
77,545,2011,Qtr 1,Tháng Giêng,29,20110129,1,1,1,1
77,140,2011,Qtr 1,Tháng Ba,1,20110301,1,1,1,1
77,497,2011,Qtr 1,Tháng Ba,31,20110331,1,1,1,1
77,490,2011,Qtr 2,Tháng Năm,1,20110501,1,1,1,1
77,480,2011,Qtr 2,Tháng Năm,31,20110531,1,1,1,2
77,331,2011,Qtr 3,Tháng Bảy,1,20110701,1,1,1,1
77,100,2011,Qtr 3,Tháng Tám,1,20110801,1,1,1,2
77,349,2011,Qtr 3,Tháng Tám,29,20110829,1,1,1,1
77,550,2011,Qtr 3,Tháng Chín,29,20110929,1,1,1,2
77,280,2011,Qtr 4,Tháng Mười,29,20111029,1,1,1,2
77,535,2011,Qtr 4,Tháng Mười Một,29,20111129,1,1,1,1
77,970,2011,Qtr 4,Tháng Mười Hai,29,20111229,1,1,1,1
77,169,2012,Qtr 1,Tháng Giêng,29,20120129,1,1,1,1
77,20.97,2012,Qtr 1,Tháng Hai,29,20120229,1,1,1,1
77,352,2012,Qtr 1,Tháng Ba,30,20120330,1,1,1,1
77,1368,2012,Qtr 2,Tháng Tư,30,20120430,1,1,1,1
77,19.91,2012,Qtr 2,Tháng Năm,30,20120530,1,1,1,1
77,396,2012,Qtr 2,Tháng Sáu,30,20120630,1,1,1,1
77,1431,2012,Qtr 3,Tháng Bảy,31,20120731,1,1,1,1
77,18.84,2012,Qtr 3,Tháng Tám,28,20120828,1,1,1,1
77,900,2012,Qtr 3,Tháng Chín,28,20120928,1,1,1,1
77,189,2012,Qtr 4,Tháng Mười,28,20121028,1,1,1,1
77,1404,2012,Qtr 4,Tháng Mười Một,28,20121128,1,1,1,1
77,264,2012,Qtr 4,Tháng Mười Hai,28,20121228,1,1,1,1
77,1242,2013,Qtr 1,Tháng Giêng,28,20130128,1,1,1,1
77,1351,2013,Qtr 1,Tháng Hai,28,20130228,1,1,1,1
77,1431,2013,Qtr 1,Tháng Ba,30,20130330,1,1,1,1
77,869,2013,Qtr 2,Tháng Tư,30,20130430,1,1,1,1
77,1574,2013,Qtr 2,Tháng Năm,30,20130530,1,1,1,1
77,1559,2013,Qtr 2,Tháng Sáu,30,20130630,1,1,1,1
77,1517,2013,Qtr 3,Tháng Bảy,31,20130731,1,1,1,1
77,1455,2013,Qtr 3,Tháng Tám,29,20130829,1,1,1,1
77,1517,2013,Qtr 3,Tháng Chín,29,20130929,1,1,1,1
77,1604,2013,Qtr 4,Tháng Mười,29,20131029,1,1,1,1
77,1381,2013,Qtr 4,Tháng Mười Một,29,20131129,1,1,1,1
78,163.21,2010,Qtr 4,Tháng Mười Hai,29,20101229,1,1,1,1
78,200,2011,Qtr 1,Tháng Giêng,29,20110129,1,1,1,2
78,92,2011,Qtr 1,Tháng Ba,1,20110301,1,1,1,1
78,200,2011,Qtr 1,Tháng Ba,31,20110331,1,1,1,2
78,91,2011,Qtr 2,Tháng Năm,1,20110501,1,1,1,1
78,140,2011,Qtr 2,Tháng Năm,31,20110531,1,1,1,1
78,100,2011,Qtr 3,Tháng Bảy,1,20110701,1,1,1,2
78,100,2011,Qtr 3,Tháng Tám,1,20110801,1,1,1,2
78,100,2011,Qtr 3,Tháng Tám,29,20110829,1,1,1,2
78,144,2011,Qtr 3,Tháng Chín,29,20110929,1,1,1,1
78,100,2011,Qtr 4,Tháng Mười,29,20111029,1,1,1,2
78,200,2011,Qtr 4,Tháng Mười Một,29,20111129,1,1,1,2
78,289,2011,Qtr 4,Tháng Mười Hai,29,20111229,1,1,1,1
78,147,2012,Qtr 1,Tháng Giêng,29,20120129,1,1,1,1
78,12.46,2012,Qtr 1,Tháng Hai,29,20120229,1,1,1,1
78,258,2012,Qtr 1,Tháng Ba,30,20120330,1,1,1,1
78,424,2012,Qtr 2,Tháng Tư,30,20120430,1,1,1,1
78,14.59,2012,Qtr 2,Tháng Năm,30,20120530,1,1,1,1
78,278,2012,Qtr 2,Tháng Sáu,30,20120630,1,1,1,1
78,398,2012,Qtr 3,Tháng Bảy,31,20120731,1,1,1,1
78,7.14,2012,Qtr 3,Tháng Tám,28,20120828,1,1,1,1
78,254,2012,Qtr 3,Tháng Chín,28,20120928,1,1,1,1
78,229,2012,Qtr 4,Tháng Mười,28,20121028,1,1,1,1
78,398,2012,Qtr 4,Tháng Mười Một,28,20121128,1,1,1,1
78,251,2012,Qtr 4,Tháng Mười Hai,28,20121228,1,1,1,1
78,387,2013,Qtr 1,Tháng Giêng,28,20130128,1,1,1,1
78,428,2013,Qtr 1,Tháng Hai,28,20130228,1,1,1,1
78,398,2013,Qtr 1,Tháng Ba,30,20130330,1,1,1,1
78,274,2013,Qtr 2,Tháng Tư,30,20130430,1,1,1,1
78,286,2013,Qtr 2,Tháng Năm,30,20130530,1,1,1,1
78,251,2013,Qtr 2,Tháng Sáu,30,20130630,1,1,1,1
78,401,2013,Qtr 3,Tháng Bảy,31,20130731,1,1,1,1
78,423,2013,Qtr 3,Tháng Tám,29,20130829,1,1,1,1
78,395,2013,Qtr 3,Tháng Chín,29,20130929,1,1,1,1
78,435,2013,Qtr 4,Tháng Mười,29,20131029,1,1,1,1
78,424,2013,Qtr 4,Tháng Mười Một,29,20131129,1,1,1,1
80,480,2010,Qtr 4,Tháng Mười Hai,29,20101229,1,1,1,2
80,624,2011,Qtr 1,Tháng Giêng,29,20110129,1,1,1,1
80,159,2011,Qtr 1,Tháng Ba,1,20110301,1,1,1,1
80,611,2011,Qtr 1,Tháng Ba,31,20110331,1,1,1,1
80,531,2011,Qtr 2,Tháng Năm,1,20110501,1,1,1,1
80,531,2011,Qtr 2,Tháng Năm,31,20110531,1,1,1,1
80,480,2011,Qtr 3,Tháng Bảy,1,20110701,1,1,1,2
80,150,2011,Qtr 3,Tháng Tám,1,20110801,1,1,1,1
80,403,2011,Qtr 3,Tháng Tám,29,20110829,1,1,1,1
80,560,2011,Qtr 3,Tháng Chín,29,20110929,1,1,1,1
80,458.67,2011,Qtr 4,Tháng Mười,29,20111029,1,1,1,1
80,550,2011,Qtr 4,Tháng Mười Một,29,20111129,1,1,1,2
80,1143,2011,Qtr 4,Tháng Mười Hai,29,20111229,1,1,1,1
80,205,2012,Qtr 1,Tháng Giêng,29,20120129,1,1,1,1
80,22.04,2012,Qtr 1,Tháng Hai,29,20120229,1,1,1,1
80,445,2012,Qtr 1,Tháng Ba,30,20120330,1,1,1,1
80,1780,2012,Qtr 2,Tháng Tư,30,20120430,1,1,1,1
80,23.1,2012,Qtr 2,Tháng Năm,30,20120530,1,1,1,1
80,428,2012,Qtr 2,Tháng Sáu,30,20120630,1,1,1,1
80,1653,2012,Qtr 3,Tháng Bảy,31,20120731,1,1,1,1
80,22.04,2012,Qtr 3,Tháng Tám,28,20120828,1,1,1,1
80,966,2012,Qtr 3,Tháng Chín,28,20120928,1,1,1,1
80,201,2012,Qtr 4,Tháng Mười,28,20121028,1,1,1,1
80,1653,2012,Qtr 4,Tháng Mười Một,28,20121128,1,1,1,1
80,308,2012,Qtr 4,Tháng Mười Hai,28,20121228,1,1,1,1
80,1575,2013,Qtr 1,Tháng Giêng,28,20130128,1,1,1,1
80,1784,2013,Qtr 1,Tháng Hai,28,20130228,1,1,1,1
80,1733,2013,Qtr 1,Tháng Ba,30,20130330,1,1,1,1
80,1103,2013,Qtr 2,Tháng Tư,30,20130430,1,1,1,1
80,1802,2013,Qtr 2,Tháng Năm,30,20130530,1,1,1,1
80,1587,2013,Qtr 2,Tháng Sáu,30,20130630,1,1,1,1
80,1587,2013,Qtr 3,Tháng Bảy,31,20130731,1,1,1,1
80,1715,2013,Qtr 3,Tháng Tám,29,20130829,1,1,1,1
80,1488,2013,Qtr 3,Tháng Chín,29,20130929,1,1,1,1
80,1906,2013,Qtr 4,Tháng Mười,29,20131029,1,1,1,1
80,1715,2013,Qtr 4,Tháng Mười Một,29,20131129,1,1,1,1
81,370.79,2010,Qtr 4,Tháng Mười Hai,29,20101229,1,1,1,1
81,380,2011,Qtr 1,Tháng Giêng,29,20110129,1,1,1,2
81,216,2011,Qtr 1,Tháng Ba,1,20110301,1,1,1,1
81,380,2011,Qtr 1,Tháng Ba,31,20110331,1,1,1,2
81,214,2011,Qtr 2,Tháng Năm,1,20110501,1,1,1,1
81,380,2011,Qtr 2,Tháng Năm,31,20110531,1,1,1,2
81,280,2011,Qtr 3,Tháng Bảy,1,20110701,1,1,1,2
81,280,2011,Qtr 3,Tháng Tám,1,20110801,1,1,1,2
81,280,2011,Qtr 3,Tháng Tám,29,20110829,1,1,1,2
81,347,2011,Qtr 3,Tháng Chín,29,20110929,1,1,1,1
81,284.42,2011,Qtr 4,Tháng Mười,29,20111029,1,1,1,1
81,350,2011,Qtr 4,Tháng Mười Một,29,20111129,1,1,1,1
81,707,2011,Qtr 4,Tháng Mười Hai,29,20111229,1,1,1,1
81,342,2012,Qtr 1,Tháng Giêng,29,20120129,1,1,1,1
81,27.36,2012,Qtr 1,Tháng Hai,29,20120229,1,1,1,1
81,617,2012,Qtr 1,Tháng Ba,30,20120330,1,1,1,1
81,1102,2012,Qtr 2,Tháng Tư,30,20120430,1,1,1,1
81,32.67,2012,Qtr 2,Tháng Năm,30,20120530,1,1,1,1
81,650,2012,Qtr 2,Tháng Sáu,30,20120630,1,1,1,1
81,1023,2012,Qtr 3,Tháng Bảy,31,20120731,1,1,1,1
81,13.53,2012,Qtr 3,Tháng Tám,28,20120828,1,1,1,1
81,598,2012,Qtr 3,Tháng Chín,28,20120928,1,1,1,1
81,538,2012,Qtr 4,Tháng Mười,28,20121028,1,1,1,1
81,1023,2012,Qtr 4,Tháng Mười Một,28,20121128,1,1,1,1
81,608,2012,Qtr 4,Tháng Mười Hai,28,20121228,1,1,1,1
81,975,2013,Qtr 1,Tháng Giêng,28,20130128,1,1,1,1
81,1104,2013,Qtr 1,Tháng Hai,28,20130228,1,1,1,1
81,1073,2013,Qtr 1,Tháng Ba,30,20130330,1,1,1,1
81,683,2013,Qtr 2,Tháng Tư,30,20130430,1,1,1,1
81,693,2013,Qtr 2,Tháng Năm,30,20130530,1,1,1,1
81,602,2013,Qtr 2,Tháng Sáu,30,20130630,1,1,1,1
81,983,2013,Qtr 3,Tháng Bảy,31,20130731,1,1,1,1
81,1061,2013,Qtr 3,Tháng Tám,29,20130829,1,1,1,1
81,921,2013,Qtr 3,Tháng Chín,29,20130929,1,1,1,1
81,1180,2013,Qtr 4,Tháng Mười,29,20131029,1,1,1,1
81,1061,2013,Qtr 4,Tháng Mười Một,29,20131129,1,1,1,1
82,30,2010,Qtr 4,Tháng Mười Hai,29,20101229,1,1,1,2
82,41,2011,Qtr 1,Tháng Giêng,29,20110129,1,1,1,1
82,10,2011,Qtr 1,Tháng Ba,1,20110301,1,1,1,1
82,38,2011,Qtr 1,Tháng Ba,31,20110331,1,1,1,1
82,32,2011,Qtr 2,Tháng Năm,1,20110501,1,1,1,1
82,32,2011,Qtr 2,Tháng Năm,31,20110531,1,1,1,1
82,30,2011,Qtr 3,Tháng Bảy,1,20110701,1,1,1,1
82,9,2011,Qtr 3,Tháng Tám,1,20110801,1,1,1,1
82,25,2011,Qtr 3,Tháng Tám,29,20110829,1,1,1,1
82,40,2011,Qtr 3,Tháng Chín,29,20110929,1,1,1,2
82,28.35,2011,Qtr 4,Tháng Mười,29,20111029,1,1,1,1
82,36,2011,Qtr 4,Tháng Mười Một,29,20111129,1,1,1,1
82,71,2011,Qtr 4,Tháng Mười Hai,29,20111229,1,1,1,1
82,12,2012,Qtr 1,Tháng Giêng,29,20120129,1,1,1,1
82,1.82,2012,Qtr 1,Tháng Hai,29,20120229,1,1,1,1
82,28,2012,Qtr 1,Tháng Ba,30,20120330,1,1,1,1
82,114,2012,Qtr 2,Tháng Tư,30,20120430,1,1,1,1
82,1.82,2012,Qtr 2,Tháng Năm,30,20120530,1,1,1,1
82,27,2012,Qtr 2,Tháng Sáu,30,20120630,1,1,1,1
82,106,2012,Qtr 3,Tháng Bảy,31,20120731,1,1,1,1
82,1.82,2012,Qtr 3,Tháng Tám,28,20120828,1,1,1,1
82,58,2012,Qtr 3,Tháng Chín,28,20120928,1,1,1,1
82,12,2012,Qtr 4,Tháng Mười,28,20121028,1,1,1,1
82,106,2012,Qtr 4,Tháng Mười Một,28,20121128,1,1,1,1
82,19,2012,Qtr 4,Tháng Mười Hai,28,20121228,1,1,1,1
82,99,2013,Qtr 1,Tháng Giêng,28,20130128,1,1,1,1
82,114,2013,Qtr 1,Tháng Hai,28,20130228,1,1,1,1
82,113,2013,Qtr 1,Tháng Ba,30,20130330,1,1,1,1
82,69,2013,Qtr 2,Tháng Tư,30,20130430,1,1,1,1
82,115,2013,Qtr 2,Tháng Năm,30,20130530,1,1,1,1
82,98,2013,Qtr 2,Tháng Sáu,30,20130630,1,1,1,1
82,98,2013,Qtr 3,Tháng Bảy,31,20130731,1,1,1,1
82,107,2013,Qtr 3,Tháng Tám,29,20130829,1,1,1,1
82,88,2013,Qtr 3,Tháng Chín,29,20130929,1,1,1,1
82,125,2013,Qtr 4,Tháng Mười,29,20131029,1,1,1,1
82,107,2013,Qtr 4,Tháng Mười Một,29,20131129,1,1,1,1
83,126.84,2010,Qtr 4,Tháng Mười Hai,29,20101229,1,1,1,1
83,100,2011,Qtr 1,Tháng Giêng,29,20110129,1,1,1,2
83,74,2011,Qtr 1,Tháng Ba,1,20110301,1,1,1,1
83,100,2011,Qtr 1,Tháng Ba,31,20110331,1,1,1,2
83,74,2011,Qtr 2,Tháng Năm,1,20110501,1,1,1,1
83,100,2011,Qtr 2,Tháng Năm,31,20110531,1,1,1,2
83,103,2011,Qtr 3,Tháng Bảy,1,20110701,1,1,1,1
83,90,2011,Qtr 3,Tháng Tám,1,20110801,1,1,1,1
83,90,2011,Qtr 3,Tháng Tám,29,20110829,1,1,1,2
83,100,2011,Qtr 3,Tháng Chín,29,20110929,1,1,1,2
83,80,2011,Qtr 4,Tháng Mười,29,20111029,1,1,1,2
83,124,2011,Qtr 4,Tháng Mười Một,29,20111129,1,1,1,1
83,250,2011,Qtr 4,Tháng Mười Hai,29,20111229,1,1,1,1
83,114,2012,Qtr 1,Tháng Giêng,29,20120129,1,1,1,1
83,10.33,2012,Qtr 1,Tháng Hai,29,20120229,1,1,1,1
83,211,2012,Qtr 1,Tháng Ba,30,20120330,1,1,1,1
83,397,2012,Qtr 2,Tháng Tư,30,20120430,1,1,1,1
83,11.4,2012,Qtr 2,Tháng Năm,30,20120530,1,1,1,1
83,220,2012,Qtr 2,Tháng Sáu,30,20120630,1,1,1,1
83,372,2012,Qtr 3,Tháng Bảy,31,20120731,1,1,1,1
83,5.01,2012,Qtr 3,Tháng Tám,28,20120828,1,1,1,1
83,202,2012,Qtr 3,Tháng Chín,28,20120928,1,1,1,1
83,182,2012,Qtr 4,Tháng Mười,28,20121028,1,1,1,1
83,372,2012,Qtr 4,Tháng Mười Một,28,20121128,1,1,1,1
83,213,2012,Qtr 4,Tháng Mười Hai,28,20121228,1,1,1,1
83,345,2013,Qtr 1,Tháng Giêng,28,20130128,1,1,1,1
83,398,2013,Qtr 1,Tháng Hai,28,20130228,1,1,1,1
83,397,2013,Qtr 1,Tháng Ba,30,20130330,1,1,1,1
83,242,2013,Qtr 2,Tháng Tư,30,20130430,1,1,1,1
83,240,2013,Qtr 2,Tháng Năm,30,20130530,1,1,1,1
83,209,2013,Qtr 2,Tháng Sáu,30,20130630,1,1,1,1
83,344,2013,Qtr 3,Tháng Bảy,31,20130731,1,1,1,1
83,375,2013,Qtr 3,Tháng Tám,29,20130829,1,1,1,1
83,308,2013,Qtr 3,Tháng Chín,29,20130929,1,1,1,1
83,436,2013,Qtr 4,Tháng Mười,29,20131029,1,1,1,1
83,375,2013,Qtr 4,Tháng Mười Một,29,20131129,1,1,1,1
84,90,2010,Qtr 4,Tháng Mười Hai,29,20101229,1,1,1,2
84,129,2011,Qtr 1,Tháng Giêng,29,20110129,1,1,1,1
84,31,2011,Qtr 1,Tháng Ba,1,20110301,1,1,1,1
84,113,2011,Qtr 1,Tháng Ba,31,20110331,1,1,1,1
84,94,2011,Qtr 2,Tháng Năm,1,20110501,1,1,1,1
84,100,2011,Qtr 2,Tháng Năm,31,20110531,1,1,1,2
84,80,2011,Qtr 3,Tháng Bảy,1,20110701,1,1,1,2
84,30,2011,Qtr 3,Tháng Tám,1,20110801,1,1,1,2
84,80,2011,Qtr 3,Tháng Tám,29,20110829,1,1,1,2
84,105,2011,Qtr 3,Tháng Chín,29,20110929,1,1,1,1
84,80,2011,Qtr 4,Tháng Mười,29,20111029,1,1,1,2
84,107,2011,Qtr 4,Tháng Mười Một,29,20111129,1,1,1,1
84,217,2011,Qtr 4,Tháng Mười Hai,29,20111229,1,1,1,1
84,38,2012,Qtr 1,Tháng Giêng,29,20120129,1,1,1,1
84,5.01,2012,Qtr 1,Tháng Hai,29,20120229,1,1,1,1
84,88,2012,Qtr 1,Tháng Ba,30,20120330,1,1,1,1
84,355,2012,Qtr 2,Tháng Tư,30,20120430,1,1,1,1
84,5.01,2012,Qtr 2,Tháng Năm,30,20120530,1,1,1,1
84,83,2012,Qtr 2,Tháng Sáu,30,20120630,1,1,1,1
84,333,2012,Qtr 3,Tháng Bảy,31,20120731,1,1,1,1
84,5.01,2012,Qtr 3,Tháng Tám,28,20120828,1,1,1,1
84,168,2012,Qtr 3,Tháng Chín,28,20120928,1,1,1,1
84,36,2012,Qtr 4,Tháng Mười,28,20121028,1,1,1,1
84,333,2012,Qtr 4,Tháng Mười Một,28,20121128,1,1,1,1
84,57,2012,Qtr 4,Tháng Mười Hai,28,20121228,1,1,1,1
84,300,2013,Qtr 1,Tháng Giêng,28,20130128,1,1,1,1
84,350,2013,Qtr 1,Tháng Hai,28,20130228,1,1,1,1
84,360,2013,Qtr 1,Tháng Ba,30,20130330,1,1,1,1
84,210,2013,Qtr 2,Tháng Tư,30,20130430,1,1,1,1
84,356,2013,Qtr 2,Tháng Năm,30,20130530,1,1,1,1
84,293,2013,Qtr 2,Tháng Sáu,30,20130630,1,1,1,1
84,293,2013,Qtr 3,Tháng Bảy,31,20130731,1,1,1,1
84,323,2013,Qtr 3,Tháng Tám,29,20130829,1,1,1,1
84,252,2013,Qtr 3,Tháng Chín,29,20130929,1,1,1,1
84,396,2013,Qtr 4,Tháng Mười,29,20131029,1,1,1,1
84,326,2013,Qtr 4,Tháng Mười Một,29,20131129,1,1,1,1
85,101.08,2010,Qtr 4,Tháng Mười Hai,29,20101229,1,1,1,1
85,100,2011,Qtr 1,Tháng Giêng,29,20110129,1,1,1,2
85,59,2011,Qtr 1,Tháng Ba,1,20110301,1,1,1,1
85,90,2011,Qtr 1,Tháng Ba,31,20110331,1,1,1,2
85,59,2011,Qtr 2,Tháng Năm,1,20110501,1,1,1,1
85,90,2011,Qtr 2,Tháng Năm,31,20110531,1,1,1,1
85,82,2011,Qtr 3,Tháng Bảy,1,20110701,1,1,1,1
85,72,2011,Qtr 3,Tháng Tám,1,20110801,1,1,1,1
85,70,2011,Qtr 3,Tháng Tám,29,20110829,1,1,1,2
85,97,2011,Qtr 3,Tháng Chín,29,20110929,1,1,1,1
85,70,2011,Qtr 4,Tháng Mười,29,20111029,1,1,1,2
85,99,2011,Qtr 4,Tháng Mười Một,29,20111129,1,1,1,1
85,1687.5,2011,Qtr 4,Tháng Mười Hai,28,20111228,1,1,1,1
85,200,2011,Qtr 4,Tháng Mười Hai,29,20111229,1,1,1,1
85,91,2012,Qtr 1,Tháng Giêng,29,20120129,1,1,1,1
85,8.21,2012,Qtr 1,Tháng Hai,29,20120229,1,1,1,1
85,169,2012,Qtr 1,Tháng Ba,30,20120330,1,1,1,1
85,317,2012,Qtr 2,Tháng Tư,30,20120430,1,1,1,1
85,9.27,2012,Qtr 2,Tháng Năm,30,20120530,1,1,1,1
85,176,2012,Qtr 2,Tháng Sáu,30,20120630,1,1,1,1
85,298,2012,Qtr 3,Tháng Bảy,31,20120731,1,1,1,1
85,3.95,2012,Qtr 3,Tháng Tám,28,20120828,1,1,1,1
85,161,2012,Qtr 3,Tháng Chín,28,20120928,1,1,1,1
85,145,2012,Qtr 4,Tháng Mười,28,20121028,1,1,1,1
85,298,2012,Qtr 4,Tháng Mười Một,28,20121128,1,1,1,1
85,1012.2,2012,Qtr 4,Tháng Mười Hai,27,20121227,1,1,1,1
85,170,2012,Qtr 4,Tháng Mười Hai,28,20121228,1,1,1,1
85,276,2013,Qtr 1,Tháng Giêng,28,20130128,1,1,1,1
85,319,2013,Qtr 1,Tháng Hai,28,20130228,1,1,1,1
85,317,2013,Qtr 1,Tháng Ba,30,20130330,1,1,1,1
85,193,2013,Qtr 2,Tháng Tư,30,20130430,1,1,1,1
85,192,2013,Qtr 2,Tháng Năm,30,20130530,1,1,1,1
85,167,2013,Qtr 2,Tháng Sáu,30,20130630,1,1,1,1
85,275,2013,Qtr 3,Tháng Bảy,31,20130731,1,1,1,1
85,300,2013,Qtr 3,Tháng Tám,29,20130829,1,1,1,1
85,246,2013,Qtr 3,Tháng Chín,29,20130929,1,1,1,1
85,349,2013,Qtr 4,Tháng Mười,29,20131029,1,1,1,1
85,300,2013,Qtr 4,Tháng Mười Một,29,20131129,1,1,1,1
85,-3569.9,2013,Qtr 4,Tháng Mười Hai,28,20131228,1,1,1,1
87,380,2010,Qtr 4,Tháng Mười Hai,29,20101229,1,1,1,2
87,495,2011,Qtr 1,Tháng Giêng,29,20110129,1,1,1,1
87,135,2011,Qtr 1,Tháng Ba,1,20110301,1,1,1,1
87,540,2011,Qtr 1,Tháng Ba,31,20110331,1,1,1,1
87,495,2011,Qtr 2,Tháng Năm,1,20110501,1,1,1,1
87,495,2011,Qtr 2,Tháng Năm,31,20110531,1,1,1,1
87,380,2011,Qtr 3,Tháng Bảy,1,20110701,1,1,1,2
87,135,2011,Qtr 3,Tháng Tám,1,20110801,1,1,1,1
87,380,2011,Qtr 3,Tháng Tám,29,20110829,1,1,1,2
87,495,2011,Qtr 3,Tháng Chín,29,20110929,1,1,1,1
87,410.18,2011,Qtr 4,Tháng Mười,29,20111029,1,1,1,1
87,480,2011,Qtr 4,Tháng Mười Một,29,20111129,1,1,1,2
87,990,2011,Qtr 4,Tháng Mười Hai,29,20111229,1,1,1,1
87,180,2012,Qtr 1,Tháng Giêng,29,20120129,1,1,1,1
87,19.91,2012,Qtr 1,Tháng Hai,29,20120229,1,1,1,1
87,360,2012,Qtr 1,Tháng Ba,30,20120330,1,1,1,1
87,1440,2012,Qtr 2,Tháng Tư,30,20120430,1,1,1,1
87,19.91,2012,Qtr 2,Tháng Năm,30,20120530,1,1,1,1
87,360,2012,Qtr 2,Tháng Sáu,30,20120630,1,1,1,1
87,1350,2012,Qtr 3,Tháng Bảy,31,20120731,1,1,1,1
87,19.91,2012,Qtr 3,Tháng Tám,28,20120828,1,1,1,1
87,900,2012,Qtr 3,Tháng Chín,28,20120928,1,1,1,1
87,180,2012,Qtr 4,Tháng Mười,28,20121028,1,1,1,1
87,1350,2012,Qtr 4,Tháng Mười Một,28,20121128,1,1,1,1
87,270,2012,Qtr 4,Tháng Mười Hai,28,20121228,1,1,1,1
87,1350,2013,Qtr 1,Tháng Giêng,28,20130128,1,1,1,1
87,1485,2013,Qtr 1,Tháng Hai,28,20130228,1,1,1,1
87,1350,2013,Qtr 1,Tháng Ba,30,20130330,1,1,1,1
87,945,2013,Qtr 2,Tháng Tư,30,20130430,1,1,1,1
87,1485,2013,Qtr 2,Tháng Năm,30,20130530,1,1,1,1
87,1418,2013,Qtr 2,Tháng Sáu,30,20130630,1,1,1,1
87,1418,2013,Qtr 3,Tháng Bảy,31,20130731,1,1,1,1
87,1485,2013,Qtr 3,Tháng Tám,29,20130829,1,1,1,1
87,1418,2013,Qtr 3,Tháng Chín,29,20130929,1,1,1,1
87,1485,2013,Qtr 4,Tháng Mười,29,20131029,1,1,1,1
87,1485,2013,Qtr 4,Tháng Mười Một,29,20131129,1,1,1,1
89,104.11,2010,Qtr 4,Tháng Mười Hai,29,20101229,1,1,1,1
89,251,2011,Qtr 1,Tháng Giêng,29,20110129,1,1,1,1
89,123,2011,Qtr 1,Tháng Ba,1,20110301,1,1,1,1
89,220,2011,Qtr 1,Tháng Ba,31,20110331,1,1,1,1
89,122,2011,Qtr 2,Tháng Năm,1,20110501,1,1,1,1
89,183,2011,Qtr 2,Tháng Năm,31,20110531,1,1,1,1
89,181,2011,Qtr 3,Tháng Bảy,1,20110701,1,1,1,1
89,151,2011,Qtr 3,Tháng Tám,1,20110801,1,1,1,1
89,144,2011,Qtr 3,Tháng Tám,29,20110829,1,1,1,1
89,204,2011,Qtr 3,Tháng Chín,29,20110929,1,1,1,1
89,82.9,2011,Qtr 4,Tháng Mười,29,20111029,1,1,1,1
89,208,2011,Qtr 4,Tháng Mười Một,29,20111129,1,1,1,1
89,212,2011,Qtr 4,Tháng Mười Hai,29,20111229,1,1,1,1
89,142,2012,Qtr 1,Tháng Giêng,29,20120129,1,1,1,1
89,77.36,2012,Qtr 1,Tháng Hai,29,20120229,1,1,1,1
89,176,2012,Qtr 1,Tháng Ba,30,20120330,1,1,1,1
89,346,2012,Qtr 2,Tháng Tư,30,20120430,1,1,1,1
89,85.87,2012,Qtr 2,Tháng Năm,30,20120530,1,1,1,1
89,178,2012,Qtr 2,Tháng Sáu,30,20120630,1,1,1,1
89,325,2012,Qtr 3,Tháng Bảy,31,20120731,1,1,1,1
89,39.06,2012,Qtr 3,Tháng Tám,28,20120828,1,1,1,1
89,164,2012,Qtr 3,Tháng Chín,28,20120928,1,1,1,1
89,148,2012,Qtr 4,Tháng Mười,28,20121028,1,1,1,1
89,325,2012,Qtr 4,Tháng Mười Một,28,20121128,1,1,1,1
89,235,2012,Qtr 4,Tháng Mười Hai,28,20121228,1,1,1,1
89,390,2013,Qtr 1,Tháng Giêng,28,20130128,1,1,1,1
89,454,2013,Qtr 1,Tháng Hai,28,20130228,1,1,1,1
89,468,2013,Qtr 1,Tháng Ba,30,20130330,1,1,1,1
89,273,2013,Qtr 2,Tháng Tư,30,20130430,1,1,1,1
89,202,2013,Qtr 2,Tháng Năm,30,20130530,1,1,1,1
89,231,2013,Qtr 2,Tháng Sáu,30,20130630,1,1,1,1
89,381,2013,Qtr 3,Tháng Bảy,31,20130731,1,1,1,1
89,421,2013,Qtr 3,Tháng Tám,29,20130829,1,1,1,1
89,328,2013,Qtr 3,Tháng Chín,29,20130929,1,1,1,1
89,515,2013,Qtr 4,Tháng Mười,29,20131029,1,1,1,1
89,424,2013,Qtr 4,Tháng Mười Một,29,20131129,1,1,1,1
90,160.18,2010,Qtr 4,Tháng Mười Hai,29,20101229,1,1,1,1
90,386,2011,Qtr 1,Tháng Giêng,29,20110129,1,1,1,1
90,92,2011,Qtr 1,Tháng Ba,1,20110301,1,1,1,1
90,338,2011,Qtr 1,Tháng Ba,31,20110331,1,1,1,1
90,280,2011,Qtr 2,Tháng Năm,1,20110501,1,1,1,1
90,280,2011,Qtr 2,Tháng Năm,31,20110531,1,1,1,1
90,278,2011,Qtr 3,Tháng Bảy,1,20110701,1,1,1,1
90,81,2011,Qtr 3,Tháng Tám,1,20110801,1,1,1,1
90,220,2011,Qtr 3,Tháng Tám,29,20110829,1,1,1,1
90,313,2011,Qtr 3,Tháng Chín,29,20110929,1,1,1,1
90,125.33,2011,Qtr 4,Tháng Mười,29,20111029,1,1,1,1
90,320,2011,Qtr 4,Tháng Mười Một,29,20111129,1,1,1,1
90,326,2011,Qtr 4,Tháng Mười Hai,29,20111229,1,1,1,1
90,58,2012,Qtr 1,Tháng Giêng,29,20120129,1,1,1,1
90,58.21,2012,Qtr 1,Tháng Hai,29,20120229,1,1,1,1
90,133,2012,Qtr 1,Tháng Ba,30,20120330,1,1,1,1
90,532,2012,Qtr 2,Tháng Tư,30,20120430,1,1,1,1
90,66.72,2012,Qtr 2,Tháng Năm,30,20120530,1,1,1,1
90,124,2012,Qtr 2,Tháng Sáu,30,20120630,1,1,1,1
90,499,2012,Qtr 3,Tháng Bảy,31,20120731,1,1,1,1
90,59.27,2012,Qtr 3,Tháng Tám,28,20120828,1,1,1,1
90,252,2012,Qtr 3,Tháng Chín,28,20120928,1,1,1,1
90,54,2012,Qtr 4,Tháng Mười,28,20121028,1,1,1,1
90,499,2012,Qtr 4,Tháng Mười Một,28,20121128,1,1,1,1
90,115,2012,Qtr 4,Tháng Mười Hai,28,20121228,1,1,1,1
90,600,2013,Qtr 1,Tháng Giêng,28,20130128,1,1,1,1
90,699,2013,Qtr 1,Tháng Hai,28,20130228,1,1,1,1
90,720,2013,Qtr 1,Tháng Ba,30,20130330,1,1,1,1
90,420,2013,Qtr 2,Tháng Tư,30,20130430,1,1,1,1
90,712,2013,Qtr 2,Tháng Năm,30,20130530,1,1,1,1
90,585,2013,Qtr 2,Tháng Sáu,30,20130630,1,1,1,1
90,585,2013,Qtr 3,Tháng Bảy,31,20130731,1,1,1,1
90,646,2013,Qtr 3,Tháng Tám,29,20130829,1,1,1,1
90,504,2013,Qtr 3,Tháng Chín,29,20130929,1,1,1,1
90,792,2013,Qtr 4,Tháng Mười,29,20131029,1,1,1,1
90,653,2013,Qtr 4,Tháng Mười Một,29,20131129,1,1,1,1
91,-126.19,2010,Qtr 4,Tháng Mười Hai,29,20101229,1,1,1,1
91,-309,2011,Qtr 1,Tháng Giêng,29,20110129,1,1,1,1
91,-151,2011,Qtr 1,Tháng Ba,1,20110301,1,1,1,1
91,-270,2011,Qtr 1,Tháng Ba,31,20110331,1,1,1,1
91,-149,2011,Qtr 2,Tháng Năm,1,20110501,1,1,1,1
91,-224,2011,Qtr 2,Tháng Năm,31,20110531,1,1,1,1
91,-222,2011,Qtr 3,Tháng Bảy,1,20110701,1,1,1,1
91,-186,2011,Qtr 3,Tháng Tám,1,20110801,1,1,1,1
91,-176,2011,Qtr 3,Tháng Tám,29,20110829,1,1,1,1
91,-250,2011,Qtr 3,Tháng Chín,29,20110929,1,1,1,1
91,-98.92,2011,Qtr 4,Tháng Mười,29,20111029,1,1,1,1
91,-256,2011,Qtr 4,Tháng Mười Một,29,20111129,1,1,1,1
91,-261,2011,Qtr 4,Tháng Mười Hai,29,20111229,1,1,1,1
91,-174,2012,Qtr 1,Tháng Giêng,29,20120129,1,1,1,1
91,-93.92,2012,Qtr 1,Tháng Hai,29,20120229,1,1,1,1
91,-216,2012,Qtr 1,Tháng Ba,30,20120330,1,1,1,1
91,-426,2012,Qtr 2,Tháng Tư,30,20120430,1,1,1,1
91,-103.49,2012,Qtr 2,Tháng Năm,30,20120530,1,1,1,1
91,-218,2012,Qtr 2,Tháng Sáu,30,20120630,1,1,1,1
91,-399,2012,Qtr 3,Tháng Bảy,31,20120731,1,1,1,1
91,-46.05,2012,Qtr 3,Tháng Tám,28,20120828,1,1,1,1
91,-202,2012,Qtr 3,Tháng Chín,28,20120928,1,1,1,1
91,-181,2012,Qtr 4,Tháng Mười,28,20121028,1,1,1,1
91,-399,2012,Qtr 4,Tháng Mười Một,28,20121128,1,1,1,1
91,-290,2012,Qtr 4,Tháng Mười Hai,28,20121228,1,1,1,1
91,-480,2013,Qtr 1,Tháng Giêng,28,20130128,1,1,1,1
91,-559,2013,Qtr 1,Tháng Hai,28,20130228,1,1,1,1
91,-576,2013,Qtr 1,Tháng Ba,30,20130330,1,1,1,1
91,-336,2013,Qtr 2,Tháng Tư,30,20130430,1,1,1,1
91,-248,2013,Qtr 2,Tháng Năm,30,20130530,1,1,1,1
91,-283,2013,Qtr 2,Tháng Sáu,30,20130630,1,1,1,1
91,-468,2013,Qtr 3,Tháng Bảy,31,20130731,1,1,1,1
91,-517,2013,Qtr 3,Tháng Tám,29,20130829,1,1,1,1
91,-403,2013,Qtr 3,Tháng Chín,29,20130929,1,1,1,1
91,-634,2013,Qtr 4,Tháng Mười,29,20131029,1,1,1,1
91,-522,2013,Qtr 4,Tháng Mười Một,29,20131129,1,1,1,1
92,213.21,2010,Qtr 4,Tháng Mười Hai,29,20101229,1,1,1,1
92,514,2011,Qtr 1,Tháng Giêng,29,20110129,1,1,1,1
92,123,2011,Qtr 1,Tháng Ba,1,20110301,1,1,1,1
92,451,2011,Qtr 1,Tháng Ba,31,20110331,1,1,1,1
92,374,2011,Qtr 2,Tháng Năm,1,20110501,1,1,1,1
92,374,2011,Qtr 2,Tháng Năm,31,20110531,1,1,1,1
92,371,2011,Qtr 3,Tháng Bảy,1,20110701,1,1,1,1
92,108,2011,Qtr 3,Tháng Tám,1,20110801,1,1,1,1
92,294,2011,Qtr 3,Tháng Tám,29,20110829,1,1,1,1
92,418,2011,Qtr 3,Tháng Chín,29,20110929,1,1,1,1
92,167.75,2011,Qtr 4,Tháng Mười,29,20111029,1,1,1,1
92,426,2011,Qtr 4,Tháng Mười Một,29,20111129,1,1,1,1
92,-11239.2,2011,Qtr 4,Tháng Mười Hai,28,20111228,1,1,1,1
92,435,2011,Qtr 4,Tháng Mười Hai,29,20111229,1,1,1,1
92,77,2012,Qtr 1,Tháng Giêng,29,20120129,1,1,1,1
92,77.36,2012,Qtr 1,Tháng Hai,29,20120229,1,1,1,1
92,177,2012,Qtr 1,Tháng Ba,30,20120330,1,1,1,1
92,710,2012,Qtr 2,Tháng Tư,30,20120430,1,1,1,1
92,89.06,2012,Qtr 2,Tháng Năm,30,20120530,1,1,1,1
92,166,2012,Qtr 2,Tháng Sáu,30,20120630,1,1,1,1
92,666,2012,Qtr 3,Tháng Bảy,31,20120731,1,1,1,1
92,78.42,2012,Qtr 3,Tháng Tám,28,20120828,1,1,1,1
92,336,2012,Qtr 3,Tháng Chín,28,20120928,1,1,1,1
92,72,2012,Qtr 4,Tháng Mười,28,20121028,1,1,1,1
92,666,2012,Qtr 4,Tháng Mười Một,28,20121128,1,1,1,1
92,-11799.9,2012,Qtr 4,Tháng Mười Hai,27,20121227,1,1,1,1
92,153,2012,Qtr 4,Tháng Mười Hai,28,20121228,1,1,1,1
92,800,2013,Qtr 1,Tháng Giêng,28,20130128,1,1,1,1
92,932,2013,Qtr 1,Tháng Hai,28,20130228,1,1,1,1
92,960,2013,Qtr 1,Tháng Ba,30,20130330,1,1,1,1
92,560,2013,Qtr 2,Tháng Tư,30,20130430,1,1,1,1
92,950,2013,Qtr 2,Tháng Năm,30,20130530,1,1,1,1
92,781,2013,Qtr 2,Tháng Sáu,30,20130630,1,1,1,1
92,781,2013,Qtr 3,Tháng Bảy,31,20130731,1,1,1,1
92,862,2013,Qtr 3,Tháng Tám,29,20130829,1,1,1,1
92,672,2013,Qtr 3,Tháng Chín,29,20130929,1,1,1,1
92,1056,2013,Qtr 4,Tháng Mười,29,20131029,1,1,1,1
92,871,2013,Qtr 4,Tháng Mười Một,29,20131129,1,1,1,1
92,945,2013,Qtr 4,Tháng Mười Hai,28,20131228,1,1,1,1
93,24633,2011,Qtr 4,Tháng Mười Hai,28,20111228,1,1,1,1
93,10122,2012,Qtr 4,Tháng Mười Hai,27,20121227,1,1,1,1
93,-24148,2013,Qtr 4,Tháng Mười Hai,28,20131228,1,1,1,1
94,17008.97,2010,Qtr 4,Tháng Mười Hai,29,20101229,1,1,1,1
94,228,2011,Qtr 1,Tháng Giêng,29,20110129,1,1,1,1
94,7822,2011,Qtr 1,Tháng Ba,1,20110301,1,1,1,1
94,222,2011,Qtr 1,Tháng Ba,31,20110331,1,1,1,1
94,9518,2011,Qtr 2,Tháng Năm,1,20110501,1,1,1,1
94,194,2011,Qtr 2,Tháng Năm,31,20110531,1,1,1,1
94,7392,2011,Qtr 3,Tháng Bảy,1,20110701,1,1,1,1
94,8246,2011,Qtr 3,Tháng Tám,1,20110801,1,1,1,1
94,7230,2011,Qtr 3,Tháng Tám,29,20110829,1,1,1,1
94,204,2011,Qtr 3,Tháng Chín,29,20110929,1,1,1,1
94,145.02,2011,Qtr 4,Tháng Mười,29,20111029,1,1,1,1
94,206,2011,Qtr 4,Tháng Mười Một,29,20111129,1,1,1,1
94,16824,2011,Qtr 4,Tháng Mười Hai,29,20111229,1,1,1,1
94,25826,2012,Qtr 1,Tháng Giêng,29,20120129,1,1,1,1
94,6021.08,2012,Qtr 1,Tháng Hai,29,20120229,1,1,1,1
94,12573,2012,Qtr 1,Tháng Ba,30,20120330,1,1,1,1
94,163,2012,Qtr 2,Tháng Tư,30,20120430,1,1,1,1
94,3245.5,2012,Qtr 2,Tháng Năm,30,20120530,1,1,1,1
94,9163,2012,Qtr 2,Tháng Sáu,30,20120630,1,1,1,1
94,151,2012,Qtr 3,Tháng Bảy,31,20120731,1,1,1,1
94,2500.81,2012,Qtr 3,Tháng Tám,28,20120828,1,1,1,1
94,290,2012,Qtr 3,Tháng Chín,28,20120928,1,1,1,1
94,45207,2012,Qtr 4,Tháng Mười,28,20121028,1,1,1,1
94,151,2012,Qtr 4,Tháng Mười Một,28,20121128,1,1,1,1
94,3293,2012,Qtr 4,Tháng Mười Hai,28,20121228,1,1,1,1
94,3589,2013,Qtr 1,Tháng Giêng,28,20130128,1,1,1,1
94,4107,2013,Qtr 1,Tháng Hai,28,20130228,1,1,1,1
94,2019,2013,Qtr 1,Tháng Ba,30,20130330,1,1,1,1
94,401,2013,Qtr 2,Tháng Tư,30,20130430,1,1,1,1
94,39746,2013,Qtr 2,Tháng Năm,30,20130530,1,1,1,1
94,1332,2013,Qtr 2,Tháng Sáu,30,20130630,1,1,1,1
94,50,2013,Qtr 3,Tháng Bảy,31,20130731,1,1,1,1
94,54,2013,Qtr 3,Tháng Tám,29,20130829,1,1,1,1
94,47,2013,Qtr 3,Tháng Chín,29,20130929,1,1,1,1
94,60,2013,Qtr 4,Tháng Mười,29,20131029,1,1,1,1
94,54,2013,Qtr 4,Tháng Mười Một,29,20131129,1,1,1,1
96,4,2010,Qtr 4,Tháng Mười Hai,29,20101229,1,1,1,1
96,11,2011,Qtr 1,Tháng Giêng,29,20110129,1,1,1,1
96,3,2011,Qtr 1,Tháng Ba,1,20110301,1,1,1,1
96,12,2011,Qtr 1,Tháng Ba,31,20110331,1,1,1,1
96,11,2011,Qtr 2,Tháng Năm,1,20110501,1,1,1,1
96,11,2011,Qtr 2,Tháng Năm,31,20110531,1,1,1,1
96,8,2011,Qtr 3,Tháng Bảy,1,20110701,1,1,1,1
96,3,2011,Qtr 3,Tháng Tám,1,20110801,1,1,1,1
96,8,2011,Qtr 3,Tháng Tám,29,20110829,1,1,1,1
96,11,2011,Qtr 3,Tháng Chín,29,20110929,1,1,1,1
96,3,2011,Qtr 4,Tháng Mười,29,20111029,1,1,1,1
96,11,2011,Qtr 4,Tháng Mười Một,29,20111129,1,1,1,1
96,11,2011,Qtr 4,Tháng Mười Hai,29,20111229,1,1,1,1
96,2,2012,Qtr 1,Tháng Giêng,29,20120129,1,1,1,1
96,4,2012,Qtr 1,Tháng Hai,29,20120229,1,1,1,1
96,4,2012,Qtr 1,Tháng Ba,30,20120330,1,1,1,1
96,16,2012,Qtr 2,Tháng Tư,30,20120430,1,1,1,1
96,5,2012,Qtr 2,Tháng Năm,30,20120530,1,1,1,1
96,4,2012,Qtr 2,Tháng Sáu,30,20120630,1,1,1,1
96,15,2012,Qtr 3,Tháng Bảy,31,20120731,1,1,1,1
96,2,2012,Qtr 3,Tháng Tám,28,20120828,1,1,1,1
96,10,2012,Qtr 3,Tháng Chín,28,20120928,1,1,1,1
96,2,2012,Qtr 4,Tháng Mười,28,20121028,1,1,1,1
96,15,2012,Qtr 4,Tháng Mười Một,28,20121128,1,1,1,1
96,4,2012,Qtr 4,Tháng Mười Hai,28,20121228,1,1,1,1
96,20,2013,Qtr 1,Tháng Giêng,28,20130128,1,1,1,1
96,22,2013,Qtr 1,Tháng Hai,28,20130228,1,1,1,1
96,20,2013,Qtr 1,Tháng Ba,30,20130330,1,1,1,1
96,14,2013,Qtr 2,Tháng Tư,30,20130430,1,1,1,1
96,22,2013,Qtr 2,Tháng Năm,30,20130530,1,1,1,1
96,21,2013,Qtr 2,Tháng Sáu,30,20130630,1,1,1,1
96,21,2013,Qtr 3,Tháng Bảy,31,20130731,1,1,1,1
96,22,2013,Qtr 3,Tháng Tám,29,20130829,1,1,1,1
96,21,2013,Qtr 3,Tháng Chín,29,20130929,1,1,1,1
96,22,2013,Qtr 4,Tháng Mười,29,20131029,1,1,1,1
96,22,2013,Qtr 4,Tháng Mười Một,29,20131129,1,1,1,1
97,226,2010,Qtr 4,Tháng Mười Hai,29,20101229,1,1,1,1
97,177,2011,Qtr 1,Tháng Giêng,29,20110129,1,1,1,1
97,229,2011,Qtr 1,Tháng Ba,1,20110301,1,1,1,1
97,180,2011,Qtr 1,Tháng Ba,31,20110331,1,1,1,1
97,267,2011,Qtr 2,Tháng Năm,1,20110501,1,1,1,1
97,230,2011,Qtr 2,Tháng Năm,31,20110531,1,1,1,1
97,149,2011,Qtr 3,Tháng Bảy,1,20110701,1,1,1,1
97,200,2011,Qtr 3,Tháng Tám,1,20110801,1,1,1,1
97,212,2011,Qtr 3,Tháng Tám,29,20110829,1,1,1,1
97,222,2011,Qtr 3,Tháng Chín,29,20110929,1,1,1,1
97,618,2011,Qtr 4,Tháng Mười,29,20111029,1,1,1,1
97,292,2011,Qtr 4,Tháng Mười Một,29,20111129,1,1,1,1
97,1281,2011,Qtr 4,Tháng Mười Hai,29,20111229,1,1,1,1
97,1324,2012,Qtr 1,Tháng Giêng,29,20120129,1,1,1,1
97,34,2012,Qtr 1,Tháng Hai,29,20120229,1,1,1,1
97,950,2012,Qtr 1,Tháng Ba,30,20120330,1,1,1,1
97,990,2012,Qtr 2,Tháng Tư,30,20120430,1,1,1,1
97,19,2012,Qtr 2,Tháng Năm,30,20120530,1,1,1,1
97,570,2012,Qtr 2,Tháng Sáu,30,20120630,1,1,1,1
97,714,2012,Qtr 3,Tháng Bảy,31,20120731,1,1,1,1
97,107,2012,Qtr 3,Tháng Tám,28,20120828,1,1,1,1
97,996,2012,Qtr 3,Tháng Chín,28,20120928,1,1,1,1
97,1059,2012,Qtr 4,Tháng Mười,28,20121028,1,1,1,1
97,18,2012,Qtr 4,Tháng Mười Một,28,20121128,1,1,1,1
97,1195,2012,Qtr 4,Tháng Mười Hai,28,20121228,1,1,1,1
97,1429,2013,Qtr 1,Tháng Giêng,28,20130128,1,1,1,1
97,1631,2013,Qtr 1,Tháng Hai,28,20130228,1,1,1,1
97,944,2013,Qtr 1,Tháng Ba,30,20130330,1,1,1,1
97,996,2013,Qtr 2,Tháng Tư,30,20130430,1,1,1,1
97,1069,2013,Qtr 2,Tháng Năm,30,20130530,1,1,1,1
97,522,2013,Qtr 2,Tháng Sáu,30,20130630,1,1,1,1
97,540,2013,Qtr 3,Tháng Bảy,31,20130731,1,1,1,1
97,747,2013,Qtr 3,Tháng Tám,29,20130829,1,1,1,1
97,819,2013,Qtr 3,Tháng Chín,29,20130929,1,1,1,1
97,925,2013,Qtr 4,Tháng Mười,29,20131029,1,1,1,1
97,1136,2013,Qtr 4,Tháng Mười Một,29,20131129,1,1,1,1
99,34500,2010,Qtr 4,Tháng Mười Hai,29,20101229,1,1,1,1
99,63000,2011,Qtr 1,Tháng Giêng,29,20110129,1,1,1,1
99,45000,2011,Qtr 1,Tháng Ba,1,20110301,1,1,1,1
99,45000,2011,Qtr 1,Tháng Ba,31,20110331,1,1,1,1
99,45000,2011,Qtr 2,Tháng Năm,1,20110501,1,1,1,1
99,34500,2011,Qtr 2,Tháng Năm,31,20110531,1,1,1,1
99,45000,2011,Qtr 3,Tháng Bảy,1,20110701,1,1,1,1
99,45000,2011,Qtr 3,Tháng Tám,1,20110801,1,1,1,1
99,45000,2011,Qtr 3,Tháng Tám,29,20110829,1,1,1,1
99,63000,2011,Qtr 3,Tháng Chín,29,20110929,1,1,1,1
99,34500,2011,Qtr 4,Tháng Mười,29,20111029,1,1,1,1
99,45000,2011,Qtr 4,Tháng Mười Một,29,20111129,1,1,1,1
99,45000,2011,Qtr 4,Tháng Mười Hai,29,20111229,1,1,1,1
99,45000,2012,Qtr 1,Tháng Giêng,29,20120129,1,1,1,1
99,35000,2012,Qtr 1,Tháng Hai,29,20120229,1,1,1,1
99,45000,2012,Qtr 1,Tháng Ba,30,20120330,1,1,1,1
99,45000,2012,Qtr 2,Tháng Tư,30,20120430,1,1,1,1
99,35000,2012,Qtr 2,Tháng Năm,30,20120530,1,1,1,1
99,45000,2012,Qtr 2,Tháng Sáu,30,20120630,1,1,1,1
99,63000,2012,Qtr 3,Tháng Bảy,31,20120731,1,1,1,1
99,35000,2012,Qtr 3,Tháng Tám,28,20120828,1,1,1,1
99,45000,2012,Qtr 3,Tháng Chín,28,20120928,1,1,1,1
99,52000,2012,Qtr 4,Tháng Mười,28,20121028,1,1,1,1
99,27000,2012,Qtr 4,Tháng Mười Một,28,20121128,1,1,1,1
99,52000,2012,Qtr 4,Tháng Mười Hai,28,20121228,1,1,1,1
99,52000,2013,Qtr 1,Tháng Giêng,28,20130128,1,1,1,1
99,52000,2013,Qtr 1,Tháng Hai,28,20130228,1,1,1,1
99,52000,2013,Qtr 1,Tháng Ba,30,20130330,1,1,1,1
99,52000,2013,Qtr 2,Tháng Tư,30,20130430,1,1,1,1
99,52000,2013,Qtr 2,Tháng Năm,30,20130530,1,1,1,1
99,63000,2013,Qtr 2,Tháng Sáu,30,20130630,1,1,1,1
99,63000,2013,Qtr 3,Tháng Bảy,31,20130731,1,1,1,1
99,63000,2013,Qtr 3,Tháng Tám,29,20130829,1,1,1,1
99,63000,2013,Qtr 3,Tháng Chín,29,20130929,1,1,1,1
99,63000,2013,Qtr 4,Tháng Mười,29,20131029,1,1,1,1
99,63000,2013,Qtr 4,Tháng Mười Một,29,20131129,1,1,1,1
100,15668.04,2010,Qtr 4,Tháng Mười Hai,29,20101229,1,1,1,1
100,20246,2011,Qtr 1,Tháng Giêng,29,20110129,1,1,1,1
100,20028,2011,Qtr 1,Tháng Ba,1,20110301,1,1,1,1
100,23076,2011,Qtr 1,Tháng Ba,31,20110331,1,1,1,1
100,20028,2011,Qtr 2,Tháng Năm,1,20110501,1,1,1,1
100,18635,2011,Qtr 2,Tháng Năm,31,20110531,1,1,1,1
100,23729,2011,Qtr 3,Tháng Bảy,1,20110701,1,1,1,1
100,18286,2011,Qtr 3,Tháng Tám,1,20110801,1,1,1,1
100,12800,2011,Qtr 3,Tháng Tám,29,20110829,1,1,1,1
100,17590,2011,Qtr 3,Tháng Chín,29,20110929,1,1,1,1
100,19593,2011,Qtr 4,Tháng Mười,29,20111029,1,1,1,1
100,18460,2011,Qtr 4,Tháng Mười Một,29,20111129,1,1,1,1
100,17829,2011,Qtr 4,Tháng Mười Hai,29,20111229,1,1,1,1
100,28301,2012,Qtr 1,Tháng Giêng,29,20120129,1,1,1,1
100,27734,2012,Qtr 1,Tháng Hai,29,20120229,1,1,1,1
100,31131,2012,Qtr 1,Tháng Ba,30,20120330,1,1,1,1
100,24452,2012,Qtr 2,Tháng Tư,30,20120430,1,1,1,1
100,27168,2012,Qtr 2,Tháng Năm,30,20120530,1,1,1,1
100,29716,2012,Qtr 2,Tháng Sáu,30,20120630,1,1,1,1
100,27734,2012,Qtr 3,Tháng Bảy,31,20120731,1,1,1,1
100,27734,2012,Qtr 3,Tháng Tám,28,20120828,1,1,1,1
100,26885,2012,Qtr 3,Tháng Chín,28,20120928,1,1,1,1
100,28584,2012,Qtr 4,Tháng Mười,28,20121028,1,1,1,1
100,6382.79,2012,Qtr 4,Tháng Mười Một,28,20121128,1,1,1,1
100,35267,2012,Qtr 4,Tháng Mười Hai,28,20121228,1,1,1,1
100,36442,2013,Qtr 1,Tháng Giêng,28,20130128,1,1,1,1
100,35267,2013,Qtr 1,Tháng Hai,28,20130228,1,1,1,1
100,36442,2013,Qtr 1,Tháng Ba,30,20130330,1,1,1,1
100,41929,2013,Qtr 2,Tháng Tư,30,20130430,1,1,1,1
100,39969,2013,Qtr 2,Tháng Năm,30,20130530,1,1,1,1
100,42320,2013,Qtr 2,Tháng Sáu,30,20130630,1,1,1,1
100,37226,2013,Qtr 3,Tháng Bảy,31,20130731,1,1,1,1
100,35659,2013,Qtr 3,Tháng Tám,29,20130829,1,1,1,1
100,35267,2013,Qtr 3,Tháng Chín,29,20130929,1,1,1,1
100,39969,2013,Qtr 4,Tháng Mười,29,20131029,1,1,1,1
100,41537,2013,Qtr 4,Tháng Mười Một,29,20131129,1,1,1,1
101,241800,2010,Qtr 4,Tháng Mười Hai,29,20101229,1,1,1,2
101,156600,2011,Qtr 1,Tháng Giêng,29,20110129,1,1,1,2
101,190900,2011,Qtr 1,Tháng Ba,1,20110301,1,1,1,2
101,129439,2011,Qtr 1,Tháng Ba,31,20110331,1,1,1,1
101,208944,2011,Qtr 2,Tháng Năm,1,20110501,1,1,1,1
101,272800,2011,Qtr 2,Tháng Năm,31,20110531,1,1,1,2
101,148905,2011,Qtr 3,Tháng Bảy,1,20110701,1,1,1,1
101,215200,2011,Qtr 3,Tháng Tám,1,20110801,1,1,1,2
101,169200,2011,Qtr 3,Tháng Tám,29,20110829,1,1,1,2
101,255400,2011,Qtr 3,Tháng Chín,29,20110929,1,1,1,2
101,665200,2011,Qtr 4,Tháng Mười,29,20111029,1,1,1,2
101,237600,2011,Qtr 4,Tháng Mười Một,29,20111129,1,1,1,2
101,509046,2011,Qtr 4,Tháng Mười Hai,29,20111229,1,1,1,1
101,602808,2012,Qtr 1,Tháng Giêng,29,20120129,1,1,1,1
101,5557.25,2012,Qtr 1,Tháng Hai,29,20120229,1,1,1,1
101,415066,2012,Qtr 1,Tháng Ba,30,20120330,1,1,1,1
101,527925,2012,Qtr 2,Tháng Tư,30,20120430,1,1,1,1
101,1300.78,2012,Qtr 2,Tháng Năm,30,20120530,1,1,1,1
101,326736,2012,Qtr 2,Tháng Sáu,30,20120630,1,1,1,1
101,323453,2012,Qtr 3,Tháng Bảy,31,20120731,1,1,1,1
101,1776.32,2012,Qtr 3,Tháng Tám,28,20120828,1,1,1,1
101,482263,2012,Qtr 3,Tháng Chín,28,20120928,1,1,1,1
101,461698,2012,Qtr 4,Tháng Mười,28,20121028,1,1,1,1
101,1457.17,2012,Qtr 4,Tháng Mười Một,28,20121128,1,1,1,1
101,319739,2012,Qtr 4,Tháng Mười Hai,28,20121228,1,1,1,1
101,419318,2013,Qtr 1,Tháng Giêng,28,20130128,1,1,1,1
101,513368,2013,Qtr 1,Tháng Hai,28,20130228,1,1,1,1
101,290998,2013,Qtr 1,Tháng Ba,30,20130330,1,1,1,1
101,270952,2013,Qtr 2,Tháng Tư,30,20130430,1,1,1,1
101,542828,2013,Qtr 2,Tháng Năm,30,20130530,1,1,1,1
101,197890,2013,Qtr 2,Tháng Sáu,30,20130630,1,1,1,1
101,335496,2013,Qtr 3,Tháng Bảy,31,20130731,1,1,1,1
101,484913,2013,Qtr 3,Tháng Tám,29,20130829,1,1,1,1
101,468192,2013,Qtr 3,Tháng Chín,29,20130929,1,1,1,1
101,448588,2013,Qtr 4,Tháng Mười,29,20131029,1,1,1,1
101,532500,2013,Qtr 4,Tháng Mười Một,29,20131129,1,1,1,1
